word,categories
abandon,"afinn_negative, nrc_fear, nrc_negative, nrc_sadness, vader_negative"
abandoned,"afinn_negative, loneliness_isolation, nrc_anger, nrc_fear, nrc_negative, nrc_sadness, sadness_extended, vader_very_negative"
abandonment,"nrc_anger, nrc_fear, nrc_negative, nrc_sadness, nrc_surprise, vader_very_negative"
abandons,"afinn_negative, vader_negative"
abducted,"afinn_negative, vader_very_negative"
abduction,"afinn_negative, nrc_fear, nrc_negative, nrc_sadness, nrc_surprise, vader_very_negative"
abductions,"afinn_negative, vader_very_negative"
abhor,"afinn_very_negative, nrc_anger, nrc_disgust, nrc_fear, nrc_negative, vader_very_negative"
abhorred,"afinn_very_negative, vader_very_negative"
abhorrent,"afinn_very_negative, disgust_extended, nrc_anger, nrc_disgust, nrc_fear, nrc_negative, vader_very_negative"
abhors,"afinn_very_negative, vader_very_negative"
abilities,"afinn_positive, vader_positive"
ability,"afinn_positive, nrc_positive, vader_positive"
aboard,"afinn_positive, vader_positive"
absentee,"afinn_negative, nrc_negative, nrc_sadness, vader_negative"
absentees,"afinn_negative, vader_negative"
absolve,"afinn_positive, vader_positive"
absolved,"afinn_positive, vader_positive"
absolves,"afinn_positive, vader_positive"
absolving,"afinn_positive, vader_positive"
absorbed,"afinn_positive, nrc_positive"
abuse,"afinn_very_negative, nrc_anger, nrc_disgust, nrc_fear, nrc_negative, nrc_sadness, vader_very_negative"
abused,"afinn_very_negative, vader_very_negative"
abuses,"afinn_very_negative, vader_very_negative"
abusing,"afinn_very_negative, vader_very_negative"
abusive,"afinn_very_negative, vader_very_negative"
accept,"afinn_positive, vader_positive"
acceptable,"afinn_positive, nrc_positive, vader_positive"
acceptance,"afinn_positive, nrc_positive, vader_very_positive"
accepted,"afinn_positive, vader_positive"
accepting,"afinn_positive, vader_positive"
accepts,"afinn_positive, vader_positive"
accessible,"afinn_positive, nrc_positive"
accident,"afinn_negative, nrc_fear, nrc_negative, nrc_sadness, nrc_surprise, vader_very_negative"
accidental,"afinn_negative, nrc_fear, nrc_negative, nrc_surprise, vader_negative"
accidentally,"afinn_negative, nrc_surprise, vader_negative"
accidents,"afinn_negative, vader_negative"
accolade,"afinn_positive, nrc_anticipation, nrc_joy, nrc_positive, nrc_surprise, nrc_trust"
accomplish,"afinn_positive, nrc_joy, nrc_positive, vader_positive"
accomplished,"afinn_positive, nrc_joy, nrc_positive, pride_confidence, vader_positive"
accomplishes,"afinn_positive, vader_positive"
accomplishment,"afinn_positive, nrc_positive"
accusation,"afinn_negative, nrc_anger, nrc_disgust, nrc_negative, vader_negative"
accusations,"afinn_negative, vader_negative"
accuse,"afinn_negative, vader_negative"
accused,"afinn_negative, nrc_anger, nrc_fear, nrc_negative, vader_negative"
accuses,"afinn_negative, vader_negative"
accusing,"afinn_negative, nrc_anger, nrc_fear, nrc_negative, vader_negative"
ache,"afinn_negative, nrc_negative, nrc_sadness, vader_negative"
achievable,"afinn_positive, vader_positive"
aching,"afinn_negative, nrc_negative, nrc_sadness, vader_very_negative"
acquit,"afinn_positive, vader_positive"
acquits,"afinn_positive, vader_positive"
acquitted,"afinn_positive, vader_positive"
acquitting,"afinn_positive, vader_positive"
acrimonious,"afinn_very_negative, vader_negative"
active,"afinn_positive, vader_positive"
adequate,"afinn_positive, vader_positive"
admirable,"nrc_joy, nrc_positive, nrc_trust, vader_very_positive"
admiral,"nrc_positive, nrc_trust, vader_positive"
admiration,"nrc_joy, nrc_positive, nrc_trust, vader_very_positive"
admire,"afinn_very_positive, nrc_positive, nrc_trust, vader_very_positive"
admired,"afinn_very_positive, pride_confidence, vader_very_positive"
admirer,"nrc_positive, vader_positive"
admires,"afinn_very_positive, vader_positive"
admiring,"afinn_very_positive, vader_positive"
admit,"afinn_negative, vader_positive"
admits,"afinn_negative, vader_positive"
admitted,"afinn_negative, vader_positive"
admonished,"afinn_negative, vader_negative"
adopt,"afinn_positive, vader_positive"
adopts,"afinn_positive, vader_positive"
adorable,"afinn_very_positive, nrc_joy, nrc_positive, vader_very_positive"
adoration,"afinn_very_positive, nrc_joy, nrc_positive, nrc_trust, vader_very_positive"
adore,"afinn_very_positive, nrc_anticipation, nrc_joy, nrc_positive, nrc_trust, vader_very_positive"
adored,"afinn_very_positive, vader_positive"
adores,"afinn_very_positive, vader_positive"
adoring,"afinn_very_positive, love_affection, vader_very_positive"
adoringly,"afinn_very_positive, vader_very_positive"
advanced,"afinn_positive, nrc_positive, vader_positive"
advantage,"afinn_positive, nrc_positive, vader_positive"
advantageous,"afinn_positive, nrc_positive, vader_positive"
advantageously,"afinn_positive, vader_positive"
advantages,"afinn_positive, vader_positive"
adventure,"afinn_positive, nrc_anticipation, nrc_positive, vader_positive"
adventures,"afinn_positive, vader_positive"
adventurous,"afinn_positive, nrc_positive, vader_positive"
adversary,"afinn_negative, nrc_anger, nrc_negative, vader_negative"
adverse,"nrc_anger, nrc_disgust, nrc_fear, nrc_negative, nrc_sadness, vader_negative"
adversity,"nrc_anger, nrc_fear, nrc_negative, nrc_sadness, vader_negative"
advisable,"afinn_positive, nrc_positive, nrc_trust"
affected,"afinn_negative, vader_negative"
affection,"afinn_very_positive, nrc_joy, nrc_positive, nrc_trust, vader_very_positive"
affectionate,"afinn_very_positive, love_affection, vader_positive"
afflicted,"afinn_negative, nrc_negative, vader_negative"
affronted,"afinn_negative, vader_positive"
afraid,"afinn_negative, fear_extended, nrc_fear, nrc_negative"
aggravate,"afinn_negative, vader_very_negative"
aggravated,"afinn_negative, anger_extended, nrc_anger, nrc_negative, vader_negative"
aggravates,"afinn_negative, vader_negative"
aggravating,"afinn_negative, nrc_anger, nrc_negative, nrc_sadness, vader_negative"
aggression,"afinn_negative, nrc_anger, nrc_fear, nrc_negative, vader_negative"
aggressions,"afinn_negative, vader_negative"
aggressive,"afinn_negative, nrc_anger, nrc_fear, nrc_negative, vader_negative"
aggressiveness,"afinn_negative, vader_negative"
aggressor,"nrc_anger, nrc_fear, nrc_negative, vader_negative"
aghast,"afinn_negative, nrc_disgust, nrc_fear, nrc_negative, nrc_surprise, vader_negative"
agitated,"anger_extended, nrc_anger, nrc_negative, vader_very_negative"
agitation,"nrc_anger, nrc_negative, vader_negative"
agog,"afinn_positive, vader_positive"
agonise,"afinn_very_negative, vader_very_negative"
agonised,"afinn_very_negative, vader_very_negative"
agonises,"afinn_very_negative, vader_very_negative"
agonising,"afinn_very_negative, vader_negative"
agonize,"afinn_very_negative, vader_very_negative"
agonized,"afinn_very_negative, vader_very_negative"
agonizes,"afinn_very_negative, vader_very_negative"
agonizing,"afinn_very_negative, nrc_fear, nrc_negative, vader_very_negative"
agony,"nrc_anger, nrc_fear, nrc_negative, nrc_sadness, vader_negative"
agoraphobic,fear_extended
agree,"afinn_positive, nrc_positive, vader_positive"
agreeable,"afinn_positive, nrc_positive, nrc_trust, vader_positive"
agreed,"afinn_positive, nrc_positive, nrc_trust, vader_positive"
agreeing,"nrc_positive, nrc_trust, vader_positive"
agreement,"afinn_positive, nrc_positive, nrc_trust, vader_very_positive"
agrees,"afinn_positive, vader_positive"
alarm,"afinn_negative, nrc_fear, nrc_negative, nrc_surprise, vader_negative"
alarmed,"afinn_negative, fear_extended, vader_negative"
alarming,"nrc_fear, nrc_negative, nrc_surprise, vader_negative"
alarmists,"afinn_negative, vader_negative"
alas,"afinn_negative, vader_negative"
alert,"afinn_negative, vader_positive"
alienated,"loneliness_isolation, nrc_negative, nrc_sadness"
alienation,"afinn_negative, nrc_anger, nrc_disgust, nrc_fear, nrc_negative, nrc_sadness, vader_negative"
alive,"afinn_positive, joy_extended, nrc_anticipation, nrc_joy, nrc_positive, nrc_trust, vader_positive"
allegation,"afinn_negative, nrc_anger, nrc_negative"
allergic,"afinn_negative, vader_negative"
allow,"afinn_positive, vader_positive"
ally,"afinn_positive, nrc_positive, nrc_trust"
alone,"afinn_negative, loneliness_isolation, vader_negative"
amaze,"afinn_positive, nrc_surprise, vader_very_positive"
amazed,"afinn_positive, surprise_extended, vader_very_positive"
amazes,"afinn_positive, vader_very_positive"
amazing,"afinn_very_positive, joy_extended, vader_very_positive"
ambitious,"afinn_positive, vader_very_positive"
ambivalent,"afinn_negative, confusion_uncertainty, vader_positive"
amicable,"afinn_positive, nrc_joy, nrc_positive"
amortization,"nrc_trust, vader_positive"
amuse,"afinn_very_positive, nrc_joy, nrc_positive, vader_positive"
amused,"afinn_very_positive, joy_extended, nrc_joy, nrc_positive, vader_positive"
amusement,"afinn_very_positive, nrc_joy, nrc_positive, vader_positive"
amusements,"afinn_very_positive, vader_positive"
amusing,"nrc_joy, nrc_positive, vader_positive"
anger,"afinn_very_negative, nrc_anger, nrc_negative, vader_very_negative"
angered,"afinn_very_negative, vader_very_negative"
angers,"afinn_very_negative, vader_very_negative"
angry,"afinn_very_negative, anger_extended, nrc_anger, nrc_disgust, nrc_negative, vader_very_negative"
anguish,"afinn_very_negative, nrc_anger, nrc_fear, nrc_negative, nrc_sadness, vader_very_negative"
anguished,"afinn_very_negative, vader_negative"
animosity,"afinn_negative, nrc_anger, nrc_disgust, nrc_fear, nrc_negative, nrc_sadness, vader_negative"
annoy,"afinn_negative, nrc_anger, nrc_disgust, nrc_negative, vader_negative"
annoyance,"afinn_negative, nrc_anger, nrc_disgust, nrc_negative, vader_negative"
annoyed,"afinn_negative, anger_extended, vader_negative"
annoying,"afinn_negative, nrc_anger, nrc_negative, vader_negative"
annoys,"afinn_negative, vader_negative"
antagonism,"nrc_anger, nrc_negative, vader_negative"
antagonist,"nrc_anger, nrc_negative, vader_negative"
antagonistic,"afinn_negative, anger_extended, nrc_anger, nrc_disgust, nrc_negative, vader_negative"
anti,"afinn_negative, vader_negative"
anticipating,anticipation_extended
anticipation,"afinn_positive, nrc_anticipation, vader_positive"
anxiety,"afinn_negative, nrc_anger, nrc_anticipation, nrc_fear, nrc_negative, nrc_sadness, vader_negative"
anxious,"afinn_negative, anticipation_extended, fear_extended, nrc_anticipation, nrc_fear, nrc_negative, stress_anxiety, vader_negative"
apathetic,"afinn_very_negative, boredom_apathy, nrc_negative, nrc_sadness, vader_negative"
apathy,"afinn_very_negative, nrc_negative, nrc_sadness, vader_negative"
apeshit,"afinn_very_negative, vader_negative"
apocalyptic,"afinn_negative, vader_very_negative"
apologetic,"nrc_positive, nrc_trust, shame_guilt"
apologise,"afinn_negative, vader_positive"
apologised,"afinn_negative, vader_positive"
apologises,"afinn_negative, vader_positive"
apologising,"afinn_negative, vader_positive"
apologize,"afinn_negative, nrc_positive, nrc_sadness, nrc_trust, vader_positive"
apologized,"afinn_negative, vader_positive"
apologizes,"afinn_negative, vader_positive"
apologizing,"afinn_negative, vader_negative"
apology,"afinn_negative, nrc_positive, vader_positive"
appalled,"afinn_negative, disgust_extended, vader_very_negative"
appalling,"afinn_negative, nrc_disgust, nrc_fear, nrc_negative, vader_negative"
appease,"afinn_positive, vader_positive"
appeased,"afinn_positive, vader_positive"
appeases,"afinn_positive, vader_positive"
appeasing,"afinn_positive, vader_positive"
applaud,"afinn_positive, vader_very_positive"
applauded,"afinn_positive, vader_positive"
applauding,"afinn_positive, vader_very_positive"
applauds,"afinn_positive, vader_positive"
applause,"afinn_positive, nrc_joy, nrc_positive, nrc_surprise, nrc_trust, vader_positive"
appreciate,"afinn_positive, vader_positive"
appreciated,"afinn_positive, vader_very_positive"
appreciates,"afinn_positive, vader_very_positive"
appreciating,"afinn_positive, vader_positive"
appreciation,"afinn_positive, nrc_joy, nrc_positive, nrc_trust, vader_very_positive"
appreciative,"gratitude_appreciation, vader_very_positive"
apprehension,"nrc_fear, nrc_negative, vader_very_negative"
apprehensive,"afinn_negative, anticipation_extended, fear_extended, nrc_anticipation, nrc_fear, nrc_negative"
approval,"afinn_positive, nrc_positive, vader_very_positive"
approved,"afinn_positive, vader_positive"
approves,"afinn_positive, vader_positive"
ardent,"afinn_positive, nrc_anticipation, nrc_joy, nrc_positive, vader_very_positive"
argue,"nrc_anger, nrc_negative, vader_negative"
argument,"nrc_anger, nrc_negative, vader_negative"
argumentative,"nrc_negative, vader_negative"
arguments,"nrc_anger, vader_negative"
arrest,"afinn_negative, nrc_negative, vader_negative"
arrested,"afinn_very_negative, vader_very_negative"
arrests,"afinn_negative, vader_negative"
arrogance,"nrc_negative, vader_very_negative"
arrogant,"afinn_negative, nrc_anger, nrc_disgust, nrc_negative, vader_very_negative"
ashamed,"afinn_negative, nrc_disgust, nrc_negative, nrc_sadness, shame_guilt, vader_very_negative"
ass,"afinn_very_negative, nrc_negative, vader_very_negative"
assassination,"afinn_very_negative, nrc_anger, nrc_fear, nrc_negative, nrc_sadness, vader_very_negative"
assassinations,"afinn_very_negative, vader_very_negative"
assault,"afinn_negative, nrc_anger, nrc_fear, nrc_negative, vader_very_negative"
assaults,"afinn_negative, vader_very_negative"
asset,"afinn_positive, vader_positive"
assets,"afinn_positive, nrc_positive, vader_positive"
assfucking,"afinn_very_negative, vader_very_negative"
asshole,"afinn_very_negative, nrc_anger, nrc_disgust, nrc_negative"
assurance,"nrc_positive, nrc_trust, vader_positive"
assure,"nrc_trust, vader_positive"
assured,"nrc_positive, nrc_trust, trust_extended, vader_positive"
assuredly,"nrc_trust, vader_positive"
astonished,"afinn_positive, surprise_extended, vader_positive"
astound,"afinn_very_positive, vader_positive"
astounded,"afinn_very_positive, surprise_extended, vader_positive"
astounding,"afinn_very_positive, vader_positive"
astoundingly,"afinn_very_positive, vader_very_positive"
astounds,"afinn_very_positive, vader_very_positive"
at ease,trust_extended
at the end of one's rope,anger_extended
at wit's end,stress_anxiety
atrocious,"afinn_very_negative, nrc_anger, nrc_disgust, nrc_negative"
atrocity,"afinn_very_negative, nrc_anger, nrc_disgust, nrc_fear, nrc_negative, nrc_sadness"
attached,love_affection
attachment,"nrc_positive, vader_positive"
attack,"afinn_negative, nrc_anger, nrc_fear, nrc_negative, vader_very_negative"
attacked,"afinn_negative, vader_very_negative"
attacking,"afinn_negative, nrc_anger, nrc_disgust, nrc_fear, nrc_negative, nrc_sadness, nrc_surprise, vader_very_negative"
attacks,"afinn_negative, vader_negative"
attract,"afinn_positive, vader_positive"
attracted,"afinn_positive, vader_positive"
attracting,"afinn_positive, vader_very_positive"
attraction,"afinn_positive, nrc_positive, vader_very_positive"
attractions,"afinn_positive, vader_positive"
attractive,"afinn_positive, vader_positive"
attractively,"afinn_positive, vader_very_positive"
attractiveness,"afinn_positive, nrc_positive, vader_positive"
attracts,"afinn_positive, vader_positive"
audacious,"afinn_very_positive, vader_positive"
aura,"afinn_positive, nrc_positive"
authority,"afinn_positive, nrc_positive, nrc_trust, vader_positive"
avenger,"afinn_negative, nrc_anger, nrc_negative"
aversion,"nrc_anger, nrc_disgust, nrc_fear, nrc_negative, vader_negative"
avert,"afinn_negative, vader_negative"
averted,"afinn_negative, vader_negative"
averts,"afinn_negative, vader_negative"
avid,"afinn_positive, vader_positive"
avoid,"afinn_negative, nrc_fear, nrc_negative, vader_negative"
avoidance,"nrc_fear, nrc_negative, vader_negative"
avoided,"afinn_negative, vader_negative"
avoiding,"nrc_fear, vader_negative"
avoids,"afinn_negative, vader_negative"
await,"afinn_negative, nrc_anticipation, vader_positive"
awaited,"afinn_negative, vader_negative"
awaiting,anticipation_extended
awaits,"afinn_negative, vader_positive"
award,"afinn_very_positive, nrc_anticipation, nrc_joy, nrc_positive, nrc_surprise, nrc_trust, vader_very_positive"
awarded,"afinn_very_positive, vader_positive"
awards,"afinn_very_positive, vader_very_positive"
awesome,"afinn_very_positive, joy_extended, vader_very_positive"
awful,"afinn_very_negative, nrc_anger, nrc_disgust, nrc_fear, nrc_negative, nrc_sadness, vader_very_negative"
awkward,"afinn_negative, vader_negative"
awkwardness,"nrc_disgust, nrc_negative, vader_negative"
axe,"afinn_negative, vader_negative"
axed,"afinn_negative, vader_negative"
backed,"afinn_positive, vader_positive"
backing,"afinn_positive, vader_positive"
backs,"afinn_positive, vader_negative"
bad,"afinn_very_negative, nrc_anger, nrc_disgust, nrc_fear, nrc_negative, nrc_sadness, vader_very_negative"
badass,"afinn_very_negative, vader_positive"
badly,"afinn_very_negative, nrc_negative, nrc_sadness, vader_very_negative"
badness,"afinn_very_negative, nrc_anger, nrc_disgust, nrc_fear, nrc_negative"
baffled,"confusion_uncertainty, surprise_extended"
bailout,"afinn_negative, vader_negative"
balanced,"afinn_positive, nrc_positive"
bamboozle,"afinn_negative, vader_negative"
bamboozled,"afinn_negative, vader_negative"
bamboozles,"afinn_negative, vader_negative"
ban,"afinn_negative, nrc_negative, vader_very_negative"
banish,"afinn_negative, nrc_anger, nrc_disgust, nrc_fear, nrc_negative, nrc_sadness, vader_negative"
bankrupt,"afinn_very_negative, nrc_fear, nrc_negative, nrc_sadness, vader_very_negative"
bankruptcy,"afinn_very_negative, nrc_anger, nrc_disgust, nrc_fear, nrc_negative, nrc_sadness"
bankster,"afinn_very_negative, vader_very_negative"
banned,"afinn_negative, vader_very_negative"
barbarian,"afinn_negative, nrc_fear, nrc_negative"
barbaric,"afinn_negative, nrc_anger, nrc_disgust, nrc_fear, nrc_negative"
bargain,"afinn_positive, nrc_positive, nrc_trust, vader_positive"
barrier,"afinn_negative, nrc_anger, nrc_negative, vader_negative"
bastard,"afinn_very_negative, nrc_disgust, nrc_negative, nrc_sadness, vader_very_negative"
bastards,"afinn_very_negative, vader_very_negative"
battle,"afinn_negative, nrc_anger, nrc_negative, vader_negative"
battled,"afinn_negative, nrc_anger, nrc_fear, nrc_negative, nrc_sadness, vader_negative"
battlefield,"nrc_fear, nrc_negative, vader_negative"
battles,"afinn_negative, vader_negative"
battling,"afinn_negative, vader_negative"
beaming,"joy_extended, nrc_anticipation, nrc_joy, nrc_positive"
beaten,"afinn_negative, vader_negative"
beatific,"afinn_very_positive, vader_positive"
beating,"afinn_negative, nrc_anger, nrc_fear, nrc_negative, nrc_sadness, vader_very_negative"
beauties,"afinn_very_positive, vader_very_positive"
beautification,"nrc_joy, nrc_positive, nrc_trust, vader_positive"
beautiful,"afinn_very_positive, nrc_joy, nrc_positive, vader_very_positive"
beautifully,"afinn_very_positive, vader_very_positive"
beautify,"afinn_very_positive, nrc_joy, nrc_positive, vader_very_positive"
beauty,"afinn_very_positive, nrc_joy, nrc_positive, vader_very_positive"
befitting,"afinn_positive, nrc_positive"
begrudging,jealousy_envy
believing,"nrc_positive, nrc_trust, trust_extended"
belittle,"afinn_negative, nrc_anger, nrc_disgust, nrc_fear, nrc_negative, nrc_sadness, vader_negative"
belittled,"afinn_negative, vader_very_negative"
belligerent,"anger_extended, nrc_anger, nrc_fear, nrc_negative"
beloved,"afinn_very_positive, vader_very_positive"
benefactor,"afinn_positive, nrc_positive, nrc_trust"
beneficial,"nrc_positive, vader_positive"
benefit,"afinn_positive, nrc_positive, vader_very_positive"
benefits,"afinn_positive, vader_positive"
benefitted,"afinn_positive, vader_positive"
benefitting,"afinn_positive, vader_positive"
benevolence,"nrc_joy, nrc_positive, nrc_trust, vader_positive"
benevolent,"afinn_very_positive, vader_very_positive"
benign,"nrc_joy, nrc_positive, vader_positive"
bereave,"afinn_negative, vader_very_negative"
bereaved,"afinn_negative, nrc_negative, nrc_sadness, vader_very_negative"
bereaves,"afinn_negative, vader_negative"
bereaving,"afinn_negative, vader_negative"
besotted,love_affection
best,"afinn_very_positive, vader_very_positive"
betray,"afinn_very_negative, nrc_anger, nrc_disgust, nrc_negative, nrc_sadness, nrc_surprise, vader_very_negative"
betrayal,"afinn_very_negative, nrc_anger, nrc_disgust, nrc_negative, nrc_sadness, vader_very_negative"
betrayed,"afinn_very_negative, vader_very_negative"
betraying,"afinn_very_negative, vader_very_negative"
betrays,"afinn_very_negative, vader_very_negative"
better,"afinn_positive, vader_positive"
bewildered,"confusion_uncertainty, nrc_fear, nrc_negative, nrc_surprise, surprise_extended"
bias,"afinn_negative, nrc_anger, nrc_negative, vader_negative"
biased,"afinn_negative, nrc_negative, vader_negative"
bitch,"afinn_very_negative, nrc_anger, nrc_disgust, nrc_fear, nrc_negative, nrc_sadness, vader_very_negative"
bitches,"afinn_very_negative, vader_very_negative"
bitter,"afinn_negative, anger_extended, vader_negative"
bitterest,"afinn_negative, vader_very_negative"
bitterly,"afinn_negative, nrc_anger, nrc_disgust, nrc_negative, nrc_sadness, vader_very_negative"
bitterness,"nrc_anger, nrc_disgust, nrc_negative, nrc_sadness, vader_negative"
bizarre,"afinn_negative, nrc_negative, nrc_surprise, vader_negative"
blackmail,"afinn_very_negative, nrc_anger, nrc_fear, nrc_negative"
blah,"afinn_negative, vader_negative"
blame,"afinn_negative, nrc_anger, nrc_disgust, nrc_negative, vader_negative"
blamed,"afinn_negative, vader_very_negative"
blameless,"nrc_positive, vader_positive"
blames,"afinn_negative, vader_negative"
blaming,"afinn_negative, vader_very_negative"
bleak,"nrc_negative, nrc_sadness, sadness_extended"
bless,"afinn_positive, nrc_anticipation, nrc_joy, nrc_positive, nrc_trust, vader_positive"
blessed,"gratitude_appreciation, joy_extended, nrc_joy, nrc_positive, vader_very_positive"
blesses,"afinn_positive, vader_very_positive"
blessing,"afinn_very_positive, nrc_anticipation, nrc_joy, nrc_positive, nrc_trust, vader_very_positive"
blessings,"afinn_very_positive, nrc_anticipation, nrc_joy, nrc_positive, nrc_surprise, nrc_trust, vader_very_positive"
blind,"afinn_negative, nrc_negative, vader_negative"
blindsided,surprise_extended
bliss,"afinn_very_positive, nrc_joy, nrc_positive, vader_very_positive"
blissful,"afinn_very_positive, joy_extended, nrc_joy, nrc_positive, vader_very_positive"
blithe,"afinn_positive, vader_positive"
bloated,"afinn_negative, nrc_disgust, nrc_negative"
block,"afinn_negative, vader_negative"
blockade,"afinn_negative, nrc_anger, nrc_fear, nrc_negative, nrc_sadness"
blockbuster,"afinn_very_positive, vader_very_positive"
blocked,"afinn_negative, vader_negative"
blocking,"afinn_negative, vader_negative"
blocks,"afinn_negative, vader_negative"
bloody,"afinn_very_negative, nrc_anger, nrc_disgust, nrc_fear, nrc_negative, nrc_sadness, vader_negative"
blowing a fuse,anger_extended
blurry,"afinn_negative, vader_negative"
boiling,anger_extended
bold,"afinn_positive, nrc_positive, pride_confidence, vader_positive"
boldly,"afinn_positive, vader_positive"
boldness,"nrc_positive, vader_positive"
bomb,"afinn_negative, nrc_anger, nrc_fear, nrc_negative, nrc_sadness, nrc_surprise, vader_very_negative"
bonded,love_affection
bonus,"nrc_anticipation, nrc_joy, nrc_positive, nrc_surprise, vader_very_positive"
boost,"afinn_positive, vader_positive"
boosted,"afinn_positive, vader_positive"
boosting,"afinn_positive, vader_positive"
boosts,"afinn_positive, vader_positive"
bore,"afinn_negative, nrc_negative, vader_negative"
bored,"afinn_negative, boredom_apathy, vader_negative"
boredom,"nrc_negative, nrc_sadness, vader_negative"
boring,"afinn_very_negative, nrc_negative, vader_negative"
bother,"afinn_negative, nrc_negative, vader_negative"
bothered,"afinn_negative, vader_negative"
bothering,"nrc_anger, nrc_negative, nrc_sadness, vader_negative"
bothers,"afinn_negative, vader_negative"
bothersome,"afinn_negative, vader_negative"
boycott,"afinn_negative, nrc_negative, vader_negative"
boycotted,"afinn_negative, vader_negative"
boycotting,"afinn_negative, vader_negative"
boycotts,"afinn_negative, vader_negative"
brainwashing,"afinn_very_negative, vader_negative"
brave,"afinn_positive, pride_confidence, vader_very_positive"
bravery,"afinn_positive, nrc_positive, vader_very_positive"
breach,"afinn_negative, nrc_negative"
breathtaking,"afinn_very_positive, vader_very_positive"
bribe,"afinn_very_negative, nrc_negative, vader_negative"
bright,"afinn_positive, vader_positive"
brighten,"nrc_joy, nrc_positive, nrc_surprise, nrc_trust, vader_positive"
brightest,"afinn_positive, vader_very_positive"
brightness,"afinn_positive, nrc_positive, vader_positive"
brilliance,"afinn_very_positive, vader_very_positive"
brilliances,"afinn_very_positive, vader_very_positive"
brilliant,"afinn_very_positive, nrc_anticipation, nrc_joy, nrc_positive, nrc_trust, vader_very_positive"
brisk,"afinn_positive, vader_positive"
broke,"afinn_negative, nrc_fear, nrc_negative, nrc_sadness, vader_negative"
broken,"afinn_negative, nrc_anger, nrc_fear, nrc_negative, nrc_sadness, sadness_extended, vader_very_negative"
brokenhearted,sadness_extended
brooding,"afinn_negative, vader_positive"
brutal,"afinn_very_negative, nrc_anger, nrc_fear, nrc_negative, vader_very_negative"
brutality,"nrc_anger, nrc_fear, nrc_negative, vader_very_negative"
brutally,"afinn_very_negative, vader_very_negative"
bullied,"afinn_negative, vader_very_negative"
bullshit,"afinn_very_negative, vader_very_negative"
bully,"afinn_negative, nrc_anger, nrc_fear, nrc_negative, vader_very_negative"
bullying,"afinn_negative, vader_very_negative"
bummer,"afinn_negative, nrc_anger, nrc_disgust, nrc_negative, vader_negative"
buoyant,"afinn_positive, vader_positive"
burden,"afinn_negative, vader_negative"
burdened,"afinn_negative, vader_negative"
burdening,"afinn_negative, vader_negative"
burdens,"afinn_negative, vader_negative"
burdensome,"nrc_fear, nrc_negative, nrc_sadness, vader_negative"
burglar,"afinn_negative, nrc_disgust, nrc_fear, nrc_negative"
burglary,"afinn_negative, nrc_negative"
burned out,stress_anxiety
burnt out,boredom_apathy
butterflies in stomach,fear_extended
calm,"afinn_positive, nrc_positive, trust_extended, vader_positive"
calmed,"afinn_positive, vader_positive"
calming,"afinn_positive, vader_positive"
calms,"afinn_positive, vader_positive"
can't stand,"afinn_very_negative, vader_very_negative"
can't wait,anticipation_extended
cancel,"afinn_negative, nrc_negative, nrc_sadness, vader_negative"
cancelled,"afinn_negative, vader_negative"
cancelling,"afinn_negative, vader_negative"
cancels,"afinn_negative, vader_negative"
cancer,"afinn_negative, nrc_anger, nrc_disgust, nrc_fear, nrc_negative, nrc_sadness, vader_very_negative"
capable,"afinn_positive, pride_confidence, vader_positive"
captivated,"afinn_very_positive, vader_positive"
care,"afinn_positive, vader_very_positive"
carefree,"afinn_positive, joy_extended, vader_positive"
careful,"afinn_positive, nrc_positive, vader_positive"
carefully,"afinn_positive, nrc_positive, vader_positive"
carefulness,"afinn_positive, vader_very_positive"
careless,"afinn_negative, vader_negative"
carelessness,"nrc_anger, nrc_disgust, nrc_negative, vader_negative"
cares,"afinn_positive, vader_very_positive"
caring,"afinn_positive, love_affection, vader_very_positive"
casualty,"afinn_negative, nrc_anger, nrc_fear, nrc_negative, nrc_sadness, vader_very_negative"
catastrophe,"afinn_very_negative, nrc_anger, nrc_disgust, nrc_fear, nrc_negative, nrc_sadness, nrc_surprise, vader_very_negative"
catastrophic,"afinn_very_negative, vader_very_negative"
caught off guard,surprise_extended
cautious,"afinn_negative, nrc_anticipation, nrc_fear, nrc_positive, nrc_trust, vader_negative"
celebrate,"afinn_very_positive, vader_very_positive"
celebrated,"afinn_very_positive, nrc_anticipation, nrc_joy, nrc_positive, vader_very_positive"
celebrates,"afinn_very_positive, vader_very_positive"
celebrating,"afinn_very_positive, nrc_anticipation, nrc_joy, nrc_positive, vader_very_positive"
celebration,"afinn_very_positive, nrc_anticipation, nrc_joy, nrc_positive, nrc_surprise, nrc_trust"
censor,"afinn_negative, nrc_anger, nrc_disgust, nrc_fear, nrc_negative, nrc_trust, vader_very_negative"
censored,"afinn_negative, vader_negative"
censors,"afinn_negative, vader_negative"
certain,"afinn_positive, trust_extended, vader_positive"
certainty,"nrc_positive, vader_positive"
chagrin,"afinn_negative, nrc_disgust, nrc_negative, nrc_sadness, vader_negative"
chagrined,"afinn_negative, vader_negative"
challenge,"afinn_negative, nrc_anger, nrc_fear, nrc_negative, vader_positive"
champion,"afinn_positive, nrc_anticipation, nrc_joy, nrc_positive, nrc_trust, vader_very_positive"
championed,"afinn_positive, vader_positive"
champions,"afinn_positive, vader_very_positive"
chance,"afinn_positive, nrc_surprise, vader_positive"
chances,"afinn_positive, vader_positive"
chaos,"afinn_negative, nrc_anger, nrc_fear, nrc_negative, nrc_sadness, vader_very_negative"
chaotic,"afinn_negative, nrc_anger, nrc_negative, vader_very_negative"
charged,"afinn_very_negative, vader_negative"
charges,"afinn_negative, vader_negative"
charitable,"afinn_positive, nrc_anticipation, nrc_joy, nrc_positive, nrc_trust, vader_positive"
charity,"nrc_joy, nrc_positive, vader_positive"
charm,"afinn_very_positive, nrc_positive, vader_positive"
charmed,"nrc_joy, nrc_negative, nrc_positive, vader_very_positive"
charming,"afinn_very_positive, nrc_positive, vader_very_positive"
charmingly,"afinn_very_positive, vader_very_positive"
charmless,"afinn_very_negative, vader_negative"
chastise,"afinn_very_negative, vader_very_negative"
chastised,"afinn_very_negative, vader_very_negative"
chastises,"afinn_very_negative, vader_negative"
chastising,"afinn_very_negative, vader_negative"
cheat,"afinn_very_negative, nrc_anger, nrc_disgust, nrc_negative, vader_very_negative"
cheated,"afinn_very_negative, vader_very_negative"
cheater,"afinn_very_negative, vader_very_negative"
cheaters,"afinn_very_negative, vader_negative"
cheating,"afinn_very_negative, vader_very_negative"
cheats,"afinn_very_negative, vader_negative"
cheer,"afinn_positive, nrc_anticipation, nrc_joy, nrc_positive, nrc_surprise, nrc_trust, vader_very_positive"
cheered,"afinn_positive, vader_very_positive"
cheerful,"afinn_positive, joy_extended, nrc_joy, nrc_positive, nrc_surprise, vader_very_positive"
cheerfully,"afinn_positive, vader_very_positive"
cheerfulness,"nrc_anticipation, nrc_joy, nrc_positive, nrc_trust, vader_very_positive"
cheering,"afinn_positive, nrc_joy, nrc_positive, vader_very_positive"
cheerless,"afinn_negative, vader_negative"
cheers,"afinn_positive, vader_very_positive"
cheery,"afinn_very_positive, nrc_anticipation, nrc_joy, nrc_positive, vader_very_positive"
cherish,"afinn_positive, nrc_anticipation, nrc_joy, nrc_positive, nrc_surprise, nrc_trust, vader_positive"
cherished,"afinn_positive, vader_very_positive"
cherishes,"afinn_positive, vader_very_positive"
cherishing,"afinn_positive, love_affection, vader_very_positive"
chic,"afinn_positive, vader_positive"
childish,"afinn_negative, nrc_negative, vader_negative"
chilling,"afinn_negative, vader_negative"
choke,"afinn_negative, nrc_anger, nrc_negative, nrc_sadness, vader_very_negative"
choked,"afinn_negative, vader_very_negative"
chokes,"afinn_negative, vader_very_negative"
choking,"afinn_negative, vader_very_negative"
chuckle,"nrc_anticipation, nrc_joy, nrc_positive, nrc_surprise, nrc_trust, vader_positive"
clarifies,"afinn_positive, vader_positive"
clarity,"afinn_positive, vader_positive"
clash,"afinn_negative, nrc_anger, nrc_negative"
classy,"afinn_very_positive, vader_positive"
claustrophobic,fear_extended
clean,"afinn_positive, nrc_joy, nrc_positive, nrc_trust, vader_positive"
cleaner,"afinn_positive, vader_positive"
clear,"afinn_positive, vader_positive"
cleared,"afinn_positive, vader_positive"
clearly,"afinn_positive, vader_positive"
clears,"afinn_positive, vader_positive"
clever,"afinn_positive, nrc_positive, vader_very_positive"
cleverness,"nrc_positive, vader_very_positive"
clouded,"afinn_negative, nrc_negative, nrc_sadness, vader_negative"
clueless,"afinn_negative, vader_negative"
cock,"afinn_very_negative, vader_negative"
cocksucker,"afinn_very_negative, vader_very_negative"
cocksuckers,"afinn_very_negative, vader_very_negative"
cocky,"afinn_negative, vader_negative"
coerced,"afinn_negative, vader_negative"
coercion,"afinn_negative, nrc_anger, nrc_disgust, nrc_fear, nrc_negative, nrc_sadness"
cold sweat,stress_anxiety
collapse,"afinn_negative, nrc_disgust, nrc_fear, nrc_negative, nrc_sadness, vader_very_negative"
collapsed,"afinn_negative, vader_negative"
collapses,"afinn_negative, vader_negative"
collapsing,"afinn_negative, vader_negative"
collide,"afinn_negative, vader_negative"
collides,"afinn_negative, vader_negative"
colliding,"afinn_negative, vader_negative"
collision,"afinn_negative, nrc_anger, nrc_negative, vader_negative"
collisions,"afinn_negative, vader_negative"
colluding,"afinn_very_negative, vader_negative"
combat,"afinn_negative, nrc_anger, nrc_fear, nrc_negative, vader_negative"
combats,"afinn_negative, vader_negative"
comedy,"afinn_positive, vader_positive"
comfort,"afinn_positive, nrc_anticipation, nrc_joy, nrc_positive, nrc_trust, vader_positive"
comfortable,"afinn_positive, trust_extended, vader_very_positive"
comfortably,"afinn_positive, vader_positive"
comforting,"afinn_positive, vader_positive"
comforts,"afinn_positive, vader_very_positive"
commend,"afinn_positive, nrc_positive, vader_positive"
commended,"afinn_positive, vader_positive"
commit,"afinn_positive, vader_positive"
commitment,"afinn_positive, vader_positive"
commits,"afinn_positive, vader_positive"
committed,"afinn_positive, nrc_positive, nrc_trust, trust_extended, vader_positive"
committing,"afinn_positive, vader_positive"
compassion,"afinn_positive, nrc_fear, nrc_positive, vader_very_positive"
compassionate,"afinn_positive, love_affection, nrc_positive, vader_very_positive"
compelled,"afinn_positive, vader_positive"
compelling,"nrc_positive, vader_positive"
competent,"afinn_positive, nrc_positive, nrc_trust, pride_confidence, vader_positive"
competitive,"afinn_positive, vader_positive"
complacent,"afinn_negative, vader_negative"
complain,"afinn_negative, nrc_anger, nrc_negative, nrc_sadness, vader_negative"
complained,"afinn_negative, vader_negative"
complaining,"afinn_negative, vader_negative"
complains,"afinn_negative, vader_negative"
complaint,"afinn_negative, nrc_anger, nrc_negative, vader_negative"
complaints,"afinn_negative, vader_negative"
compliment,"afinn_positive, nrc_anticipation, nrc_joy, nrc_positive, nrc_surprise, nrc_trust, vader_very_positive"
complimented,"afinn_positive, vader_positive"
compliments,"afinn_positive, vader_positive"
comprehensive,"afinn_positive, nrc_positive, vader_positive"
concerned,"afinn_negative, nrc_fear, nrc_sadness"
conciliate,"afinn_positive, vader_positive"
conciliated,"afinn_positive, vader_positive"
conciliates,"afinn_positive, vader_positive"
conciliating,"afinn_positive, vader_positive"
condemn,"afinn_negative, nrc_anger, nrc_negative, vader_negative"
condemnation,"afinn_negative, nrc_anger, nrc_anticipation, nrc_disgust, nrc_fear, nrc_negative, nrc_sadness, vader_very_negative"
condemned,"afinn_negative, vader_negative"
condemns,"afinn_negative, vader_very_negative"
confidence,"afinn_positive, nrc_fear, nrc_joy, nrc_positive, nrc_trust, vader_very_positive"
confident,"afinn_positive, nrc_joy, nrc_positive, nrc_trust, pride_confidence, trust_extended, vader_very_positive"
confidently,"afinn_positive, vader_very_positive"
conflict,"afinn_negative, nrc_anger, nrc_fear, nrc_negative, nrc_sadness, vader_negative"
conflicted,confusion_uncertainty
conflicting,"afinn_negative, nrc_negative, vader_negative"
conflictive,"afinn_negative, vader_negative"
conflicts,"afinn_negative, vader_negative"
confounded,"nrc_negative, surprise_extended"
confront,"nrc_anger, vader_negative"
confuse,"afinn_negative, nrc_negative, vader_negative"
confused,"afinn_negative, confusion_uncertainty, vader_negative"
confusing,"afinn_negative, vader_negative"
confusion,"nrc_anger, nrc_fear, nrc_negative, vader_negative"
congrats,"afinn_positive, vader_very_positive"
congratulate,"afinn_positive, vader_very_positive"
congratulation,"afinn_positive, vader_very_positive"
congratulations,"afinn_positive, vader_very_positive"
connected,love_affection
consent,"afinn_positive, vader_positive"
consents,"afinn_positive, vader_positive"
considerate,"nrc_positive, nrc_trust, vader_positive"
consolable,"afinn_positive, vader_positive"
conspiracy,"afinn_very_negative, nrc_fear, vader_very_negative"
constipation,"afinn_negative, nrc_disgust, nrc_negative"
constrained,"afinn_negative, nrc_negative, vader_negative"
contagion,"afinn_negative, nrc_anticipation, nrc_disgust, nrc_fear, nrc_negative, vader_very_negative"
contagions,"afinn_negative, vader_negative"
contagious,"afinn_negative, nrc_disgust, nrc_fear, nrc_negative, vader_negative"
contaminate,"afinn_negative, nrc_disgust, nrc_negative"
contaminated,"afinn_negative, nrc_disgust, nrc_fear, nrc_negative, nrc_sadness"
contamination,"afinn_negative, nrc_disgust, nrc_negative"
contempt,"afinn_negative, nrc_anger, nrc_disgust, nrc_fear, nrc_negative, vader_very_negative"
contemptible,"afinn_negative, nrc_anger, nrc_disgust, nrc_negative, vader_negative"
contemptuous,"afinn_negative, disgust_extended, nrc_anger, nrc_negative, vader_very_negative"
contemptuously,"afinn_negative, vader_very_negative"
contend,"afinn_negative, vader_positive"
contender,"afinn_negative, vader_positive"
content,"joy_extended, nrc_joy, nrc_positive, nrc_trust"
contentious,"afinn_negative, nrc_anger, nrc_disgust, nrc_fear, nrc_negative, vader_negative"
contestable,"afinn_negative, vader_positive"
contradict,"nrc_anger, nrc_negative, vader_negative"
contradiction,"nrc_negative, vader_negative"
contradictory,"nrc_negative, vader_negative"
controversial,"afinn_negative, nrc_anger, nrc_negative, vader_negative"
controversially,"afinn_negative, vader_negative"
controversy,"afinn_negative, nrc_negative"
convince,"afinn_positive, nrc_anticipation, nrc_positive, nrc_trust, vader_positive"
convinced,"afinn_positive, nrc_trust, trust_extended, vader_positive"
convinces,"afinn_positive, vader_positive"
convincing,"nrc_trust, vader_positive"
convivial,"afinn_positive, vader_positive"
cool,"afinn_positive, nrc_positive, vader_positive"
cornered,"afinn_negative, vader_negative"
corpse,"afinn_negative, nrc_disgust, nrc_negative, nrc_sadness, vader_very_negative"
corrupt,"afinn_very_negative, nrc_negative"
corrupting,"afinn_very_negative, nrc_anger, nrc_disgust, nrc_fear, nrc_negative, nrc_sadness"
corruption,"afinn_very_negative, nrc_disgust, nrc_negative"
costly,"afinn_negative, vader_negative"
counting down,anticipation_extended
courage,"afinn_positive, nrc_positive, vader_very_positive"
courageous,"afinn_positive, nrc_fear, nrc_positive, pride_confidence, vader_very_positive"
courageously,"afinn_positive, vader_very_positive"
courageousness,"afinn_positive, vader_very_positive"
courteous,"afinn_positive, nrc_positive, vader_very_positive"
courtesy,"afinn_positive, nrc_positive, vader_positive"
cover-up,"afinn_very_negative, vader_negative"
covetous,jealousy_envy
coward,"afinn_negative, nrc_disgust, nrc_fear, nrc_negative, nrc_sadness, vader_very_negative"
cowardly,"afinn_negative, nrc_fear, nrc_negative, vader_negative"
coziness,"afinn_positive, vader_positive"
cramp,"afinn_negative, nrc_anticipation, nrc_negative, vader_negative"
crap,"afinn_very_negative, nrc_disgust, nrc_negative, vader_negative"
crappy,"afinn_very_negative, vader_very_negative"
crash,"afinn_negative, nrc_fear, nrc_negative, nrc_sadness, nrc_surprise, vader_negative"
craving,"anticipation_extended, nrc_anticipation"
crazed,"nrc_anger, nrc_fear, nrc_negative, vader_negative"
crazier,"afinn_negative, vader_negative"
craziest,"afinn_negative, vader_negative"
crazy,"afinn_negative, nrc_anger, nrc_fear, nrc_negative, nrc_sadness, vader_negative"
crazy about,love_affection
create,"nrc_joy, nrc_positive, vader_positive"
creative,"afinn_positive, nrc_positive, vader_positive"
credit,"nrc_positive, nrc_trust, vader_positive"
creditable,"nrc_positive, nrc_trust, vader_positive"
credited,"nrc_positive, vader_positive"
creeped out,fear_extended
crestfallen,"afinn_negative, sadness_extended, vader_very_negative"
cried,"afinn_negative, vader_negative"
cries,"afinn_negative, vader_negative"
crime,"afinn_very_negative, nrc_anger, nrc_negative, vader_very_negative"
criminal,"afinn_very_negative, nrc_anger, nrc_disgust, nrc_fear, nrc_negative, vader_very_negative"
criminals,"afinn_very_negative, vader_very_negative"
crisis,"afinn_very_negative, nrc_negative, vader_very_negative"
critic,"afinn_negative, nrc_negative, vader_negative"
criticise,"afinn_negative, vader_negative"
criticised,"afinn_negative, vader_negative"
criticises,"afinn_negative, vader_negative"
criticising,"afinn_negative, vader_negative"
criticism,"afinn_negative, nrc_anger, nrc_negative, nrc_sadness, vader_negative"
criticize,"afinn_negative, nrc_anger, nrc_disgust, nrc_fear, nrc_negative, nrc_sadness, vader_negative"
criticized,"afinn_negative, vader_negative"
criticizes,"afinn_negative, vader_negative"
criticizing,"afinn_negative, vader_negative"
critics,"afinn_negative, vader_negative"
critique,"afinn_negative, nrc_positive"
crude,"afinn_negative, nrc_disgust, nrc_negative, vader_very_negative"
cruel,"afinn_very_negative, nrc_anger, nrc_disgust, nrc_fear, nrc_negative, nrc_sadness, vader_very_negative"
cruelly,"nrc_anger, nrc_fear, nrc_negative, vader_very_negative"
cruelty,"afinn_very_negative, nrc_anger, nrc_disgust, nrc_fear, nrc_negative, nrc_sadness, vader_very_negative"
crush,"afinn_negative, vader_negative"
crushed,"afinn_negative, nrc_anger, nrc_disgust, nrc_fear, nrc_negative, nrc_sadness, sadness_extended, vader_negative"
crushes,"afinn_negative, vader_negative"
crushing,"afinn_negative, nrc_anger, nrc_disgust, nrc_fear, nrc_negative, vader_negative"
cry,"afinn_negative, nrc_negative, nrc_sadness, vader_very_negative"
crying,"afinn_negative, nrc_negative, nrc_sadness, sadness_extended, vader_very_negative"
cunning,"afinn_positive, nrc_negative, nrc_positive"
cunt,"afinn_very_negative, vader_very_negative"
curious,"afinn_positive, vader_positive"
curse,"afinn_negative, nrc_anger, nrc_disgust, nrc_fear, nrc_negative, nrc_sadness, vader_very_negative"
cut,"afinn_negative, vader_negative"
cut off,loneliness_isolation
cute,"afinn_positive, nrc_positive, vader_very_positive"
cuts,"afinn_negative, vader_negative"
cutting,"afinn_negative, nrc_anger, nrc_disgust, nrc_fear, nrc_negative, nrc_sadness, vader_negative"
cynic,"afinn_negative, vader_negative"
cynical,"afinn_negative, vader_negative"
cynicism,"afinn_negative, vader_negative"
damage,"afinn_very_negative, nrc_anger, nrc_disgust, nrc_negative, nrc_sadness, vader_very_negative"
damaged,"afinn_very_negative, vader_negative"
damages,"afinn_very_negative, nrc_negative, nrc_sadness, vader_negative"
damaging,"afinn_very_negative, vader_very_negative"
damn,"afinn_negative, nrc_anger, nrc_disgust, nrc_negative, vader_negative"
damnation,"nrc_anger, nrc_fear, nrc_negative, nrc_sadness, vader_very_negative"
damned,"afinn_very_negative, nrc_negative, vader_negative"
damnit,"afinn_very_negative, vader_very_negative"
danger,"afinn_negative, nrc_fear, nrc_negative, nrc_sadness, vader_very_negative"
dangerous,"afinn_negative, nrc_fear, nrc_negative, vader_very_negative"
dangerously,"afinn_negative, vader_very_negative"
daredevil,"afinn_positive, vader_positive"
daring,"afinn_positive, nrc_positive, vader_positive"
darkest,"afinn_negative, vader_very_negative"
darkness,"afinn_negative, nrc_anger, nrc_fear, nrc_negative, nrc_sadness, vader_negative"
darling,"nrc_joy, nrc_positive, nrc_trust, vader_very_positive"
dauntless,"afinn_positive, vader_very_positive"
dazed,"nrc_negative, vader_negative"
dead,"afinn_very_negative, vader_very_negative"
deadlock,"afinn_negative, nrc_negative, vader_negative"
deadly,"afinn_very_negative, nrc_anger, nrc_disgust, nrc_fear, nrc_negative, nrc_sadness"
deafening,"afinn_negative, vader_negative"
dear,"afinn_positive, nrc_positive, vader_positive"
dearly,"afinn_very_positive, vader_positive"
death,"afinn_negative, nrc_anger, nrc_anticipation, nrc_disgust, nrc_fear, nrc_negative, nrc_sadness, nrc_surprise, vader_very_negative"
debonair,"afinn_positive, vader_positive"
debt,"afinn_negative, nrc_negative, nrc_sadness, vader_negative"
decay,"nrc_fear, nrc_negative, nrc_sadness, vader_negative"
decayed,"nrc_disgust, nrc_negative, nrc_sadness, vader_negative"
deceit,"afinn_very_negative, nrc_anger, nrc_disgust, nrc_fear, nrc_negative, nrc_sadness, nrc_surprise, vader_very_negative"
deceitful,"afinn_very_negative, nrc_disgust, nrc_negative, nrc_sadness, vader_negative"
deceive,"afinn_very_negative, nrc_anger, nrc_disgust, nrc_negative, nrc_sadness, vader_negative"
deceived,"afinn_very_negative, nrc_anger, nrc_negative, vader_negative"
deceives,"afinn_very_negative, vader_negative"
deceiving,"afinn_very_negative, nrc_negative, nrc_trust, vader_negative"
deception,"afinn_very_negative, nrc_negative, vader_negative"
deceptive,"afinn_very_negative, nrc_negative"
decisive,"afinn_positive, vader_positive"
dedicated,"afinn_positive, vader_very_positive"
dedication,"afinn_positive, nrc_positive"
defeat,"afinn_negative, nrc_negative, vader_very_negative"
defeated,"afinn_negative, nrc_negative, nrc_sadness, vader_very_negative"
defect,"afinn_very_negative, nrc_anger, nrc_negative, vader_negative"
defection,"nrc_fear, nrc_negative, vader_negative"
defective,"afinn_very_negative, nrc_disgust, nrc_negative, vader_negative"
defects,"afinn_very_negative, vader_negative"
defender,"afinn_positive, nrc_positive, nrc_trust, vader_positive"
defenders,"afinn_positive, vader_positive"
defense,"nrc_anger, nrc_anticipation, nrc_fear, nrc_positive, vader_positive"
defenseless,"afinn_negative, nrc_fear, nrc_negative, nrc_sadness, vader_negative"
defer,"afinn_negative, vader_negative"
deferring,"afinn_negative, vader_negative"
defiant,"afinn_negative, nrc_anger, nrc_negative, vader_negative"
deficiency,"afinn_negative, nrc_negative"
deficit,"afinn_negative, nrc_negative, vader_negative"
deformed,"afinn_negative, nrc_disgust, nrc_negative, nrc_sadness"
deformity,"afinn_negative, nrc_disgust, nrc_fear, nrc_negative, nrc_sadness"
defraud,"afinn_very_negative, nrc_anger, nrc_disgust, nrc_negative"
defunct,"afinn_negative, nrc_negative, nrc_sadness"
degradation,"nrc_negative, vader_very_negative"
degrade,"afinn_negative, nrc_disgust, nrc_negative, vader_negative"
degraded,"afinn_negative, shame_guilt, vader_negative"
degrades,"afinn_negative, vader_very_negative"
degrading,"nrc_disgust, nrc_fear, nrc_negative, nrc_sadness, vader_very_negative"
dehumanize,"afinn_negative, vader_negative"
dehumanized,"afinn_negative, vader_negative"
dehumanizes,"afinn_negative, vader_negative"
dehumanizing,"afinn_negative, vader_very_negative"
deject,"afinn_negative, vader_very_negative"
dejected,"afinn_negative, sadness_extended, vader_very_negative"
dejecting,"afinn_negative, vader_very_negative"
dejects,"afinn_negative, vader_very_negative"
delay,"afinn_negative, nrc_anger, nrc_disgust, nrc_fear, nrc_negative, nrc_sadness, vader_negative"
delayed,"afinn_negative, nrc_negative, vader_negative"
delectable,"afinn_very_positive, nrc_positive, vader_very_positive"
delicious,"afinn_very_positive, nrc_joy, nrc_positive, vader_very_positive"
delight,"afinn_very_positive, nrc_anticipation, nrc_joy, nrc_positive, vader_very_positive"
delighted,"afinn_very_positive, joy_extended, nrc_anticipation, nrc_joy, nrc_positive, nrc_surprise, vader_very_positive"
delightful,"afinn_very_positive, nrc_anticipation, nrc_joy, nrc_positive, nrc_trust, vader_very_positive"
delightfully,"afinn_very_positive, vader_very_positive"
delighting,"afinn_very_positive, vader_positive"
delights,"afinn_very_positive, vader_very_positive"
demand,"afinn_negative, nrc_anger, nrc_negative, vader_negative"
demanded,"afinn_negative, vader_negative"
demanding,"afinn_negative, nrc_negative, vader_negative"
demonstration,"afinn_negative, vader_positive"
demoralized,"afinn_negative, nrc_fear, nrc_negative, nrc_sadness, vader_negative"
denial,"afinn_negative, nrc_negative"
denied,"afinn_negative, nrc_negative, nrc_sadness, vader_negative"
denier,"afinn_negative, vader_negative"
deniers,"afinn_negative, vader_negative"
denies,"afinn_negative, vader_negative"
denounce,"afinn_negative, nrc_anger, nrc_disgust, nrc_negative, vader_negative"
denounces,"afinn_negative, vader_negative"
deny,"afinn_negative, nrc_anger, nrc_negative, vader_negative"
denying,"afinn_negative, nrc_anticipation, nrc_negative, vader_negative"
dependable,trust_extended
deplore,"afinn_very_negative, nrc_anger, nrc_disgust, nrc_negative, nrc_sadness"
deport,"afinn_negative, nrc_fear, nrc_negative, nrc_sadness"
deportation,"afinn_negative, nrc_anger, nrc_fear, nrc_negative, nrc_sadness"
depress,"nrc_fear, nrc_negative, nrc_sadness, vader_very_negative"
depressed,"afinn_negative, nrc_anger, nrc_fear, nrc_negative, nrc_sadness, sadness_extended, vader_very_negative"
depressing,"afinn_negative, nrc_disgust, nrc_negative, nrc_sadness, vader_negative"
depression,"nrc_negative, nrc_sadness, vader_very_negative"
depressive,"nrc_negative, nrc_sadness, vader_negative"
deprivation,"afinn_very_negative, nrc_anger, nrc_disgust, nrc_fear, nrc_negative, nrc_sadness, vader_negative"
derail,"afinn_negative, vader_negative"
derailed,"afinn_negative, vader_negative"
derails,"afinn_negative, vader_negative"
derelict,"afinn_negative, nrc_negative"
deride,"afinn_negative, vader_negative"
derided,"afinn_negative, vader_negative"
derides,"afinn_negative, vader_negative"
deriding,"afinn_negative, vader_negative"
derision,"afinn_negative, nrc_anger, nrc_disgust, nrc_negative, vader_negative"
desirable,"afinn_positive, nrc_positive, vader_positive"
desire,"afinn_positive, vader_positive"
desired,"afinn_positive, vader_positive"
desiring,"anticipation_extended, nrc_positive"
desirous,"afinn_positive, nrc_positive, vader_positive"
desolate,loneliness_isolation
despair,"afinn_very_negative, nrc_anger, nrc_disgust, nrc_fear, nrc_negative, nrc_sadness, vader_negative"
despairing,"afinn_very_negative, nrc_fear, nrc_negative, nrc_sadness, sadness_extended, vader_very_negative"
despairs,"afinn_very_negative, vader_very_negative"
desperate,"afinn_very_negative, nrc_negative, vader_negative"
desperately,"afinn_very_negative, vader_negative"
despise,"nrc_anger, nrc_disgust, nrc_negative, vader_negative"
despondent,"afinn_very_negative, sadness_extended, vader_very_negative"
destroy,"afinn_very_negative, vader_very_negative"
destroyed,"afinn_very_negative, nrc_anger, nrc_fear, nrc_negative, nrc_sadness, vader_very_negative"
destroyer,"nrc_anger, nrc_fear, nrc_negative, vader_very_negative"
destroying,"afinn_very_negative, nrc_anger, nrc_fear, nrc_negative, nrc_sadness, vader_very_negative"
destroys,"afinn_very_negative, vader_very_negative"
destruction,"afinn_very_negative, nrc_anger, nrc_negative, vader_very_negative"
destructive,"afinn_very_negative, nrc_anger, nrc_disgust, nrc_fear, nrc_negative, vader_very_negative"
detached,"afinn_negative, boredom_apathy, vader_negative"
detain,"afinn_negative, nrc_negative, vader_negative"
detained,"afinn_negative, vader_negative"
detention,"afinn_negative, nrc_negative, nrc_sadness, vader_negative"
deteriorate,"afinn_negative, nrc_fear, nrc_negative, nrc_sadness"
deteriorated,"afinn_negative, nrc_disgust, nrc_negative, nrc_sadness"
determinate,"nrc_anticipation, nrc_trust, vader_positive"
determination,"nrc_positive, nrc_trust, vader_positive"
determined,"afinn_positive, nrc_positive, vader_positive"
detesting,disgust_extended
detract,"afinn_negative, nrc_anger, nrc_negative"
devastate,"afinn_negative, nrc_anger, nrc_fear, nrc_negative, nrc_sadness, vader_very_negative"
devastated,"afinn_negative, sadness_extended, vader_very_negative"
devastating,"afinn_negative, nrc_anger, nrc_disgust, nrc_fear, nrc_negative, nrc_sadness, nrc_trust, vader_very_negative"
devastation,"afinn_negative, nrc_anger, nrc_fear, nrc_negative, nrc_sadness, nrc_surprise, vader_negative"
devastations,"afinn_negative, vader_negative"
devil,"nrc_anger, nrc_anticipation, nrc_disgust, nrc_fear, nrc_negative, nrc_sadness, vader_very_negative"
devilish,"nrc_disgust, nrc_fear, nrc_negative, vader_very_negative"
devoted,"afinn_very_positive, love_affection, trust_extended, vader_positive"
devotion,"afinn_positive, vader_very_positive"
devotional,"afinn_positive, nrc_positive, nrc_trust, vader_positive"
diamond,"afinn_positive, nrc_joy, nrc_positive, vader_positive"
dick,"afinn_very_negative, vader_very_negative"
dickhead,"afinn_very_negative, vader_very_negative"
die,"afinn_very_negative, nrc_fear, nrc_negative, nrc_sadness, vader_very_negative"
died,"afinn_very_negative, vader_very_negative"
difficult,"afinn_negative, nrc_fear, vader_negative"
difficulties,"nrc_negative, nrc_sadness, vader_negative"
difficulty,"nrc_anger, nrc_fear, nrc_negative, nrc_sadness, vader_negative"
diffident,"afinn_negative, vader_negative"
dignified,"nrc_positive, pride_confidence, vader_very_positive"
dignity,"afinn_positive, nrc_positive, nrc_trust, vader_positive"
dilemma,"afinn_negative, vader_negative"
dipshit,"afinn_very_negative, vader_very_negative"
dire,"afinn_very_negative, nrc_disgust, nrc_fear, nrc_negative, nrc_sadness, nrc_surprise, vader_very_negative"
direful,"afinn_very_negative, vader_very_negative"
dirt,"afinn_negative, nrc_disgust, nrc_negative, vader_negative"
dirtier,"afinn_negative, vader_negative"
dirtiest,"afinn_negative, vader_very_negative"
dirty,"afinn_negative, nrc_disgust, nrc_negative, vader_negative"
disability,"afinn_negative, nrc_negative, nrc_sadness"
disabling,"afinn_negative, vader_very_negative"
disadvantage,"afinn_negative, vader_negative"
disadvantaged,"afinn_negative, vader_negative"
disagree,"afinn_negative, nrc_anger, nrc_negative, vader_negative"
disagreeable,"afinn_negative, vader_negative"
disagreeing,"nrc_anger, nrc_negative, nrc_sadness, vader_negative"
disagreement,"afinn_negative, nrc_anger, nrc_negative, nrc_sadness, vader_negative"
disappear,"afinn_negative, nrc_fear, vader_negative"
disappeared,"afinn_negative, vader_negative"
disappears,"afinn_negative, vader_negative"
disappoint,"afinn_negative, nrc_anger, nrc_disgust, nrc_negative, nrc_sadness, vader_negative"
disappointed,"afinn_negative, nrc_anger, nrc_disgust, nrc_negative, nrc_sadness, sadness_extended, vader_very_negative"
disappointing,"afinn_negative, nrc_negative, nrc_sadness, vader_very_negative"
disappointment,"afinn_negative, nrc_disgust, nrc_negative, nrc_sadness, vader_very_negative"
disappointments,"afinn_negative, vader_very_negative"
disappoints,"afinn_negative, vader_negative"
disapproval,"afinn_negative, nrc_negative, nrc_sadness"
disapprove,"afinn_negative, nrc_anger, nrc_disgust, nrc_fear, nrc_negative, nrc_sadness"
disapproved,"afinn_negative, nrc_anger, nrc_negative, nrc_sadness"
disapproving,"afinn_negative, nrc_anger, nrc_disgust, nrc_negative, nrc_sadness"
disaster,"afinn_negative, nrc_anger, nrc_disgust, nrc_fear, nrc_negative, nrc_sadness, nrc_surprise, vader_very_negative"
disasters,"afinn_negative, vader_very_negative"
disastrous,"afinn_very_negative, nrc_anger, nrc_fear, nrc_negative, nrc_sadness, vader_very_negative"
disbelieve,"afinn_negative, nrc_negative, vader_negative"
disbelieving,surprise_extended
discard,"afinn_negative, vader_negative"
discarded,"afinn_negative, vader_negative"
discarding,"afinn_negative, vader_negative"
discards,"afinn_negative, nrc_negative, vader_negative"
discombobulated,confusion_uncertainty
discomfort,"afinn_negative, nrc_negative, nrc_sadness, vader_negative"
disconnected,"boredom_apathy, loneliness_isolation, nrc_negative, nrc_sadness"
disconsolate,"afinn_negative, vader_very_negative"
disconsolation,"afinn_negative, vader_negative"
discontented,"afinn_negative, vader_negative"
discord,"afinn_negative, nrc_anger, nrc_disgust, nrc_negative, vader_negative"
discounted,"afinn_negative, vader_positive"
discourage,"nrc_fear, nrc_negative, nrc_sadness, vader_negative"
discouraged,"afinn_negative, vader_negative"
discouragement,"nrc_negative, vader_very_negative"
discredited,"afinn_negative, vader_negative"
discriminate,"afinn_negative, nrc_anger, nrc_negative, nrc_sadness"
discriminating,"afinn_negative, nrc_disgust, nrc_negative"
disdain,"afinn_negative, nrc_anger, nrc_disgust, nrc_negative, vader_very_negative"
disdainful,disgust_extended
disease,"afinn_negative, nrc_anger, nrc_disgust, nrc_fear, nrc_negative, nrc_sadness"
disgrace,"afinn_negative, nrc_anger, nrc_disgust, nrc_negative, nrc_sadness, vader_very_negative"
disgraced,"afinn_negative, nrc_anger, nrc_disgust, nrc_negative, nrc_sadness, shame_guilt, vader_very_negative"
disguise,"afinn_negative, vader_negative"
disguised,"afinn_negative, vader_negative"
disguises,"afinn_negative, vader_negative"
disguising,"afinn_negative, vader_negative"
disgust,"afinn_very_negative, nrc_anger, nrc_disgust, nrc_fear, nrc_negative, nrc_sadness, vader_very_negative"
disgusted,"afinn_very_negative, disgust_extended, vader_very_negative"
disgustful,"afinn_very_negative, vader_very_negative"
disgusting,"afinn_very_negative, nrc_anger, nrc_disgust, nrc_fear, nrc_negative, vader_very_negative"
disheartened,"afinn_negative, nrc_negative, nrc_sadness, vader_very_negative"
disheartening,"nrc_negative, nrc_sadness, vader_negative"
dishonest,"afinn_negative, nrc_anger, nrc_disgust, nrc_negative, nrc_sadness, vader_very_negative"
dishonored,shame_guilt
disillusioned,"afinn_negative, sadness_extended, vader_negative"
disillusionment,"nrc_anger, nrc_disgust, nrc_negative, nrc_sadness, vader_negative"
disinclined,"afinn_negative, vader_negative"
disjointed,"afinn_negative, vader_negative"
dislike,"afinn_negative, nrc_anger, nrc_disgust, nrc_negative, vader_negative"
disliked,"afinn_negative, nrc_anger, nrc_negative, nrc_sadness, vader_negative"
dislikes,"afinn_negative, vader_negative"
dismal,"afinn_negative, nrc_disgust, nrc_fear, nrc_negative, nrc_sadness, sadness_extended, vader_very_negative"
dismay,"nrc_anger, nrc_anticipation, nrc_fear, nrc_negative, nrc_sadness, nrc_surprise, vader_negative"
dismayed,"afinn_negative, vader_negative"
disorder,"afinn_negative, nrc_fear, nrc_negative, vader_negative"
disorganized,"afinn_negative, nrc_negative, vader_negative"
disoriented,"afinn_negative, confusion_uncertainty, vader_negative"
disparage,"afinn_negative, nrc_anger, nrc_disgust, nrc_negative, nrc_sadness, vader_very_negative"
disparaged,"afinn_negative, vader_negative"
disparages,"afinn_negative, vader_negative"
disparaging,"afinn_negative, nrc_anger, nrc_disgust, nrc_negative, nrc_sadness, vader_very_negative"
displeased,"afinn_negative, nrc_anger, nrc_disgust, nrc_fear, nrc_negative, nrc_sadness, vader_negative"
displeasure,"afinn_negative, nrc_disgust, nrc_negative"
dispute,"afinn_negative, nrc_anger, nrc_negative, vader_negative"
disputed,"afinn_negative, vader_negative"
disputes,"afinn_negative, vader_negative"
disputing,"afinn_negative, vader_negative"
disqualified,"afinn_negative, nrc_anger, nrc_disgust, nrc_negative, nrc_sadness, vader_negative"
disquiet,"afinn_negative, vader_negative"
disregard,"afinn_negative, nrc_negative, vader_negative"
disregarded,"afinn_negative, nrc_disgust, nrc_negative, vader_negative"
disregarding,"afinn_negative, vader_negative"
disregards,"afinn_negative, vader_negative"
disrespect,"afinn_negative, nrc_anger, nrc_negative, vader_negative"
disrespected,"afinn_negative, vader_very_negative"
disruption,"afinn_negative, nrc_anger, nrc_fear, nrc_negative, nrc_surprise, vader_negative"
disruptions,"afinn_negative, vader_negative"
disruptive,"afinn_negative, vader_negative"
dissatisfaction,"nrc_negative, vader_very_negative"
dissatisfied,"afinn_negative, vader_negative"
distasteful,"afinn_negative, nrc_disgust, nrc_negative"
distort,"afinn_negative, vader_negative"
distorted,"afinn_negative, nrc_disgust, nrc_negative, vader_negative"
distorting,"afinn_negative, vader_negative"
distorts,"afinn_negative, vader_negative"
distract,"afinn_negative, nrc_negative, vader_negative"
distracted,"afinn_negative, nrc_anger, nrc_negative, vader_negative"
distracting,"nrc_anger, nrc_anticipation, nrc_negative, vader_negative"
distraction,"afinn_negative, nrc_negative, vader_negative"
distracts,"afinn_negative, vader_negative"
distraught,"nrc_negative, nrc_sadness, vader_very_negative"
distress,"afinn_negative, nrc_anger, nrc_disgust, nrc_fear, nrc_negative, nrc_sadness, nrc_surprise, vader_very_negative"
distressed,"afinn_negative, nrc_fear, nrc_negative, vader_negative"
distresses,"afinn_negative, vader_negative"
distressing,"afinn_negative, nrc_anger, nrc_fear, nrc_negative, vader_negative"
distrust,"afinn_very_negative, nrc_anger, nrc_disgust, nrc_fear, nrc_negative, vader_negative"
distrustful,"afinn_very_negative, vader_very_negative"
disturb,"afinn_negative, vader_negative"
disturbance,"nrc_anger, nrc_fear, nrc_negative, nrc_sadness, nrc_surprise, vader_negative"
disturbed,"afinn_negative, nrc_anger, nrc_negative, nrc_sadness, vader_negative"
disturbing,"afinn_negative, vader_very_negative"
disturbs,"afinn_negative, vader_negative"
dithering,"afinn_negative, vader_negative"
divination,"nrc_anticipation, vader_positive"
divinity,"nrc_positive, vader_very_positive"
dizzy,"afinn_negative, nrc_negative, vader_negative"
dodging,"afinn_negative, vader_negative"
dodgy,"afinn_negative, vader_negative"
dolorous,"afinn_negative, vader_very_negative"
dominate,"nrc_anger, nrc_fear, nrc_negative, nrc_positive, vader_negative"
domination,"nrc_anger, nrc_fear, nrc_negative, nrc_sadness, vader_negative"
donation,"afinn_positive, nrc_positive"
doom,"afinn_negative, nrc_fear, nrc_negative, vader_negative"
doomed,"afinn_negative, nrc_fear, nrc_negative, nrc_sadness, vader_very_negative"
doomsday,"nrc_anger, nrc_anticipation, nrc_disgust, nrc_fear, nrc_negative, nrc_sadness, vader_very_negative"
doubt,"afinn_negative, nrc_fear, nrc_negative, nrc_sadness, nrc_trust, vader_negative"
doubted,"afinn_negative, vader_negative"
doubtful,"afinn_negative, confusion_uncertainty, nrc_negative, vader_negative"
doubting,"afinn_negative, nrc_negative, vader_negative"
doubtless,"nrc_positive, nrc_trust, vader_positive"
doubts,"afinn_negative, vader_negative"
douche,"afinn_very_negative, nrc_negative, vader_negative"
douchebag,"afinn_very_negative, vader_very_negative"
dour,"afinn_negative, nrc_negative"
down in the dumps,sadness_extended
downcast,"afinn_negative, vader_negative"
downhearted,"afinn_negative, sadness_extended, vader_very_negative"
downside,"afinn_negative, vader_negative"
drag,"afinn_negative, vader_negative"
dragged,"afinn_negative, vader_negative"
drags,"afinn_negative, vader_negative"
drained,"afinn_negative, boredom_apathy, vader_negative"
dread,"afinn_negative, nrc_anticipation, nrc_fear, nrc_negative, vader_very_negative"
dreaded,"afinn_negative, vader_very_negative"
dreadful,"afinn_very_negative, fear_extended, nrc_anger, nrc_anticipation, nrc_disgust, nrc_fear, nrc_negative, nrc_sadness, vader_negative"
dreadfully,"nrc_disgust, nrc_fear, nrc_negative, nrc_sadness, nrc_surprise, vader_very_negative"
dreading,"afinn_negative, fear_extended, vader_very_negative"
dream,"afinn_positive, vader_positive"
dreams,"afinn_positive, vader_positive"
dreary,"afinn_negative, nrc_negative, nrc_sadness, vader_negative"
droopy,"afinn_negative, vader_negative"
drop,"afinn_negative, vader_negative"
drown,"afinn_negative, nrc_fear, nrc_negative, nrc_sadness, vader_very_negative"
drowned,"afinn_negative, vader_very_negative"
drowns,"afinn_negative, vader_very_negative"
drudgery,"afinn_negative, nrc_negative"
drunk,"afinn_negative, vader_negative"
dubious,"afinn_negative, nrc_fear, nrc_negative, nrc_trust, vader_negative"
dud,"afinn_negative, vader_negative"
dull,"afinn_negative, boredom_apathy, nrc_negative, nrc_sadness, vader_negative"
dumb,"afinn_very_negative, nrc_negative, vader_very_negative"
dumbass,"afinn_very_negative, vader_very_negative"
dumbfounded,"surprise_extended, vader_negative"
dump,"afinn_negative, vader_negative"
dumped,"afinn_negative, vader_negative"
dumps,"afinn_negative, nrc_anger, nrc_negative, nrc_sadness, vader_negative"
dupe,"afinn_negative, nrc_anger, nrc_negative, vader_negative"
duped,"afinn_negative, vader_negative"
durable,"afinn_positive, nrc_positive, nrc_trust"
dying,"afinn_very_negative, nrc_anger, nrc_disgust, nrc_fear, nrc_negative, nrc_sadness"
dynamic,"nrc_surprise, vader_positive"
dysfunction,"afinn_negative, vader_negative"
eager,"afinn_positive, anticipation_extended, nrc_anticipation, nrc_joy, nrc_positive, nrc_surprise, nrc_trust, vader_positive"
eagerness,"nrc_anticipation, nrc_joy, nrc_positive, nrc_trust, vader_positive"
earnest,"afinn_positive, nrc_positive, vader_very_positive"
ease,"afinn_positive, nrc_positive, vader_positive"
easement,"nrc_positive, vader_positive"
easy,"afinn_positive, vader_positive"
easygoing,"nrc_positive, vader_positive"
ecstasy,"nrc_anticipation, nrc_joy, nrc_positive, vader_very_positive"
ecstatic,"afinn_very_positive, joy_extended, nrc_anticipation, nrc_joy, nrc_positive, nrc_surprise, vader_very_positive"
eerie,"afinn_negative, vader_negative"
eery,"afinn_negative, vader_negative"
effective,"afinn_positive, nrc_positive, nrc_trust, vader_very_positive"
effectively,"afinn_positive, vader_positive"
efficiency,"nrc_positive, vader_positive"
efficient,"nrc_anticipation, nrc_positive, nrc_trust, vader_positive"
egotistical,"nrc_disgust, nrc_negative, vader_negative"
elated,"afinn_very_positive, joy_extended, nrc_joy, nrc_positive, vader_very_positive"
elation,"afinn_very_positive, vader_positive"
elegance,"nrc_anticipation, nrc_joy, nrc_positive, nrc_trust, vader_very_positive"
elegant,"afinn_positive, nrc_joy, nrc_positive, vader_very_positive"
elegantly,"afinn_positive, vader_positive"
embarrass,"afinn_negative, nrc_negative, nrc_sadness, vader_negative"
embarrassed,"afinn_negative, shame_guilt, vader_negative"
embarrasses,"afinn_negative, vader_negative"
embarrassing,"afinn_negative, nrc_negative, vader_negative"
embarrassment,"afinn_negative, nrc_fear, nrc_negative, nrc_sadness, nrc_surprise, vader_negative"
embezzlement,"afinn_very_negative, nrc_negative"
embittered,"afinn_negative, vader_negative"
embrace,"afinn_positive, nrc_anticipation, nrc_joy, nrc_positive, nrc_surprise, nrc_trust, vader_positive"
emergency,"afinn_negative, nrc_fear, nrc_negative, nrc_sadness, nrc_surprise, vader_negative"
empathetic,"afinn_positive, love_affection, vader_positive"
empower,"afinn_positive, nrc_positive"
empowered,pride_confidence
emptiness,"afinn_negative, nrc_sadness, vader_negative"
empty,"afinn_negative, vader_negative"
enchanted,"afinn_positive, nrc_joy, nrc_positive, nrc_trust, vader_positive"
encourage,"afinn_positive, nrc_joy, nrc_positive, nrc_trust, vader_very_positive"
encouraged,"afinn_positive, joy_extended, vader_positive"
encouragement,"afinn_positive, nrc_positive, vader_positive"
encourages,"afinn_positive, vader_positive"
encouraging,"afinn_positive, vader_very_positive"
endorse,"afinn_positive, vader_positive"
endorsed,"afinn_positive, vader_positive"
endorsement,"afinn_positive, vader_positive"
endorses,"afinn_positive, vader_positive"
enemies,"afinn_negative, vader_very_negative"
enemy,"afinn_negative, nrc_anger, nrc_disgust, nrc_fear, nrc_negative, vader_very_negative"
energetic,"afinn_positive, nrc_positive, vader_positive"
energized,"joy_extended, vader_very_positive"
engage,"afinn_positive, vader_positive"
engaged,"nrc_anticipation, nrc_joy, nrc_positive, nrc_trust, vader_positive"
engages,"afinn_positive, vader_positive"
engaging,"nrc_joy, nrc_positive, nrc_trust, vader_positive"
engrossed,"afinn_positive, vader_positive"
enjoy,"afinn_positive, nrc_anticipation, nrc_joy, nrc_positive, nrc_trust, vader_very_positive"
enjoyable,"afinn_positive, vader_positive"
enjoyed,"afinn_positive, vader_very_positive"
enjoying,"afinn_positive, nrc_anticipation, nrc_joy, nrc_positive, nrc_trust, vader_very_positive"
enjoys,"afinn_positive, vader_very_positive"
enlighten,"afinn_positive, nrc_joy, nrc_positive, nrc_trust, vader_very_positive"
enlightened,"afinn_positive, vader_very_positive"
enlightening,"afinn_positive, vader_very_positive"
enlightens,"afinn_positive, vader_positive"
ennui,"afinn_negative, vader_negative"
enrage,"afinn_negative, vader_very_negative"
enraged,"afinn_negative, anger_extended, vader_negative"
enrages,"afinn_negative, vader_negative"
enraging,"afinn_negative, vader_very_negative"
enrapture,"afinn_very_positive, vader_very_positive"
enslave,"afinn_negative, nrc_negative, vader_very_negative"
enslaved,"afinn_negative, nrc_anger, nrc_disgust, nrc_fear, nrc_negative, nrc_sadness, vader_negative"
enslaves,"afinn_negative, vader_negative"
ensure,"afinn_positive, vader_positive"
ensuring,"afinn_positive, vader_positive"
enterprising,"afinn_positive, nrc_positive, vader_very_positive"
entertain,"nrc_joy, nrc_positive, vader_positive"
entertained,"joy_extended, nrc_joy, nrc_positive, vader_positive"
entertaining,"afinn_positive, nrc_anticipation, nrc_joy, nrc_positive, vader_positive"
entertainment,"nrc_anticipation, nrc_joy, nrc_positive, nrc_surprise, nrc_trust, vader_positive"
enthral,"afinn_very_positive, vader_positive"
enthusiasm,"nrc_anticipation, nrc_joy, nrc_positive, nrc_surprise, vader_positive"
enthusiast,"nrc_anticipation, nrc_joy, nrc_positive, nrc_surprise, vader_positive"
enthusiastic,"afinn_very_positive, anticipation_extended, vader_very_positive"
entitled,"afinn_positive, vader_positive"
entrusted,"afinn_positive, vader_positive"
envies,"afinn_negative, vader_negative"
envious,"afinn_negative, jealousy_envy, nrc_negative, vader_negative"
envy,"afinn_negative, vader_negative"
envying,"afinn_negative, vader_negative"
erroneous,"afinn_negative, nrc_negative, vader_negative"
error,"afinn_negative, nrc_negative, nrc_sadness, vader_negative"
errors,"afinn_negative, vader_negative"
escape,"afinn_negative, nrc_anticipation, nrc_fear, nrc_negative, nrc_positive, vader_positive"
escapes,"afinn_negative, vader_positive"
escaping,"afinn_negative, vader_positive"
esteem,"afinn_positive, nrc_joy, nrc_positive, nrc_sadness, nrc_trust"
esteemed,"afinn_positive, pride_confidence, vader_positive"
estranged,"loneliness_isolation, nrc_negative"
ethical,"afinn_positive, nrc_positive, vader_very_positive"
euphoria,"afinn_very_positive, vader_very_positive"
euphoric,"afinn_very_positive, joy_extended, vader_very_positive"
evacuate,"afinn_negative, nrc_fear, nrc_negative"
evacuation,"afinn_negative, nrc_negative"
evergreen,"afinn_positive, nrc_joy, nrc_positive, nrc_trust"
eviction,"afinn_negative, nrc_anger, nrc_disgust, nrc_fear, nrc_negative, nrc_sadness, vader_very_negative"
evil,"afinn_very_negative, nrc_anger, nrc_disgust, nrc_fear, nrc_negative, nrc_sadness, vader_very_negative"
exacerbate,"afinn_negative, nrc_negative"
exaggerate,"afinn_negative, nrc_anger, nrc_negative, vader_negative"
exaggerated,"afinn_negative, nrc_negative, vader_negative"
exaggerates,"afinn_negative, vader_negative"
exaggerating,"afinn_negative, vader_negative"
exasperated,"afinn_negative, anger_extended, vader_negative"
excel,"nrc_anticipation, nrc_joy, nrc_positive, nrc_surprise, nrc_trust, vader_very_positive"
excellence,"afinn_very_positive, nrc_disgust, nrc_joy, nrc_positive, nrc_trust, vader_very_positive"
excellent,"afinn_very_positive, nrc_joy, nrc_positive, nrc_trust, vader_very_positive"
excitable,"nrc_positive, vader_positive"
excitation,"nrc_anger, nrc_anticipation, nrc_fear, nrc_joy, nrc_positive, nrc_surprise, vader_positive"
excite,"afinn_very_positive, nrc_anger, nrc_anticipation, nrc_fear, nrc_joy, nrc_positive, nrc_surprise, vader_very_positive"
excited,"afinn_very_positive, anticipation_extended, nrc_anticipation, nrc_joy, nrc_positive, nrc_surprise, nrc_trust, vader_positive"
excitement,"afinn_very_positive, nrc_anticipation, nrc_joy, nrc_positive, nrc_surprise, vader_very_positive"
exciting,"afinn_very_positive, nrc_anticipation, nrc_joy, nrc_positive, nrc_surprise, vader_very_positive"
exclude,"afinn_negative, vader_negative"
excluded,"afinn_negative, loneliness_isolation, nrc_disgust, nrc_negative, nrc_sadness, vader_negative"
exclusion,"afinn_negative, nrc_disgust, nrc_fear, nrc_negative, nrc_sadness, vader_negative"
exclusive,"afinn_positive, vader_positive"
excruciating,"nrc_fear, nrc_negative, vader_very_negative"
excruciatingly,"afinn_negative, vader_very_negative"
excuse,"afinn_negative, nrc_negative, vader_positive"
exempt,"afinn_negative, vader_positive"
exhaust,"nrc_negative, vader_negative"
exhausted,"afinn_negative, boredom_apathy, nrc_negative, nrc_sadness, vader_negative"
exhaustion,"nrc_anticipation, nrc_negative, nrc_sadness, vader_negative"
exhaustive,"nrc_trust, vader_negative"
exhilarated,"afinn_very_positive, joy_extended, vader_very_positive"
exhilarates,"afinn_very_positive, vader_very_positive"
exhilarating,"afinn_very_positive, vader_positive"
exonerate,"afinn_positive, vader_positive"
exonerated,"afinn_positive, vader_positive"
exonerates,"afinn_positive, vader_positive"
exonerating,"afinn_positive, vader_positive"
expand,"afinn_positive, vader_positive"
expands,"afinn_positive, vader_positive"
expecting,"anticipation_extended, nrc_anticipation"
expel,"afinn_negative, nrc_anger, nrc_disgust, nrc_fear, nrc_negative, nrc_sadness, vader_negative"
expelled,"afinn_negative, vader_negative"
expelling,"afinn_negative, vader_negative"
expels,"afinn_negative, vader_negative"
exploit,"afinn_negative, vader_negative"
exploited,"afinn_negative, vader_very_negative"
exploiting,"afinn_negative, vader_negative"
exploits,"afinn_negative, vader_negative"
exploration,"afinn_positive, vader_positive"
explorations,"afinn_positive, vader_positive"
expose,"afinn_negative, nrc_anticipation, nrc_fear, vader_negative"
exposed,"afinn_negative, nrc_negative, shame_guilt, vader_negative"
exposes,"afinn_negative, vader_negative"
exposing,"afinn_negative, vader_negative"
exquisite,"afinn_very_positive, nrc_joy, nrc_positive"
extend,"afinn_positive, nrc_positive, vader_positive"
extends,"afinn_positive, vader_positive"
exuberant,"afinn_very_positive, vader_very_positive"
exultant,"afinn_very_positive, vader_very_positive"
exultantly,"afinn_very_positive, vader_positive"
eye-opening,surprise_extended
fabulous,"afinn_very_positive, vader_very_positive"
fad,"afinn_negative, vader_positive"
fag,"afinn_very_negative, vader_very_negative"
faggot,"afinn_very_negative, vader_very_negative"
faggots,"afinn_very_negative, vader_very_negative"
fail,"afinn_negative, vader_very_negative"
failed,"afinn_negative, vader_very_negative"
failing,"afinn_negative, nrc_anger, nrc_anticipation, nrc_fear, nrc_negative, nrc_sadness, vader_very_negative"
fails,"afinn_negative, vader_negative"
failure,"afinn_negative, nrc_disgust, nrc_fear, nrc_negative, nrc_sadness, vader_very_negative"
failures,"afinn_negative, vader_very_negative"
fainthearted,"afinn_negative, vader_negative"
fair,"afinn_positive, nrc_positive, vader_positive"
faith,"afinn_positive, nrc_anticipation, nrc_joy, nrc_positive, nrc_trust, vader_positive"
faithful,"afinn_very_positive, nrc_positive, nrc_trust, trust_extended, vader_positive"
faithless,"nrc_negative, nrc_sadness, vader_negative"
fake,"afinn_very_negative, nrc_negative, vader_very_negative"
fakes,"afinn_very_negative, vader_negative"
faking,"afinn_very_negative, vader_negative"
fallen,"afinn_negative, vader_negative"
falling,"afinn_negative, nrc_negative, nrc_sadness, vader_negative"
falling for,love_affection
falsely,"afinn_negative, nrc_negative"
falsified,"afinn_very_negative, vader_negative"
falsify,"afinn_very_negative, nrc_disgust, nrc_negative, vader_very_negative"
fame,"afinn_positive, nrc_positive, vader_positive"
famine,"afinn_negative, nrc_negative, nrc_sadness"
famous,"afinn_positive, nrc_positive"
fan,"afinn_very_positive, vader_positive"
fantastic,"afinn_very_positive, joy_extended, vader_very_positive"
farce,"afinn_negative, nrc_negative, vader_negative"
fascinate,"afinn_very_positive, vader_very_positive"
fascinated,"afinn_very_positive, vader_very_positive"
fascinates,"afinn_very_positive, vader_very_positive"
fascinating,"afinn_very_positive, nrc_positive, vader_very_positive"
fascination,"afinn_very_positive, nrc_positive, vader_very_positive"
fascist,"afinn_negative, vader_very_negative"
fascists,"afinn_negative, vader_negative"
fatal,"afinn_very_negative, nrc_anger, nrc_fear, nrc_negative, nrc_sadness, vader_very_negative"
fatalities,"afinn_very_negative, vader_very_negative"
fatality,"afinn_very_negative, nrc_fear, nrc_negative, nrc_sadness, vader_very_negative"
fatigue,"afinn_negative, nrc_negative, vader_negative"
fatigued,"afinn_negative, boredom_apathy, nrc_negative, nrc_sadness, vader_negative"
fatigues,"afinn_negative, vader_negative"
fatiguing,"afinn_negative, vader_negative"
fault,"nrc_negative, nrc_sadness, vader_negative"
faultless,"nrc_positive, nrc_trust, vader_very_positive"
faulty,"nrc_negative, vader_negative"
favor,"afinn_positive, vader_positive"
favorable,"afinn_positive, nrc_anticipation, nrc_joy, nrc_positive, nrc_surprise, nrc_trust, vader_very_positive"
favorably,"afinn_positive, vader_positive"
favored,"afinn_positive, vader_positive"
favorite,"afinn_positive, nrc_joy, nrc_positive, nrc_trust, vader_very_positive"
favorited,"afinn_positive, vader_positive"
favorites,"afinn_positive, vader_positive"
favoritism,"nrc_positive, vader_positive"
favors,"afinn_positive, vader_positive"
favour,"afinn_positive, vader_positive"
favoured,"afinn_positive, vader_positive"
favours,"afinn_positive, vader_positive"
fear,"afinn_negative, nrc_anger, nrc_fear, nrc_negative, vader_very_negative"
fearful,"afinn_negative, nrc_fear, nrc_negative, nrc_sadness, vader_very_negative"
fearfully,"afinn_negative, nrc_fear, nrc_negative, nrc_sadness, nrc_surprise, vader_very_negative"
fearing,"afinn_negative, fear_extended, nrc_fear, nrc_negative, vader_very_negative"
fearless,"afinn_positive, nrc_fear, nrc_positive, vader_positive"
fearlessness,"afinn_positive, vader_positive"
fearsome,"afinn_negative, vader_negative"
fed up,"afinn_very_negative, vader_negative"
feeble,"afinn_negative, nrc_negative, nrc_sadness, vader_negative"
feeling,"afinn_positive, nrc_anger, nrc_anticipation, nrc_disgust, nrc_fear, nrc_joy, nrc_negative, nrc_positive, nrc_sadness, nrc_surprise, nrc_trust, vader_positive"
feeling blue,sadness_extended
felonies,"afinn_very_negative, vader_very_negative"
felony,"afinn_very_negative, nrc_negative, vader_very_negative"
ferocious,"nrc_anger, nrc_disgust, nrc_fear, nrc_negative, vader_negative"
ferocity,"nrc_anger, nrc_negative, vader_negative"
fertile,"afinn_positive, nrc_positive"
fervent,"afinn_positive, vader_positive"
fervid,"afinn_positive, vader_positive"
festival,"nrc_anticipation, nrc_joy, nrc_positive, nrc_surprise, vader_very_positive"
festive,"afinn_positive, nrc_joy, nrc_positive, vader_very_positive"
feud,"nrc_anger, nrc_negative, vader_negative"
feudal,"nrc_negative, vader_negative"
feudalism,"nrc_anger, nrc_negative, nrc_sadness, vader_negative"
fever,"afinn_negative, nrc_fear"
fiasco,"afinn_very_negative, nrc_negative, vader_very_negative"
fidgety,"afinn_negative, vader_negative"
fiesta,"nrc_anticipation, nrc_joy, nrc_positive, nrc_surprise, nrc_trust, vader_very_positive"
fight,"afinn_negative, nrc_anger, nrc_fear, nrc_negative, vader_negative"
fighting,"afinn_negative, nrc_anger, nrc_negative, vader_negative"
filth,"afinn_negative, nrc_disgust, nrc_negative"
filthy,"afinn_negative, nrc_disgust, nrc_negative"
fine,"afinn_positive, vader_positive"
fire,"afinn_negative, nrc_fear, vader_negative"
fired,"afinn_negative, vader_very_negative"
fired up,anger_extended
firing,"afinn_negative, vader_negative"
fit,"afinn_positive, vader_positive"
fit to be tied,anger_extended
fitness,"afinn_positive, vader_positive"
flabbergasted,surprise_extended
flagship,"afinn_positive, nrc_trust, vader_positive"
flattering,"nrc_joy, nrc_positive, vader_positive"
flaw,"afinn_negative, nrc_negative, nrc_sadness"
flawed,"afinn_very_negative, vader_very_negative"
flawless,"afinn_positive, vader_very_positive"
flawlessly,"afinn_positive, vader_positive"
flees,"afinn_negative, vader_negative"
flexibility,"nrc_positive, vader_positive"
floored,surprise_extended
flop,"afinn_negative, nrc_disgust, nrc_negative, nrc_sadness, vader_negative"
flops,"afinn_negative, vader_negative"
flu,"afinn_negative, nrc_fear, nrc_negative, vader_negative"
flustered,"afinn_negative, confusion_uncertainty, vader_negative"
focused,"afinn_positive, vader_positive"
foe,"nrc_anger, nrc_fear, nrc_negative, vader_negative"
fond,"afinn_positive, love_affection, vader_positive"
fondness,"afinn_positive, nrc_joy, nrc_positive, vader_very_positive"
fool,"afinn_negative, nrc_disgust, nrc_negative, vader_negative"
foolish,"afinn_negative, nrc_negative, vader_negative"
foolishness,"nrc_negative, vader_negative"
fools,"afinn_negative, vader_very_negative"
forbid,"afinn_negative, nrc_negative, nrc_sadness, vader_negative"
forbidden,"afinn_negative, vader_negative"
forbidding,"afinn_negative, nrc_anger, nrc_fear, nrc_negative, vader_negative"
forced,"afinn_negative, nrc_fear, nrc_negative, vader_very_negative"
foreclosure,"afinn_negative, vader_negative"
foreclosures,"afinn_negative, vader_very_negative"
forget,"afinn_negative, nrc_negative, vader_negative"
forgetful,"afinn_negative, vader_negative"
forgive,"afinn_positive, nrc_positive, vader_positive"
forgiven,"nrc_positive, vader_positive"
forgiving,"afinn_positive, nrc_positive, nrc_trust, vader_positive"
forgotten,"afinn_negative, nrc_fear, nrc_negative, nrc_sadness, vader_negative"
forsaken,"loneliness_isolation, nrc_anger, nrc_negative, nrc_sadness, sadness_extended"
fortunate,"afinn_positive, joy_extended, nrc_positive, vader_positive"
fortune,"afinn_positive, nrc_anticipation, nrc_joy, nrc_positive, nrc_surprise, nrc_trust"
foul,"afinn_very_negative, nrc_anger, nrc_disgust, nrc_fear, nrc_negative"
fragile,"nrc_fear, nrc_negative, nrc_sadness, sadness_extended"
frantic,"afinn_negative, nrc_anticipation, nrc_disgust, nrc_fear, nrc_negative, nrc_surprise, stress_anxiety, vader_negative"
fraud,"afinn_very_negative, nrc_anger, nrc_negative, vader_very_negative"
frauds,"afinn_very_negative, vader_very_negative"
fraudster,"afinn_very_negative, vader_very_negative"
fraudsters,"afinn_very_negative, vader_very_negative"
fraudulence,"afinn_very_negative, vader_very_negative"
fraudulent,"afinn_very_negative, nrc_anger, nrc_disgust, nrc_negative, vader_very_negative"
frazzled,stress_anxiety
freak,"afinn_negative, vader_negative"
freaked out,fear_extended
freakish,"nrc_disgust, nrc_fear, nrc_negative, nrc_surprise, vader_very_negative"
free,"afinn_positive, vader_very_positive"
freedom,"afinn_positive, nrc_joy, nrc_positive, nrc_trust, vader_very_positive"
freedoms,"afinn_positive, vader_positive"
freely,"nrc_joy, nrc_positive, nrc_trust, vader_positive"
freezing,"nrc_negative, vader_negative"
frenzy,"afinn_very_negative, nrc_negative, vader_negative"
fresh,"afinn_positive, vader_positive"
friend,"afinn_positive, nrc_joy, nrc_positive, nrc_trust, vader_very_positive"
friendliness,"afinn_positive, nrc_joy, nrc_positive, nrc_trust, vader_very_positive"
friendly,"afinn_positive, nrc_anticipation, nrc_joy, nrc_positive, nrc_trust, vader_very_positive"
friendship,"afinn_positive, nrc_joy, nrc_positive, nrc_trust, vader_positive"
fright,"afinn_negative, nrc_fear, nrc_negative, nrc_surprise, vader_negative"
frighten,"nrc_fear, nrc_negative, nrc_sadness, nrc_surprise, vader_negative"
frightened,"afinn_negative, fear_extended, nrc_fear, nrc_negative, nrc_surprise, vader_negative"
frightening,"afinn_very_negative, vader_very_negative"
frightful,"nrc_anger, nrc_fear, nrc_negative, nrc_sadness, vader_very_negative"
frisky,"afinn_positive, nrc_anticipation, nrc_joy, nrc_positive, nrc_surprise, vader_positive"
frowning,"afinn_negative, nrc_anger, nrc_disgust, nrc_negative, nrc_sadness, vader_negative"
frozen with fear,fear_extended
fruitless,"afinn_negative, nrc_negative, nrc_sadness"
frustrate,"afinn_negative, nrc_anger, nrc_disgust, nrc_negative, nrc_sadness, vader_very_negative"
frustrated,"afinn_negative, anger_extended, nrc_anger, nrc_negative, vader_very_negative"
frustrates,"afinn_negative, vader_negative"
frustrating,"afinn_negative, vader_negative"
frustration,"afinn_negative, nrc_anger, nrc_negative, vader_very_negative"
ftw,"afinn_very_positive, vader_very_positive"
fuck,"afinn_very_negative, vader_very_negative"
fucked,"afinn_very_negative, vader_very_negative"
fucker,"afinn_very_negative, vader_very_negative"
fuckers,"afinn_very_negative, vader_very_negative"
fuckface,"afinn_very_negative, vader_very_negative"
fuckhead,"afinn_very_negative, vader_very_negative"
fucktard,"afinn_very_negative, vader_very_negative"
fud,"afinn_very_negative, vader_negative"
fuked,"afinn_very_negative, vader_very_negative"
fuking,"afinn_very_negative, vader_very_negative"
fulfill,"afinn_positive, nrc_joy, nrc_positive, vader_positive"
fulfilled,"afinn_positive, vader_positive"
fulfillment,"afinn_positive, nrc_anticipation, nrc_joy, nrc_positive, nrc_trust"
fulfills,"afinn_positive, vader_positive"
fume,"nrc_negative, vader_negative"
fuming,"afinn_negative, anger_extended, nrc_anger, nrc_negative, vader_very_negative"
fun,"afinn_very_positive, nrc_anticipation, nrc_joy, nrc_positive, vader_very_positive"
funeral,"afinn_negative, nrc_sadness, vader_negative"
funerals,"afinn_negative, vader_negative"
funky,"afinn_positive, vader_negative"
funnier,"afinn_very_positive, vader_positive"
funny,"afinn_very_positive, vader_positive"
furious,"afinn_very_negative, anger_extended, nrc_anger, nrc_disgust, nrc_negative, vader_very_negative"
furiously,"nrc_anger, vader_negative"
fury,"nrc_anger, nrc_fear, nrc_negative, nrc_sadness, vader_very_negative"
futile,"afinn_negative, nrc_negative, nrc_sadness, vader_negative"
gag,"afinn_negative, nrc_disgust, nrc_negative, vader_negative"
gagged,"afinn_negative, vader_negative"
gain,"afinn_positive, nrc_anticipation, nrc_joy, nrc_positive, vader_very_positive"
gained,"afinn_positive, vader_positive"
gaining,"afinn_positive, nrc_positive, vader_positive"
gains,"afinn_positive, vader_positive"
gallant,"afinn_very_positive, nrc_positive, vader_positive"
gallantly,"afinn_very_positive, vader_positive"
gallantry,"afinn_very_positive, nrc_positive, vader_very_positive"
garbage,"afinn_negative, nrc_disgust, nrc_negative"
gem,"afinn_very_positive, nrc_joy, nrc_positive"
generosity,"nrc_anticipation, nrc_joy, nrc_positive, nrc_surprise, nrc_trust, vader_very_positive"
generous,"afinn_positive, nrc_joy, nrc_positive, nrc_trust, vader_very_positive"
generously,"afinn_positive, vader_positive"
genial,"afinn_very_positive, nrc_joy, nrc_positive, vader_positive"
genuine,"nrc_positive, nrc_trust, trust_extended"
ghastly,"afinn_negative, nrc_disgust, nrc_fear, nrc_negative"
ghost,"afinn_negative, nrc_fear, vader_negative"
giddy,"afinn_negative, vader_negative"
gift,"afinn_positive, nrc_anticipation, nrc_joy, nrc_positive, nrc_surprise, vader_positive"
giggle,"nrc_joy, nrc_positive, vader_positive"
giving,"nrc_positive, vader_positive"
glad,"afinn_very_positive, nrc_anticipation, nrc_joy, nrc_positive, vader_very_positive"
glamorous,"afinn_very_positive, vader_very_positive"
glamourous,"afinn_very_positive, vader_very_positive"
glee,"afinn_very_positive, nrc_joy, nrc_positive, vader_very_positive"
gleeful,"afinn_very_positive, joy_extended, vader_very_positive"
gloom,"afinn_negative, nrc_negative, nrc_sadness, vader_very_negative"
gloomy,"afinn_negative, nrc_negative, nrc_sadness, sadness_extended, vader_negative"
glorification,"nrc_joy, nrc_positive, vader_very_positive"
glorify,"nrc_anticipation, nrc_joy, nrc_positive, nrc_surprise, nrc_trust, vader_very_positive"
glorious,"afinn_positive, vader_very_positive"
glory,"afinn_positive, nrc_anticipation, nrc_joy, nrc_positive, nrc_trust, vader_very_positive"
glum,"afinn_negative, nrc_negative, nrc_sadness, vader_very_negative"
gobsmacked,surprise_extended
god,"afinn_positive, nrc_anticipation, nrc_fear, nrc_joy, nrc_positive, nrc_trust, vader_positive"
goddamn,"afinn_very_negative, vader_very_negative"
godsend,"afinn_very_positive, nrc_joy, nrc_positive, nrc_surprise, vader_very_positive"
gold,"afinn_positive, nrc_positive"
good,"afinn_very_positive, nrc_anticipation, nrc_joy, nrc_positive, nrc_surprise, nrc_trust, vader_positive"
goodness,"afinn_very_positive, nrc_anticipation, nrc_joy, nrc_positive, nrc_surprise, nrc_trust, vader_very_positive"
goodwill,"afinn_very_positive, nrc_positive"
gorgeous,"nrc_joy, nrc_positive, vader_very_positive"
gossip,"nrc_negative, vader_negative"
gr8,"afinn_very_positive, vader_very_positive"
grace,"afinn_positive, nrc_positive, vader_positive"
graceful,"afinn_positive, nrc_positive, vader_very_positive"
gracious,"afinn_very_positive, nrc_positive, vader_very_positive"
graciously,"nrc_positive, vader_very_positive"
grand,"afinn_very_positive, vader_very_positive"
grandeur,"nrc_positive, vader_very_positive"
grant,"afinn_positive, nrc_anticipation, nrc_joy, nrc_positive, nrc_trust, vader_positive"
granted,"afinn_positive, nrc_positive, vader_positive"
granting,"afinn_positive, vader_positive"
grants,"afinn_positive, vader_positive"
grateful,"afinn_very_positive, gratitude_appreciation, joy_extended, nrc_positive, vader_very_positive"
gratification,"afinn_positive, vader_positive"
gratify,"nrc_joy, nrc_positive, nrc_surprise, vader_positive"
grating,"nrc_anger, nrc_disgust, nrc_negative, vader_negative"
gratitude,"nrc_joy, nrc_positive, vader_very_positive"
grave,"afinn_negative, nrc_fear, nrc_negative, nrc_sadness, vader_negative"
gray,"afinn_negative, nrc_disgust, nrc_sadness"
great,"afinn_very_positive, joy_extended, vader_very_positive"
greater,"afinn_very_positive, nrc_positive, vader_positive"
greatest,"afinn_very_positive, vader_very_positive"
greed,"afinn_very_negative, nrc_anger, nrc_disgust, nrc_negative, vader_negative"
greedy,"afinn_negative, nrc_disgust, nrc_negative, vader_negative"
green with envy,jealousy_envy
green-eyed,jealousy_envy
greenwash,"afinn_very_negative, vader_negative"
greenwashing,"afinn_very_negative, vader_negative"
greet,"afinn_positive, vader_positive"
greeted,"afinn_positive, vader_positive"
greeting,"afinn_positive, nrc_positive, nrc_surprise, vader_positive"
greetings,"afinn_positive, vader_positive"
greets,"afinn_positive, vader_positive"
grey,"afinn_negative, vader_positive"
grief,"afinn_negative, nrc_negative, nrc_sadness, vader_very_negative"
grievance,"nrc_anger, nrc_disgust, nrc_negative, nrc_sadness, vader_very_negative"
grieve,"nrc_fear, nrc_negative, nrc_sadness, vader_negative"
grieved,"afinn_negative, vader_very_negative"
grieving,"sadness_extended, vader_very_negative"
grievous,"nrc_anger, nrc_fear, nrc_negative, nrc_sadness, vader_very_negative"
grim,"afinn_negative, nrc_anger, nrc_anticipation, nrc_disgust, nrc_fear, nrc_negative, nrc_sadness, vader_very_negative"
grime,"nrc_disgust, nrc_negative, vader_negative"
grimy,"nrc_disgust, nrc_negative, vader_negative"
grin,"nrc_anticipation, nrc_joy, nrc_positive, nrc_surprise, nrc_trust, vader_very_positive"
grinning,"joy_extended, vader_positive"
grisly,"afinn_negative, nrc_disgust, nrc_fear, nrc_negative"
groan,"afinn_negative, nrc_disgust, nrc_negative, nrc_sadness"
gross,"afinn_negative, nrc_disgust, nrc_negative, vader_very_negative"
grossed out,disgust_extended
growing,"afinn_positive, vader_positive"
growth,"afinn_positive, nrc_positive, vader_positive"
gruesome,"afinn_very_negative, nrc_disgust, nrc_negative"
guarantee,"afinn_positive, nrc_positive, nrc_trust, vader_positive"
guilt,"afinn_very_negative, nrc_disgust, nrc_negative, nrc_sadness, vader_negative"
guilty,"afinn_very_negative, nrc_anger, nrc_negative, nrc_sadness, shame_guilt, vader_negative"
gullibility,"afinn_negative, vader_negative"
gullible,"afinn_negative, nrc_negative, nrc_sadness, nrc_trust, vader_negative"
gun,"afinn_negative, nrc_anger, nrc_fear, nrc_negative, vader_negative"
ha,"afinn_positive, vader_positive"
hacked,"afinn_negative, vader_negative"
haha,"afinn_very_positive, vader_very_positive"
hahaha,"afinn_very_positive, vader_very_positive"
hail,"afinn_positive, nrc_negative, nrc_positive, nrc_trust, vader_positive"
hailed,"afinn_positive, vader_positive"
hallelujah,"afinn_very_positive, vader_very_positive"
handsome,"afinn_very_positive, vader_very_positive"
hapless,"afinn_negative, vader_negative"
haplessness,"afinn_negative, vader_negative"
happiest,"afinn_very_positive, vader_very_positive"
happily,"nrc_joy, nrc_positive, vader_very_positive"
happiness,"afinn_very_positive, nrc_anticipation, nrc_joy, nrc_positive, vader_very_positive"
happy,"afinn_very_positive, joy_extended, nrc_anticipation, nrc_joy, nrc_positive, nrc_trust, vader_very_positive"
harass,"afinn_very_negative, nrc_anger, nrc_disgust, nrc_negative, vader_very_negative"
harassed,"afinn_very_negative, vader_very_negative"
harasses,"afinn_very_negative, vader_very_negative"
harassing,"afinn_very_negative, nrc_anger, vader_very_negative"
harassment,"afinn_very_negative, vader_very_negative"
hard,"afinn_negative, vader_negative"
hardier,"afinn_positive, vader_negative"
hardship,"afinn_negative, nrc_negative, nrc_sadness, vader_negative"
hardy,"afinn_positive, nrc_joy, nrc_positive, nrc_trust, vader_positive"
harm,"afinn_negative, nrc_fear, nrc_negative, vader_very_negative"
harmed,"afinn_negative, vader_very_negative"
harmful,"afinn_negative, nrc_anger, nrc_disgust, nrc_fear, nrc_negative, nrc_sadness"
harming,"afinn_negative, vader_very_negative"
harmonious,"afinn_positive, vader_very_positive"
harmoniously,"afinn_positive, nrc_joy, nrc_positive, nrc_trust, vader_positive"
harmony,"afinn_positive, nrc_joy, nrc_positive, nrc_trust, vader_positive"
harms,"afinn_negative, vader_very_negative"
harried,"afinn_negative, vader_negative"
harsh,"afinn_negative, vader_negative"
harsher,"afinn_negative, vader_very_negative"
harshest,"afinn_negative, vader_very_negative"
hate,"afinn_very_negative, nrc_anger, nrc_disgust, nrc_fear, nrc_negative, nrc_sadness, vader_very_negative"
hated,"afinn_very_negative, vader_very_negative"
hateful,"nrc_anger, nrc_disgust, nrc_fear, nrc_negative, nrc_sadness, vader_very_negative"
hater,"afinn_very_negative, vader_negative"
haters,"afinn_very_negative, vader_very_negative"
hates,"afinn_very_negative, vader_negative"
hating,"afinn_very_negative, nrc_anger, nrc_negative, vader_very_negative"
hatred,"afinn_very_negative, nrc_anger, nrc_disgust, nrc_fear, nrc_negative, nrc_sadness, vader_very_negative"
haunt,"afinn_negative, nrc_fear, nrc_negative, vader_negative"
haunted,"afinn_negative, nrc_fear, nrc_negative, nrc_sadness, vader_very_negative"
haunting,"afinn_positive, vader_negative"
haunts,"afinn_negative, vader_negative"
havoc,"afinn_negative, nrc_anger, nrc_fear, nrc_negative, vader_very_negative"
hazardous,"afinn_very_negative, nrc_fear, nrc_negative"
head over heels,love_affection
headache,"afinn_negative, nrc_negative"
healthy,"afinn_positive, nrc_positive, vader_positive"
heart racing,stress_anxiety
heartbreaking,"afinn_very_negative, vader_very_negative"
heartbroken,"afinn_very_negative, sadness_extended, vader_very_negative"
heartfelt,"afinn_very_positive, nrc_joy, nrc_positive, nrc_sadness, nrc_trust, vader_very_positive"
heartless,"afinn_negative, nrc_negative, nrc_sadness, vader_very_negative"
heartwarming,"afinn_very_positive, vader_very_positive"
heated,anger_extended
heaven,"afinn_positive, vader_very_positive"
heavenly,"afinn_very_positive, nrc_anticipation, nrc_joy, nrc_positive, nrc_trust, vader_very_positive"
heavens,"nrc_joy, nrc_positive, nrc_trust, vader_positive"
heavy-hearted,sadness_extended
heavyhearted,"afinn_negative, vader_very_negative"
hell,"afinn_very_negative, nrc_anger, nrc_disgust, nrc_fear, nrc_negative, nrc_sadness, vader_very_negative"
hellish,"afinn_negative, nrc_anger, nrc_disgust, nrc_fear, nrc_negative, nrc_sadness, vader_very_negative"
help,"afinn_positive, vader_positive"
helper,"nrc_positive, nrc_trust, vader_positive"
helpful,"afinn_positive, nrc_joy, nrc_positive, nrc_trust, vader_positive"
helping,"afinn_positive, vader_positive"
helpless,"afinn_negative, nrc_fear, nrc_negative, nrc_sadness, sadness_extended, vader_very_negative"
helplessness,"nrc_fear, nrc_negative, nrc_sadness, vader_very_negative"
helps,"afinn_positive, vader_positive"
hero,"afinn_positive, nrc_anticipation, nrc_joy, nrc_positive, nrc_surprise, nrc_trust, vader_very_positive"
heroes,"afinn_positive, vader_very_positive"
heroic,"afinn_very_positive, nrc_joy, nrc_positive, nrc_surprise, nrc_trust, vader_very_positive"
heroics,"nrc_positive, vader_very_positive"
heroin,"nrc_negative, vader_very_negative"
heroine,"nrc_positive, nrc_trust, vader_very_positive"
heroism,"nrc_anticipation, nrc_joy, nrc_positive, nrc_surprise, nrc_trust, vader_very_positive"
hesitant,"afinn_negative, confusion_uncertainty, vader_negative"
hesitate,"afinn_negative, vader_negative"
hesitation,"nrc_fear, nrc_negative, vader_negative"
hid,"afinn_negative, vader_negative"
hide,"afinn_negative, nrc_fear, vader_negative"
hideous,"afinn_very_negative, nrc_disgust, nrc_fear, nrc_negative, nrc_sadness"
hides,"afinn_negative, vader_negative"
hiding,"afinn_negative, nrc_fear, vader_negative"
highlight,"afinn_positive, vader_positive"
hilarious,"afinn_positive, nrc_joy, nrc_positive, nrc_surprise, vader_positive"
hindrance,"afinn_negative, nrc_negative, vader_negative"
hoax,"afinn_negative, nrc_anger, nrc_disgust, nrc_negative, nrc_sadness, nrc_surprise, vader_negative"
holiday,"nrc_anticipation, nrc_joy, nrc_positive, vader_positive"
hollow,"afinn_negative, nrc_negative, nrc_sadness"
homeless,"afinn_negative, nrc_anger, nrc_anticipation, nrc_disgust, nrc_fear, nrc_negative, nrc_sadness"
homesick,"afinn_negative, loneliness_isolation, nrc_negative, nrc_sadness, sadness_extended, vader_negative"
homicide,"afinn_negative, nrc_anger, nrc_disgust, nrc_fear, nrc_negative, nrc_sadness"
honest,"afinn_positive, nrc_anger, nrc_disgust, nrc_fear, nrc_joy, nrc_positive, nrc_sadness, nrc_trust, trust_extended, vader_very_positive"
honesty,"nrc_positive, nrc_trust, vader_very_positive"
honor,"afinn_positive, nrc_positive, nrc_trust, vader_very_positive"
honorable,"nrc_positive, nrc_trust, vader_very_positive"
honored,"afinn_positive, gratitude_appreciation, pride_confidence, vader_very_positive"
honoring,"afinn_positive, vader_very_positive"
honour,"afinn_positive, vader_very_positive"
honoured,"afinn_positive, vader_very_positive"
honouring,"afinn_positive, vader_very_positive"
hooligan,"afinn_negative, vader_negative"
hooliganism,"afinn_negative, vader_very_negative"
hooligans,"afinn_negative, vader_negative"
hope,"afinn_positive, nrc_anticipation, nrc_joy, nrc_positive, nrc_surprise, nrc_trust, vader_positive"
hopeful,"afinn_positive, joy_extended, nrc_anticipation, nrc_joy, nrc_positive, nrc_surprise, nrc_trust, vader_very_positive"
hopefully,"afinn_positive, vader_positive"
hopeless,"afinn_negative, nrc_fear, nrc_negative, nrc_sadness, sadness_extended, vader_very_negative"
hopelessness,"afinn_negative, nrc_anger, nrc_disgust, nrc_fear, nrc_negative, nrc_sadness, vader_very_negative"
hopes,"afinn_positive, vader_positive"
hoping,"afinn_positive, anticipation_extended, vader_positive"
horrendous,"afinn_very_negative, vader_very_negative"
horrible,"afinn_very_negative, nrc_anger, nrc_disgust, nrc_fear, nrc_negative, vader_very_negative"
horribly,"nrc_negative, vader_very_negative"
horrid,"afinn_very_negative, nrc_anger, nrc_disgust, nrc_fear, nrc_negative, nrc_sadness, vader_very_negative"
horrific,"afinn_very_negative, nrc_anger, nrc_disgust, nrc_fear, nrc_negative, nrc_sadness, vader_very_negative"
horrified,"afinn_very_negative, disgust_extended, fear_extended, nrc_fear, nrc_negative, vader_very_negative"
horrifying,"nrc_disgust, nrc_fear, nrc_negative, nrc_sadness, vader_very_negative"
horror,"nrc_anger, nrc_disgust, nrc_fear, nrc_negative, nrc_sadness, nrc_surprise, vader_very_negative"
horrors,"nrc_fear, nrc_negative, nrc_sadness, vader_very_negative"
hostile,"afinn_negative, anger_extended, nrc_anger, nrc_disgust, nrc_fear, nrc_negative, vader_negative"
hostilities,"nrc_anger, nrc_fear, nrc_negative, vader_very_negative"
hostility,"nrc_anger, nrc_disgust, nrc_negative, vader_very_negative"
hot under the collar,anger_extended
huckster,"afinn_negative, vader_negative"
hug,"afinn_positive, nrc_joy, nrc_positive, nrc_trust, vader_very_positive"
huge,"afinn_positive, vader_positive"
hugs,"afinn_positive, vader_very_positive"
humane,"afinn_positive, nrc_positive"
humble,"afinn_positive, nrc_disgust, nrc_negative, nrc_positive, nrc_sadness"
humbled,"gratitude_appreciation, nrc_positive, nrc_sadness"
humbug,"afinn_negative, nrc_anger, nrc_disgust, nrc_negative, nrc_sadness"
humerous,"afinn_very_positive, vader_positive"
humiliate,"nrc_anger, nrc_negative, nrc_sadness, vader_very_negative"
humiliated,"afinn_very_negative, shame_guilt, vader_negative"
humiliating,"nrc_disgust, nrc_negative, vader_negative"
humiliation,"afinn_very_negative, nrc_disgust, nrc_negative, nrc_sadness, vader_very_negative"
humor,"afinn_positive, vader_positive"
humorist,"nrc_positive, vader_positive"
humorous,"afinn_positive, nrc_joy, nrc_positive, vader_positive"
humour,"afinn_positive, vader_very_positive"
humourous,"afinn_positive, vader_very_positive"
hunger,"afinn_negative, vader_negative"
hurrah,"afinn_very_positive, nrc_joy, nrc_positive, vader_very_positive"
hurt,"afinn_negative, nrc_anger, nrc_fear, nrc_negative, nrc_sadness, vader_very_negative"
hurtful,"nrc_anger, nrc_disgust, nrc_fear, nrc_negative, nrc_sadness, vader_very_negative"
hurting,"afinn_negative, nrc_anger, nrc_fear, nrc_negative, nrc_sadness, vader_negative"
hurts,"afinn_negative, vader_very_negative"
hyperventilating,stress_anxiety
hypocritical,"afinn_negative, nrc_disgust, nrc_negative, vader_very_negative"
hysteria,"afinn_very_negative, nrc_fear, nrc_negative, vader_negative"
hysterical,"afinn_very_negative, fear_extended, nrc_anger, nrc_fear, nrc_negative, vader_negative"
hysterics,"afinn_very_negative, vader_negative"
idealism,"nrc_positive, vader_positive"
idiocy,"afinn_very_negative, nrc_anger, nrc_disgust, nrc_negative, nrc_sadness"
idiot,"afinn_very_negative, nrc_disgust, nrc_negative, vader_very_negative"
idiotic,"afinn_very_negative, nrc_anger, nrc_disgust, nrc_negative, vader_very_negative"
ignorance,"afinn_negative, nrc_negative, vader_negative"
ignorant,"afinn_negative, nrc_disgust, nrc_negative, vader_negative"
ignore,"afinn_negative, nrc_negative, vader_negative"
ignored,"afinn_negative, vader_negative"
ignores,"afinn_negative, vader_negative"
ill,"afinn_negative, nrc_anger, nrc_disgust, nrc_fear, nrc_negative, nrc_sadness, vader_negative"
illegal,"afinn_very_negative, nrc_anger, nrc_disgust, nrc_fear, nrc_negative, nrc_sadness, vader_very_negative"
illegitimate,"afinn_very_negative, nrc_anger, nrc_disgust, nrc_fear, nrc_negative, nrc_sadness, nrc_surprise"
illiteracy,"afinn_negative, vader_negative"
illness,"afinn_negative, nrc_fear, nrc_negative, nrc_sadness, vader_negative"
illnesses,"afinn_negative, vader_very_negative"
illogical,"afinn_negative, nrc_negative"
imaginative,"afinn_positive, nrc_positive"
imbecile,"afinn_very_negative, vader_very_negative"
immobilized,"afinn_negative, vader_negative"
immoral,"nrc_anger, nrc_disgust, nrc_fear, nrc_negative, nrc_sadness, vader_very_negative"
immorality,"nrc_anger, nrc_disgust, nrc_negative, vader_negative"
immortal,"afinn_positive, nrc_positive, vader_positive"
immune,"afinn_positive, vader_positive"
impair,"afinn_negative, nrc_negative"
impairment,"afinn_negative, nrc_negative"
impatience,"nrc_negative, vader_negative"
impatient,"afinn_negative, anticipation_extended, nrc_anticipation, nrc_negative, vader_negative"
impeachment,"afinn_very_negative, nrc_negative"
impede,"afinn_negative, nrc_negative"
imperfect,"afinn_negative, vader_negative"
impolite,"nrc_disgust, nrc_negative, vader_negative"
importance,"afinn_positive, nrc_anticipation, nrc_positive, vader_positive"
important,"afinn_positive, nrc_positive, nrc_trust, vader_positive"
impose,"afinn_negative, vader_negative"
imposed,"afinn_negative, vader_negative"
imposes,"afinn_negative, vader_negative"
imposing,"afinn_negative, vader_negative"
impotent,"afinn_negative, nrc_negative, vader_negative"
impress,"afinn_very_positive, nrc_positive, vader_positive"
impressed,"afinn_very_positive, vader_very_positive"
impresses,"afinn_very_positive, vader_very_positive"
impression,"nrc_positive, vader_positive"
impressionable,"nrc_trust, vader_positive"
impressive,"afinn_very_positive, vader_very_positive"
imprisoned,"afinn_negative, nrc_anger, nrc_disgust, nrc_fear, nrc_negative, nrc_sadness, vader_very_negative"
imprisonment,"afinn_negative, nrc_anger, nrc_disgust, nrc_fear, nrc_negative, nrc_sadness"
improve,"afinn_positive, nrc_anticipation, nrc_joy, nrc_positive, nrc_trust, vader_positive"
improved,"afinn_positive, nrc_positive, vader_very_positive"
improvement,"afinn_positive, nrc_joy, nrc_positive, nrc_trust, vader_very_positive"
improves,"afinn_positive, vader_positive"
improving,"afinn_positive, nrc_positive, vader_positive"
in high spirits,joy_extended
inability,"afinn_negative, nrc_negative, nrc_sadness, vader_negative"
inaction,"afinn_negative, nrc_negative, vader_negative"
inadequacy,"nrc_negative, vader_negative"
inadequate,"afinn_negative, nrc_negative, nrc_sadness, shame_guilt, vader_negative"
inappropriate,"afinn_negative, nrc_anger, nrc_disgust, nrc_negative, nrc_sadness"
incapable,"afinn_negative, vader_negative"
incapacitated,"afinn_negative, vader_negative"
incense,"afinn_negative, nrc_anger, nrc_negative"
incensed,"afinn_negative, anger_extended, vader_very_negative"
incoherent,"afinn_negative, nrc_negative"
incompetence,"afinn_negative, nrc_negative, vader_very_negative"
incompetent,"afinn_negative, nrc_anger, nrc_negative, nrc_sadness, vader_very_negative"
incomprehensible,"afinn_negative, nrc_negative"
inconsiderate,"afinn_negative, nrc_anger, nrc_disgust, nrc_negative, nrc_sadness, vader_negative"
inconvenience,"afinn_negative, vader_negative"
inconvenient,"afinn_negative, nrc_anger, nrc_disgust, nrc_negative, nrc_sadness, vader_negative"
increase,"afinn_positive, nrc_positive, vader_positive"
increased,"afinn_positive, vader_positive"
incredulous,"nrc_anger, nrc_disgust, nrc_negative, surprise_extended"
indebted,gratitude_appreciation
indecision,"nrc_negative, vader_negative"
indecisive,"afinn_negative, confusion_uncertainty, nrc_negative, vader_negative"
indestructible,"afinn_positive, nrc_positive, nrc_trust, vader_positive"
indifference,"afinn_negative, nrc_anger, nrc_disgust, nrc_fear, nrc_negative, nrc_sadness, vader_negative"
indifferent,"afinn_negative, boredom_apathy, vader_negative"
indignant,"afinn_negative, anger_extended, nrc_anger, nrc_negative, vader_negative"
indignation,"afinn_negative, nrc_anger, nrc_disgust, nrc_negative, vader_very_negative"
indoctrinate,"afinn_negative, vader_negative"
indoctrinated,"afinn_negative, vader_negative"
indoctrinates,"afinn_negative, vader_negative"
indoctrinating,"afinn_negative, vader_negative"
ineffective,"afinn_negative, nrc_negative, vader_negative"
ineffectively,"afinn_negative, vader_negative"
ineffectual,"afinn_negative, nrc_disgust, nrc_negative, vader_negative"
inefficiency,"afinn_negative, nrc_disgust, nrc_negative, nrc_sadness"
inefficient,"afinn_negative, nrc_negative, nrc_sadness"
inept,"afinn_negative, nrc_anger, nrc_disgust, nrc_negative"
ineptitude,"afinn_negative, nrc_disgust, nrc_fear, nrc_negative, nrc_sadness"
inexcusable,"afinn_very_negative, nrc_anger, nrc_disgust, nrc_negative, nrc_sadness"
infantile,"afinn_negative, nrc_anger, nrc_disgust, nrc_negative"
infatuated,"afinn_positive, love_affection, vader_positive"
infatuation,"afinn_positive, vader_positive"
infect,"afinn_negative, nrc_disgust, nrc_negative"
infected,"afinn_negative, vader_very_negative"
infection,"afinn_negative, nrc_fear, nrc_negative"
infectious,"afinn_negative, nrc_disgust, nrc_fear, nrc_negative, nrc_sadness"
inferior,"afinn_negative, nrc_negative, nrc_sadness, vader_negative"
inferiority,"nrc_negative, vader_negative"
inflamed,"afinn_negative, vader_negative"
inflict,"afinn_negative, nrc_anger, nrc_fear, nrc_negative, nrc_sadness"
influential,"afinn_positive, nrc_positive, nrc_trust, vader_positive"
infringement,"afinn_negative, nrc_negative, vader_very_negative"
infuriate,"afinn_negative, vader_very_negative"
infuriated,"afinn_negative, anger_extended, vader_very_negative"
infuriates,"afinn_negative, vader_very_negative"
infuriating,"afinn_negative, vader_very_negative"
inhibit,"afinn_negative, nrc_anger, nrc_disgust, nrc_negative, nrc_sadness, vader_negative"
inhuman,"afinn_negative, nrc_anger, nrc_disgust, nrc_fear, nrc_negative, nrc_sadness"
injured,"afinn_negative, nrc_fear, nrc_negative, nrc_sadness, vader_negative"
injury,"afinn_negative, nrc_anger, nrc_fear, nrc_negative, nrc_sadness, vader_negative"
injustice,"afinn_negative, nrc_anger, nrc_negative, vader_very_negative"
innocence,"nrc_positive, vader_positive"
innocent,"nrc_positive, nrc_trust, vader_positive"
innocently,"nrc_positive, vader_positive"
innovate,"afinn_positive, nrc_positive, vader_very_positive"
innovates,"afinn_positive, vader_very_positive"
innovation,"afinn_positive, nrc_positive, vader_positive"
innovative,"afinn_positive, vader_positive"
inoperative,"afinn_negative, nrc_anger, nrc_negative"
inquisition,"afinn_negative, vader_negative"
inquisitive,"afinn_positive, nrc_positive, vader_positive"
insane,"afinn_negative, nrc_anger, nrc_fear, nrc_negative, vader_negative"
insanity,"afinn_negative, nrc_anger, nrc_disgust, nrc_fear, nrc_negative, nrc_sadness, vader_very_negative"
insecure,"afinn_negative, fear_extended, nrc_anger, nrc_fear, nrc_negative, nrc_sadness, vader_negative"
insecurity,"nrc_fear, nrc_negative, vader_negative"
insensitive,"afinn_negative, vader_negative"
insensitivity,"afinn_negative, vader_negative"
insignificant,"afinn_negative, nrc_anger, nrc_negative, nrc_sadness, vader_negative"
insipid,"afinn_negative, nrc_negative, vader_very_negative"
insolvent,"afinn_negative, nrc_fear, nrc_negative, nrc_sadness, nrc_trust"
inspiration,"afinn_positive, nrc_anticipation, nrc_joy, nrc_positive, vader_very_positive"
inspirational,"afinn_positive, vader_very_positive"
inspire,"afinn_positive, nrc_anticipation, nrc_joy, nrc_positive, nrc_trust, vader_very_positive"
inspired,"afinn_positive, joy_extended, nrc_joy, nrc_positive, nrc_surprise, nrc_trust, vader_very_positive"
inspires,"afinn_positive, vader_positive"
inspiring,"afinn_very_positive, vader_positive"
insufficiency,"afinn_negative, nrc_anger, nrc_negative"
insufficient,"afinn_negative, nrc_negative"
insufficiently,"afinn_negative, nrc_negative"
insult,"afinn_negative, nrc_anger, nrc_disgust, nrc_negative, nrc_sadness, nrc_surprise, vader_very_negative"
insulted,"afinn_negative, anger_extended, vader_very_negative"
insulting,"afinn_negative, nrc_anger, nrc_disgust, nrc_fear, nrc_negative, nrc_sadness, vader_very_negative"
insults,"afinn_negative, vader_negative"
intact,"afinn_positive, nrc_positive, nrc_trust, vader_positive"
integrity,"afinn_positive, nrc_positive, nrc_trust, vader_positive"
intellect,"nrc_positive, vader_very_positive"
intellectual,"nrc_positive, vader_very_positive"
intelligence,"nrc_fear, nrc_joy, nrc_positive, nrc_trust, vader_very_positive"
intelligent,"afinn_positive, nrc_positive, nrc_trust, vader_very_positive"
intense,"afinn_positive, nrc_anger, nrc_disgust, nrc_fear, nrc_joy, nrc_negative, nrc_positive, nrc_surprise, nrc_trust, vader_positive"
interest,"afinn_positive, nrc_positive, vader_very_positive"
interested,"afinn_positive, nrc_disgust, nrc_positive, nrc_sadness, vader_positive"
interesting,"afinn_positive, nrc_positive, vader_positive"
interests,"afinn_positive, vader_positive"
interrogated,"afinn_negative, vader_negative"
interrupt,"afinn_negative, nrc_anger, nrc_negative, nrc_surprise, vader_negative"
interrupted,"afinn_negative, nrc_negative, nrc_sadness, vader_negative"
interrupting,"afinn_negative, vader_negative"
interruption,"afinn_negative, vader_negative"
interrupts,"afinn_negative, vader_negative"
intimidate,"afinn_negative, nrc_fear, nrc_negative, vader_negative"
intimidated,"afinn_negative, fear_extended, vader_negative"
intimidates,"afinn_negative, vader_negative"
intimidating,"afinn_negative, vader_negative"
intimidation,"afinn_negative, nrc_anger, nrc_fear, nrc_negative, vader_negative"
intricate,"afinn_positive, vader_positive"
intrigues,"afinn_positive, vader_positive"
invasion,"afinn_negative, nrc_anger, nrc_negative"
invigorate,"nrc_positive, vader_positive"
invincible,"afinn_positive, vader_very_positive"
invite,"afinn_positive, nrc_anticipation, nrc_joy, nrc_positive, nrc_surprise, nrc_trust, vader_positive"
inviting,"afinn_positive, nrc_anticipation, nrc_joy, nrc_positive, nrc_surprise, nrc_trust, vader_positive"
invulnerable,"afinn_positive, vader_positive"
irate,"afinn_very_negative, anger_extended, nrc_anger, nrc_negative, vader_very_negative"
ironic,"afinn_negative, vader_negative"
irony,"afinn_negative, vader_negative"
irrational,"afinn_negative, nrc_disgust, nrc_fear, nrc_negative, vader_negative"
irrationality,"nrc_negative, vader_negative"
irreparable,"afinn_negative, nrc_fear, nrc_negative, nrc_sadness"
irresistible,"afinn_positive, vader_positive"
irresolute,"afinn_negative, vader_negative"
irresponsible,"afinn_negative, nrc_negative, vader_negative"
irreversible,"afinn_negative, vader_negative"
irritability,"nrc_anger, nrc_negative, vader_negative"
irritable,"nrc_anger, nrc_negative, vader_very_negative"
irritate,"afinn_very_negative, vader_negative"
irritated,"afinn_very_negative, anger_extended, vader_very_negative"
irritates,"afinn_very_negative, vader_negative"
irritating,"afinn_very_negative, nrc_anger, nrc_disgust, nrc_negative, vader_very_negative"
irritation,"nrc_anger, nrc_disgust, nrc_negative, nrc_sadness, vader_very_negative"
isolate,"nrc_sadness, vader_negative"
isolated,"afinn_negative, loneliness_isolation, nrc_fear, nrc_negative, nrc_sadness, sadness_extended, vader_negative"
isolation,"nrc_negative, nrc_sadness, vader_negative"
itching,anticipation_extended
itchy,"afinn_negative, vader_negative"
jackass,"afinn_very_negative, vader_negative"
jackasses,"afinn_very_negative, vader_very_negative"
jailed,"afinn_negative, vader_very_negative"
jaunty,"afinn_positive, vader_positive"
jaw-dropping,surprise_extended
jealous,"afinn_negative, jealousy_envy, nrc_anger, nrc_disgust, nrc_negative, vader_very_negative"
jealousy,"afinn_negative, nrc_anger, nrc_disgust, nrc_fear, nrc_negative, nrc_sadness, vader_negative"
jeopardy,"afinn_negative, nrc_anticipation, nrc_fear, nrc_negative, vader_very_negative"
jerk,"afinn_very_negative, nrc_anger, nrc_surprise, vader_negative"
jewel,"afinn_positive, vader_positive"
jewels,"afinn_positive, vader_very_positive"
jocular,"afinn_positive, vader_positive"
join,"afinn_positive, nrc_positive, vader_positive"
joke,"afinn_positive, nrc_negative, vader_positive"
joker,"nrc_joy, nrc_positive, nrc_surprise, vader_positive"
jokes,"afinn_positive, vader_positive"
joking,"nrc_positive, vader_positive"
jolly,"afinn_positive, vader_very_positive"
jolted,surprise_extended
jovial,"afinn_positive, nrc_joy, nrc_positive, vader_positive"
joy,"afinn_very_positive, nrc_joy, nrc_positive, vader_very_positive"
joyful,"afinn_very_positive, joy_extended, nrc_joy, nrc_positive, nrc_trust, vader_very_positive"
joyfully,"afinn_very_positive, vader_very_positive"
joyless,"afinn_negative, vader_very_negative"
joyous,"afinn_very_positive, nrc_joy, nrc_positive, vader_very_positive"
jubilant,"afinn_very_positive, joy_extended, nrc_joy, nrc_positive, nrc_surprise, nrc_trust, vader_very_positive"
judged,shame_guilt
jumpy,"afinn_negative, vader_negative"
justice,"afinn_positive, nrc_positive, nrc_trust, vader_very_positive"
justifiably,"afinn_positive, vader_positive"
justified,"afinn_positive, vader_positive"
keen,"afinn_positive, vader_positive"
kidnap,"afinn_negative, nrc_anger, nrc_fear, nrc_negative, nrc_sadness, nrc_surprise"
kill,"afinn_very_negative, nrc_fear, nrc_negative, nrc_sadness, vader_very_negative"
killed,"afinn_very_negative, vader_very_negative"
killing,"afinn_very_negative, nrc_anger, nrc_fear, nrc_negative, nrc_sadness, vader_very_negative"
kills,"afinn_very_negative, vader_very_negative"
kind,"afinn_positive, nrc_joy, nrc_positive, nrc_trust, vader_very_positive"
kinder,"afinn_positive, vader_very_positive"
kindness,"afinn_positive, nrc_positive, vader_very_positive"
kiss,"afinn_positive, nrc_anticipation, nrc_joy, nrc_positive, nrc_surprise, vader_positive"
kudos,"afinn_very_positive, nrc_joy, nrc_positive, vader_very_positive"
lack,"afinn_negative, nrc_negative, vader_negative"
lackadaisical,"afinn_negative, vader_negative"
lag,"afinn_negative, nrc_negative, vader_negative"
lagged,"afinn_negative, vader_negative"
lagging,"afinn_negative, nrc_anger, nrc_anticipation, nrc_disgust, nrc_negative, nrc_sadness, vader_negative"
lags,"afinn_negative, vader_negative"
lame,"afinn_negative, vader_negative"
lament,"nrc_disgust, nrc_fear, nrc_negative, nrc_sadness, vader_very_negative"
lamenting,"nrc_sadness, vader_very_negative"
landmark,"afinn_positive, nrc_trust, vader_positive"
lapse,"afinn_negative, nrc_negative"
laugh,"afinn_positive, nrc_joy, nrc_positive, nrc_surprise, vader_very_positive"
laughable,"nrc_disgust, nrc_negative, vader_positive"
laughed,"afinn_positive, vader_very_positive"
laughing,"afinn_positive, joy_extended, nrc_joy, nrc_positive, vader_very_positive"
laughs,"afinn_positive, vader_very_positive"
laughter,"nrc_anticipation, nrc_joy, nrc_positive, nrc_surprise, vader_very_positive"
launched,"afinn_positive, vader_positive"
lawl,"afinn_very_positive, vader_positive"
lawsuit,"afinn_negative, nrc_anger, nrc_disgust, nrc_fear, nrc_negative, nrc_sadness, nrc_surprise, vader_negative"
lawsuits,"afinn_negative, vader_negative"
lazy,"afinn_negative, nrc_negative, vader_negative"
leading,"afinn_positive, nrc_trust"
leak,"afinn_negative, nrc_negative, vader_negative"
leaked,"afinn_negative, vader_negative"
leave,"afinn_negative, nrc_negative, nrc_sadness, nrc_surprise, vader_negative"
legal,"afinn_positive, nrc_positive, nrc_trust, vader_positive"
legally,"afinn_positive, vader_positive"
lenient,"afinn_positive, nrc_positive, vader_positive"
let down,sadness_extended
lethal,"afinn_negative, nrc_disgust, nrc_fear, nrc_negative, nrc_sadness"
lethargic,"afinn_negative, boredom_apathy, vader_negative"
lethargy,"afinn_negative, nrc_negative, nrc_sadness, vader_negative"
liar,"afinn_very_negative, nrc_disgust, nrc_negative, vader_very_negative"
liars,"afinn_very_negative, vader_very_negative"
libelous,"afinn_negative, vader_very_negative"
liberty,"nrc_anticipation, nrc_joy, nrc_positive, nrc_surprise, nrc_trust, vader_very_positive"
lied,"afinn_negative, vader_negative"
lifeless,"afinn_negative, nrc_fear, nrc_negative, nrc_sadness"
lifesaver,"afinn_very_positive, vader_very_positive"
lighthearted,"afinn_positive, joy_extended, vader_positive"
like,"afinn_positive, vader_positive"
likeable,"afinn_positive, vader_very_positive"
liked,"afinn_positive, vader_positive"
likes,"afinn_positive, vader_positive"
liking,"afinn_positive, nrc_joy, nrc_positive, nrc_trust, vader_positive"
limitation,"afinn_negative, vader_negative"
limited,"afinn_negative, nrc_anger, nrc_negative, nrc_sadness, vader_negative"
listless,"boredom_apathy, nrc_negative, nrc_sadness"
litigation,"afinn_negative, nrc_negative, vader_negative"
litigious,"afinn_negative, nrc_anger, nrc_disgust, nrc_negative, vader_negative"
lively,"afinn_positive, vader_positive"
livid,"afinn_negative, anger_extended, nrc_anger, nrc_disgust, nrc_negative, vader_very_negative"
lmao,"afinn_very_positive, vader_very_positive"
lmfao,"afinn_very_positive, vader_very_positive"
loathe,"afinn_very_negative, nrc_anger, nrc_disgust, nrc_negative, vader_very_negative"
loathed,"afinn_very_negative, vader_very_negative"
loathes,"afinn_very_negative, vader_negative"
loathing,"afinn_very_negative, disgust_extended, nrc_disgust, nrc_negative, vader_very_negative"
loathsome,"afinn_very_negative, nrc_anger, nrc_disgust, nrc_negative"
lobby,"afinn_negative, vader_positive"
lobbying,"afinn_negative, vader_negative"
lobbyist,"afinn_negative, nrc_negative"
lol,"afinn_very_positive, vader_positive"
lone,"nrc_sadness, vader_negative"
loneliness,"nrc_fear, nrc_negative, nrc_sadness, vader_negative"
lonely,"afinn_negative, loneliness_isolation, nrc_anger, nrc_disgust, nrc_fear, nrc_negative, nrc_sadness, sadness_extended, vader_negative"
lonesome,"afinn_negative, nrc_negative, nrc_sadness, vader_negative"
longing,"afinn_negative, anticipation_extended, nrc_anticipation, nrc_sadness, sadness_extended, vader_negative"
looking forward,anticipation_extended
loom,"afinn_negative, nrc_anticipation, nrc_fear, nrc_negative, vader_negative"
loomed,"afinn_negative, vader_negative"
looming,"afinn_negative, vader_negative"
looms,"afinn_negative, vader_negative"
loose,"afinn_very_negative, vader_negative"
looses,"afinn_very_negative, vader_negative"
lose,"nrc_anger, nrc_disgust, nrc_fear, nrc_negative, nrc_sadness, nrc_surprise, vader_negative"
loser,"afinn_very_negative, vader_very_negative"
losing,"afinn_very_negative, nrc_anger, nrc_negative, nrc_sadness, vader_negative"
loss,"afinn_very_negative, nrc_anger, nrc_fear, nrc_negative, nrc_sadness, vader_negative"
losses,"afinn_very_negative, vader_negative"
lost,"afinn_very_negative, confusion_uncertainty, nrc_negative, nrc_sadness, vader_negative"
louse,"nrc_disgust, nrc_negative, vader_negative"
lousy,"afinn_negative, vader_very_negative"
lovable,"afinn_very_positive, nrc_joy, nrc_positive, nrc_trust, vader_very_positive"
love,"afinn_very_positive, love_affection, nrc_joy, nrc_positive, vader_very_positive"
loved,"afinn_very_positive, vader_very_positive"
lovelies,"afinn_very_positive, vader_very_positive"
lovely,"afinn_very_positive, nrc_anticipation, nrc_joy, nrc_positive, nrc_sadness, nrc_surprise, nrc_trust, vader_very_positive"
lover,"nrc_anticipation, nrc_joy, nrc_positive, nrc_trust, vader_very_positive"
loves,"afinn_very_positive, vader_very_positive"
loving,"afinn_positive, love_affection, nrc_joy, nrc_positive, nrc_trust, vader_very_positive"
lower,"nrc_negative, nrc_sadness, vader_negative"
lowering,"nrc_negative, vader_negative"
lowest,"afinn_negative, nrc_negative, nrc_sadness, vader_negative"
lowlands,"nrc_negative, vader_negative"
lowly,"nrc_negative, nrc_sadness, vader_negative"
loyal,"afinn_very_positive, nrc_fear, nrc_joy, nrc_positive, nrc_surprise, nrc_trust, trust_extended, vader_very_positive"
loyalty,"afinn_very_positive, nrc_positive, nrc_trust, vader_very_positive"
luck,"afinn_very_positive, nrc_anticipation, nrc_joy, nrc_positive, nrc_surprise, vader_very_positive"
luckily,"afinn_very_positive, vader_very_positive"
lucky,"afinn_very_positive, joy_extended, nrc_joy, nrc_positive, nrc_surprise, vader_positive"
ludicrous,"afinn_very_negative, nrc_negative, vader_negative"
lugubrious,"afinn_negative, vader_very_negative"
lunatic,"afinn_very_negative, nrc_anger, nrc_disgust, nrc_fear, nrc_negative, vader_very_negative"
lunatics,"afinn_very_negative, vader_negative"
lurk,"afinn_negative, nrc_negative, vader_negative"
lurking,"afinn_negative, nrc_negative, vader_negative"
lurks,"afinn_negative, vader_negative"
luxury,"afinn_positive, nrc_joy, nrc_positive"
lying,"nrc_anger, nrc_disgust, nrc_negative, vader_very_negative"
mad,"afinn_very_negative, nrc_anger, nrc_disgust, nrc_fear, nrc_negative, nrc_sadness, vader_very_negative"
maddening,"afinn_very_negative, vader_very_negative"
madly,"afinn_very_negative, vader_negative"
madly in love,love_affection
madness,"afinn_very_negative, nrc_anger, nrc_fear, nrc_negative, vader_negative"
magnificence,"nrc_anticipation, nrc_joy, nrc_positive, nrc_trust, vader_very_positive"
magnificent,"afinn_very_positive, nrc_anticipation, nrc_joy, nrc_positive, nrc_surprise, nrc_trust, vader_very_positive"
mandatory,"afinn_negative, vader_positive"
maniac,"nrc_anger, nrc_fear, nrc_negative, vader_very_negative"
maniacal,"nrc_negative, vader_negative"
manipulated,"afinn_negative, vader_negative"
manipulating,"afinn_negative, vader_negative"
manipulation,"afinn_negative, nrc_anger, nrc_fear, nrc_negative, vader_negative"
manslaughter,"afinn_very_negative, nrc_anger, nrc_disgust, nrc_fear, nrc_negative, nrc_sadness, nrc_surprise"
marvel,"afinn_very_positive, nrc_positive, nrc_surprise, vader_positive"
marvelous,"afinn_very_positive, nrc_joy, nrc_positive, vader_very_positive"
marvels,"afinn_very_positive, vader_very_positive"
masochism,"nrc_anger, nrc_disgust, nrc_fear, nrc_negative, vader_negative"
masterpiece,"afinn_very_positive, nrc_joy, nrc_positive, vader_very_positive"
masterpieces,"afinn_very_positive, vader_very_positive"
matter,"afinn_positive, vader_positive"
matters,"afinn_positive, vader_positive"
mature,"afinn_positive, vader_positive"
meaningful,"afinn_positive, vader_positive"
meaningless,"afinn_negative, nrc_negative, nrc_sadness, vader_negative"
medal,"afinn_very_positive, nrc_anticipation, nrc_joy, nrc_positive, nrc_surprise, nrc_trust, vader_very_positive"
mediocrity,"afinn_very_negative, nrc_negative, vader_negative"
meditative,"afinn_positive, vader_positive"
melancholic,"nrc_negative, nrc_sadness, vader_negative"
melancholy,"afinn_negative, nrc_negative, nrc_sadness, sadness_extended, vader_negative"
memorable,"afinn_positive, nrc_joy, nrc_positive, nrc_surprise, nrc_trust"
menace,"afinn_negative, nrc_anger, nrc_fear, nrc_negative, vader_very_negative"
menaced,"afinn_negative, vader_negative"
mercy,"afinn_positive, nrc_positive, vader_positive"
merit,"nrc_positive, nrc_trust, vader_positive"
meritorious,"nrc_joy, nrc_positive, nrc_trust, vader_very_positive"
merriment,"nrc_joy, nrc_positive, nrc_surprise, vader_very_positive"
merry,"afinn_very_positive, joy_extended, nrc_joy, nrc_positive, vader_very_positive"
mess,"afinn_negative, nrc_disgust, nrc_negative, vader_negative"
messed,"afinn_negative, vader_negative"
messy,"nrc_disgust, nrc_negative, vader_negative"
methodical,"afinn_positive, vader_positive"
mind-blowing,surprise_extended
mind-boggling,surprise_extended
mindless,"afinn_negative, vader_negative"
miracle,"afinn_very_positive, nrc_anticipation, nrc_joy, nrc_positive, nrc_surprise, nrc_trust, vader_very_positive"
mirth,"afinn_very_positive, nrc_joy, nrc_positive, vader_very_positive"
mirthful,"afinn_very_positive, vader_very_positive"
mirthfully,"afinn_very_positive, vader_very_positive"
misbehave,"afinn_negative, vader_negative"
misbehaved,"afinn_negative, vader_negative"
misbehaves,"afinn_negative, vader_negative"
misbehaving,"afinn_negative, vader_negative"
mischief,"afinn_negative, nrc_negative, vader_negative"
mischiefs,"afinn_negative, vader_negative"
misconduct,"afinn_negative, nrc_disgust, nrc_negative"
miserable,"afinn_very_negative, nrc_anger, nrc_disgust, nrc_negative, nrc_sadness, sadness_extended, vader_very_negative"
miserably,"afinn_very_negative, nrc_negative, nrc_sadness, vader_very_negative"
misery,"afinn_negative, nrc_anger, nrc_disgust, nrc_fear, nrc_negative, nrc_sadness, vader_very_negative"
misfortune,"afinn_negative, nrc_fear, nrc_negative, nrc_sadness"
misgiving,"afinn_negative, vader_negative"
misinformation,"afinn_negative, vader_negative"
misinformed,"afinn_negative, vader_negative"
misinterpreted,"afinn_negative, vader_negative"
mislead,"afinn_very_negative, nrc_anger, nrc_fear, nrc_negative, nrc_trust"
misleading,"afinn_very_negative, nrc_anger, nrc_disgust, nrc_negative, vader_negative"
misplace,"afinn_negative, nrc_anger, nrc_disgust, nrc_negative"
misplaced,"afinn_negative, nrc_negative"
misread,"afinn_negative, vader_negative"
misreporting,"afinn_negative, vader_negative"
misrepresent,"afinn_negative, nrc_negative"
misrepresentation,"afinn_negative, nrc_negative, nrc_sadness, vader_very_negative"
misrepresented,"afinn_negative, nrc_anger, nrc_negative"
miss,"afinn_negative, vader_negative"
missed,"afinn_negative, vader_negative"
missing,"afinn_negative, nrc_fear, nrc_negative, nrc_sadness, vader_negative"
missing someone,loneliness_isolation
mistake,"afinn_negative, nrc_negative, nrc_sadness, vader_negative"
mistaken,"afinn_negative, nrc_fear, nrc_negative, vader_negative"
mistakes,"afinn_negative, vader_negative"
mistaking,"afinn_negative, vader_negative"
misunderstand,"afinn_negative, nrc_negative, vader_negative"
misunderstanding,"afinn_negative, nrc_anger, nrc_negative, nrc_sadness, vader_negative"
misunderstands,"afinn_negative, vader_negative"
misunderstood,"afinn_negative, vader_negative"
misuse,"afinn_negative, nrc_negative"
moan,"afinn_negative, nrc_fear, nrc_sadness, vader_negative"
moaned,"afinn_negative, vader_negative"
moaning,"afinn_negative, vader_negative"
moans,"afinn_negative, vader_negative"
mock,"afinn_negative, vader_negative"
mocked,"afinn_negative, vader_negative"
mockery,"nrc_disgust, nrc_negative, vader_negative"
mocking,"afinn_negative, nrc_anger, nrc_disgust, nrc_negative, nrc_sadness, vader_negative"
mocks,"afinn_negative, vader_very_negative"
molestation,"nrc_anger, nrc_disgust, nrc_fear, nrc_negative, nrc_sadness, vader_negative"
mongering,"afinn_negative, vader_negative"
monopolize,"afinn_negative, vader_negative"
monopolized,"afinn_negative, vader_negative"
monopolizes,"afinn_negative, vader_negative"
monopolizing,"afinn_negative, vader_negative"
monotonous,boredom_apathy
moody,"afinn_negative, nrc_anger, nrc_negative, nrc_sadness, vader_negative"
mope,"afinn_negative, vader_negative"
moping,"afinn_negative, vader_negative"
moron,"afinn_very_negative, nrc_negative, vader_very_negative"
moronic,"nrc_negative, vader_very_negative"
mortified,shame_guilt
motherfucker,"afinn_very_negative, vader_very_negative"
motherfucking,"afinn_very_negative, vader_very_negative"
motivate,"afinn_positive, vader_positive"
motivated,"afinn_positive, joy_extended, vader_very_positive"
motivating,"afinn_positive, vader_very_positive"
motivation,"afinn_positive, vader_positive"
mourn,"afinn_negative, nrc_negative, nrc_sadness, vader_negative"
mourned,"afinn_negative, vader_negative"
mournful,"afinn_negative, nrc_anger, nrc_fear, nrc_negative, nrc_sadness, sadness_extended, vader_negative"
mourning,"afinn_negative, nrc_negative, nrc_sadness, vader_negative"
mourns,"afinn_negative, vader_very_negative"
moved,gratitude_appreciation
muddy,"afinn_negative, nrc_disgust, nrc_negative"
mumpish,"afinn_negative, vader_negative"
murder,"afinn_negative, nrc_anger, nrc_disgust, nrc_fear, nrc_negative, nrc_sadness, nrc_surprise, vader_very_negative"
murderer,"afinn_negative, nrc_anger, nrc_disgust, nrc_fear, nrc_negative, nrc_sadness, vader_very_negative"
murdering,"afinn_very_negative, vader_very_negative"
murderous,"afinn_very_negative, anger_extended, nrc_anger, nrc_disgust, nrc_fear, nrc_negative, nrc_sadness, nrc_surprise, vader_very_negative"
murders,"afinn_negative, vader_very_negative"
murky,"afinn_negative, nrc_disgust, nrc_negative, nrc_sadness"
mystified,surprise_extended
n00b,"afinn_negative, vader_negative"
nag,"nrc_anger, nrc_negative, vader_negative"
naive,"afinn_negative, nrc_negative, vader_negative"
nasty,"afinn_very_negative, nrc_anger, nrc_disgust, nrc_fear, nrc_negative, nrc_sadness, vader_very_negative"
natural,"afinn_positive, vader_positive"
nauseated,disgust_extended
neatly,"nrc_positive, vader_positive"
needy,"afinn_negative, nrc_negative, vader_negative"
negative,"afinn_negative, nrc_negative, nrc_sadness, vader_very_negative"
negativity,"afinn_negative, vader_very_negative"
neglect,"afinn_negative, nrc_negative, vader_very_negative"
neglected,"afinn_negative, nrc_anger, nrc_disgust, nrc_negative, nrc_sadness, sadness_extended, vader_very_negative"
neglecting,"afinn_negative, nrc_negative, vader_negative"
neglects,"afinn_negative, vader_very_negative"
nerves,"afinn_negative, vader_negative"
nervous,"afinn_negative, anticipation_extended, fear_extended, nrc_anticipation, nrc_fear, nrc_negative, vader_negative"
nervously,"afinn_negative, vader_negative"
nervousness,"nrc_fear, vader_negative"
neurotic,"nrc_disgust, nrc_fear, nrc_negative, vader_negative"
nice,"afinn_very_positive, vader_positive"
nifty,"afinn_positive, vader_positive"
niggas,"afinn_very_negative, vader_negative"
nigger,"afinn_very_negative, nrc_negative, vader_very_negative"
no,"afinn_negative, vader_negative"
noble,"afinn_positive, nrc_positive, nrc_trust, vader_very_positive"
noisy,"afinn_negative, nrc_anger, nrc_negative, vader_negative"
nonsense,"afinn_negative, nrc_negative, vader_negative"
noob,"afinn_negative, vader_negative"
nosey,"afinn_negative, vader_negative"
nostalgic,sadness_extended
notable,"afinn_positive, nrc_joy, nrc_positive, nrc_trust"
notorious,"afinn_negative, vader_negative"
novel,"afinn_positive, vader_positive"
numb,"afinn_negative, boredom_apathy, nrc_negative, vader_negative"
numbness,"nrc_negative, nrc_sadness, vader_negative"
nurture,"nrc_anger, nrc_anticipation, nrc_disgust, nrc_fear, nrc_joy, nrc_positive, nrc_trust, vader_positive"
nurturing,"afinn_positive, vader_very_positive"
nuts,"afinn_very_negative, vader_negative"
obliterate,"afinn_negative, nrc_anger, nrc_fear, nrc_negative, nrc_sadness, vader_very_negative"
obliterated,"afinn_negative, nrc_anger, nrc_fear, nrc_negative, vader_very_negative"
obnoxious,"afinn_very_negative, nrc_anger, nrc_disgust, nrc_negative, nrc_sadness, vader_very_negative"
obscene,"afinn_negative, nrc_disgust, nrc_negative, vader_very_negative"
obscenity,"afinn_negative, nrc_anger, nrc_disgust, nrc_negative"
obsessed,"afinn_positive, vader_negative"
obsolete,"afinn_negative, vader_negative"
obstacle,"afinn_negative, nrc_anger, nrc_fear, nrc_negative, nrc_sadness, vader_negative"
obstacles,"afinn_negative, vader_negative"
obstinate,"afinn_negative, nrc_negative, vader_negative"
obstruct,"afinn_negative, nrc_anger, nrc_fear, nrc_negative"
obstruction,"afinn_negative, nrc_negative"
odd,"afinn_negative, vader_negative"
offence,"afinn_negative, vader_negative"
offences,"afinn_negative, vader_negative"
offend,"afinn_negative, nrc_anger, nrc_disgust, nrc_negative, vader_negative"
offended,"afinn_negative, anger_extended, nrc_anger, nrc_negative, nrc_sadness, vader_negative"
offender,"afinn_negative, nrc_anger, nrc_disgust, nrc_fear, nrc_negative, nrc_sadness, vader_negative"
offending,"afinn_negative, vader_very_negative"
offends,"afinn_negative, vader_very_negative"
offense,"afinn_negative, nrc_anger, nrc_disgust, nrc_fear, nrc_negative, nrc_sadness, vader_negative"
offenses,"afinn_negative, vader_negative"
offensive,"afinn_negative, nrc_anger, nrc_disgust, nrc_negative, vader_very_negative"
offensively,"afinn_negative, vader_very_negative"
offline,"afinn_negative, vader_negative"
ominous,"afinn_very_positive, nrc_anticipation, nrc_fear, nrc_negative, vader_negative"
on cloud nine,joy_extended
on edge,fear_extended
on the edge of one's seat,anticipation_extended
on top of the world,joy_extended
once-in-a-lifetime,"afinn_very_positive, vader_positive"
openness,"nrc_positive, vader_positive"
opportune,"nrc_joy, nrc_positive, vader_positive"
opportunities,"afinn_positive, vader_positive"
opportunity,"afinn_positive, nrc_anticipation, nrc_positive, vader_positive"
oppressed,"afinn_negative, vader_very_negative"
oppression,"afinn_negative, nrc_anger, nrc_disgust, nrc_fear, nrc_negative, nrc_sadness"
oppressive,"afinn_negative, nrc_anger, nrc_disgust, nrc_fear, nrc_negative, nrc_sadness, vader_negative"
optimism,"afinn_positive, nrc_anticipation, nrc_joy, nrc_positive, nrc_surprise, nrc_trust, vader_very_positive"
optimist,"nrc_positive, nrc_trust, vader_very_positive"
optimistic,"afinn_positive, anticipation_extended, joy_extended, vader_positive"
optionless,"afinn_negative, vader_negative"
ostracized,"afinn_negative, loneliness_isolation"
outcry,"afinn_negative, nrc_anger, nrc_fear, nrc_negative, nrc_surprise, vader_very_negative"
outmaneuvered,"afinn_negative, vader_positive"
outrage,"afinn_very_negative, nrc_anger, nrc_disgust, nrc_negative, vader_very_negative"
outraged,"afinn_very_negative, anger_extended, vader_very_negative"
outrageous,"afinn_very_negative, nrc_surprise, vader_very_negative"
outreach,"afinn_positive, vader_positive"
outstanding,"afinn_very_positive, nrc_joy, nrc_negative, nrc_positive, vader_very_positive"
over the moon,joy_extended
overjoyed,"afinn_very_positive, joy_extended, nrc_joy, nrc_positive, vader_very_positive"
overload,"afinn_negative, nrc_negative, nrc_sadness, vader_negative"
overloaded,stress_anxiety
overlooked,"afinn_negative, vader_negative"
overreact,"afinn_negative, vader_negative"
overreacted,"afinn_negative, vader_negative"
overreaction,"afinn_negative, vader_negative"
overreacts,"afinn_negative, vader_very_negative"
oversell,"afinn_negative, vader_negative"
overselling,"afinn_negative, vader_negative"
oversells,"afinn_negative, vader_positive"
oversight,"afinn_negative, nrc_negative"
oversimplification,"afinn_negative, vader_positive"
oversimplifies,"afinn_negative, vader_positive"
oversimplify,"afinn_negative, vader_negative"
overstatement,"afinn_negative, vader_negative"
overstatements,"afinn_negative, vader_negative"
overweight,"afinn_negative, vader_negative"
overwhelm,"nrc_negative, vader_negative"
overwhelmed,"confusion_uncertainty, nrc_negative, nrc_sadness, stress_anxiety, vader_positive"
oxymoron,"afinn_negative, vader_negative"
pain,"afinn_negative, nrc_fear, nrc_negative, nrc_sadness, vader_very_negative"
pained,"afinn_negative, nrc_fear, nrc_negative, nrc_sadness, vader_negative"
painful,"afinn_negative, nrc_anger, nrc_disgust, nrc_fear, nrc_negative, nrc_sadness, vader_negative"
painfully,"nrc_negative, nrc_sadness, vader_very_negative"
pains,"nrc_negative, vader_negative"
palatable,"nrc_positive, vader_positive"
panic,"afinn_very_negative, nrc_fear, nrc_negative, vader_very_negative"
panic-stricken,fear_extended
panicked,"afinn_very_negative, fear_extended, vader_very_negative"
panicky,"stress_anxiety, vader_negative"
panics,"afinn_very_negative, vader_negative"
paradise,"afinn_very_positive, vader_very_positive"
paradox,"afinn_negative, vader_negative"
paranoia,"nrc_fear, nrc_negative, vader_negative"
paranoid,"fear_extended, vader_negative"
pardon,"afinn_positive, nrc_positive, vader_positive"
pardoned,"afinn_positive, vader_positive"
pardoning,"afinn_positive, vader_positive"
pardons,"afinn_positive, vader_positive"
parley,"afinn_negative, vader_negative"
passion,"afinn_positive, nrc_anticipation, nrc_joy, nrc_positive, nrc_trust, vader_very_positive"
passionate,"afinn_positive, love_affection, nrc_anticipation, nrc_joy, nrc_positive, nrc_trust, vader_very_positive"
passive,"afinn_negative, nrc_negative, vader_positive"
passively,"afinn_negative, vader_negative"
pathetic,"afinn_negative, nrc_disgust, nrc_negative, nrc_sadness, sadness_extended, vader_very_negative"
pay,"afinn_negative, nrc_anticipation, nrc_joy, nrc_positive, nrc_trust, vader_negative"
peace,"afinn_positive, nrc_anticipation, nrc_joy, nrc_positive, nrc_trust, vader_very_positive"
peaceable,"nrc_positive, vader_positive"
peaceful,"afinn_positive, nrc_anticipation, nrc_joy, nrc_positive, nrc_surprise, nrc_trust, trust_extended, vader_very_positive"
peacefully,"afinn_positive, vader_very_positive"
peculiarities,"nrc_negative, vader_positive"
peculiarity,"nrc_positive, vader_positive"
penalty,"afinn_negative, nrc_anger, nrc_fear, nrc_negative, nrc_sadness, vader_very_negative"
pensive,"afinn_negative, nrc_sadness, vader_positive"
perfect,"afinn_very_positive, nrc_anticipation, nrc_joy, nrc_positive, nrc_trust, vader_very_positive"
perfected,"afinn_positive, vader_very_positive"
perfection,"afinn_very_positive, nrc_anticipation, nrc_joy, nrc_positive, nrc_surprise, nrc_trust, vader_very_positive"
perfectly,"afinn_very_positive, vader_very_positive"
perfects,"afinn_positive, vader_positive"
peril,"afinn_negative, nrc_anticipation, nrc_fear, nrc_negative, nrc_sadness, vader_negative"
perjury,"afinn_very_negative, nrc_fear, nrc_negative, nrc_surprise, vader_negative"
perpetrator,"afinn_negative, nrc_anger, nrc_disgust, nrc_fear, nrc_negative, nrc_sadness, vader_very_negative"
perpetrators,"afinn_negative, vader_negative"
perplexed,"afinn_negative, confusion_uncertainty, nrc_negative, surprise_extended, vader_negative"
persecute,"afinn_negative, nrc_anger, nrc_fear, nrc_negative, vader_very_negative"
persecuted,"afinn_negative, vader_negative"
persecutes,"afinn_negative, vader_negative"
persecuting,"afinn_negative, vader_negative"
perturbed,"afinn_negative, vader_negative"
perverse,"nrc_anger, nrc_disgust, nrc_fear, nrc_negative, vader_negative"
perversion,"nrc_anger, nrc_disgust, nrc_negative, nrc_sadness, vader_negative"
pervert,"afinn_very_negative, nrc_anger, nrc_disgust, nrc_negative, vader_very_negative"
perverted,"nrc_disgust, nrc_negative, vader_very_negative"
pesky,"afinn_negative, vader_negative"
pessimism,"afinn_negative, nrc_anger, nrc_fear, nrc_negative, nrc_sadness, vader_negative"
pessimist,"nrc_fear, nrc_negative, nrc_sadness, vader_negative"
pessimistic,"afinn_negative, vader_negative"
petrified,"afinn_negative, fear_extended, vader_very_negative"
petty,"nrc_negative, vader_negative"
philanthropy,"afinn_positive, nrc_positive"
phobic,"afinn_negative, fear_extended, vader_negative"
picturesque,"afinn_positive, nrc_joy, nrc_positive, vader_positive"
pileup,"afinn_negative, vader_negative"
pillage,"afinn_negative, nrc_anger, nrc_disgust, nrc_fear, nrc_negative"
pining,sadness_extended
pique,"afinn_negative, nrc_anger, nrc_negative, vader_negative"
piqued,"afinn_negative, vader_positive"
piss,"afinn_very_negative, vader_negative"
pissed,"afinn_very_negative, vader_very_negative"
pissing,"afinn_very_negative, vader_negative"
piteous,"afinn_negative, vader_negative"
pitied,"afinn_negative, vader_negative"
pitiful,"sadness_extended, vader_very_negative"
pity,"afinn_negative, nrc_sadness, vader_negative"
plague,"afinn_very_negative, nrc_disgust, nrc_fear, nrc_negative, nrc_sadness"
playful,"afinn_positive, joy_extended, nrc_anger, nrc_joy, nrc_positive, nrc_surprise, nrc_trust, vader_positive"
pleasant,"afinn_very_positive, nrc_anticipation, nrc_joy, nrc_positive, nrc_surprise, nrc_trust, vader_very_positive"
please,"afinn_positive, vader_positive"
pleased,"afinn_very_positive, joy_extended, nrc_joy, nrc_positive, vader_positive"
pleasurable,"afinn_very_positive, nrc_joy, nrc_positive, vader_very_positive"
pleasure,"afinn_very_positive, vader_very_positive"
plodding,"afinn_negative, nrc_negative"
pointless,"afinn_negative, nrc_negative, nrc_sadness"
poised,"afinn_negative, vader_positive"
poison,"afinn_negative, nrc_anger, nrc_disgust, nrc_fear, nrc_negative, nrc_sadness, vader_very_negative"
poisoned,"afinn_negative, nrc_anger, nrc_disgust, nrc_fear, nrc_negative, nrc_sadness, vader_very_negative"
poisoning,"nrc_disgust, nrc_negative, vader_very_negative"
poisonous,"nrc_anger, nrc_disgust, nrc_fear, nrc_negative, nrc_sadness, vader_very_negative"
poisons,"afinn_negative, vader_very_negative"
polished,"afinn_positive, nrc_positive"
polite,"afinn_positive, nrc_positive"
politeness,"afinn_positive, nrc_positive"
pollute,"afinn_negative, nrc_disgust, nrc_negative, vader_very_negative"
polluted,"afinn_negative, vader_very_negative"
polluter,"afinn_negative, vader_negative"
polluters,"afinn_negative, vader_very_negative"
pollutes,"afinn_negative, vader_very_negative"
pollution,"afinn_negative, nrc_disgust, nrc_negative"
poor,"afinn_negative, vader_very_negative"
poorer,"afinn_negative, vader_negative"
poorest,"afinn_negative, vader_very_negative"
poorly,"afinn_negative, nrc_negative"
popular,"afinn_very_positive, vader_positive"
popularity,"afinn_very_positive, nrc_positive, vader_very_positive"
popularized,"nrc_positive, vader_positive"
positive,"afinn_positive, trust_extended, vader_very_positive"
positively,"afinn_positive, vader_very_positive"
possessive,"afinn_negative, jealousy_envy, vader_negative"
postpone,"afinn_negative, vader_negative"
postponed,"afinn_negative, vader_negative"
postpones,"afinn_negative, vader_negative"
postponing,"afinn_negative, vader_negative"
poverty,"afinn_negative, nrc_anger, nrc_disgust, nrc_fear, nrc_negative, nrc_sadness, vader_very_negative"
powerful,"afinn_positive, nrc_anger, nrc_anticipation, nrc_disgust, nrc_fear, nrc_joy, nrc_positive, nrc_trust, vader_positive"
powerless,"afinn_negative, nrc_anger, nrc_disgust, nrc_fear, nrc_negative, nrc_sadness, sadness_extended, vader_very_negative"
praise,"afinn_very_positive, nrc_joy, nrc_positive, nrc_trust, vader_very_positive"
praised,"afinn_very_positive, nrc_joy, nrc_positive, vader_very_positive"
praises,"afinn_very_positive, vader_very_positive"
praiseworthy,"nrc_anticipation, nrc_joy, nrc_positive, nrc_surprise, nrc_trust, vader_very_positive"
praising,"afinn_very_positive, vader_very_positive"
pray,"afinn_positive, nrc_anticipation, nrc_fear, nrc_joy, nrc_positive, nrc_surprise, nrc_trust, vader_positive"
praying,"afinn_positive, vader_positive"
prays,"afinn_positive, vader_positive"
prblm,"afinn_negative, vader_negative"
prblms,"afinn_negative, vader_very_negative"
precious,"nrc_anticipation, nrc_joy, nrc_positive, nrc_surprise, vader_very_positive"
predatory,"afinn_negative, nrc_negative"
prejudice,"nrc_anger, nrc_negative, vader_very_negative"
prejudiced,"nrc_disgust, nrc_fear, nrc_negative, vader_negative"
prejudicial,"nrc_anger, nrc_negative, vader_very_negative"
prepared,"afinn_positive, nrc_anticipation, nrc_positive, nrc_trust, vader_positive"
pressure,"afinn_negative, nrc_negative, vader_negative"
pressured,"afinn_negative, stress_anxiety, vader_negative"
pretend,"afinn_negative, nrc_negative, vader_negative"
pretending,"afinn_negative, nrc_anger, nrc_negative, vader_positive"
pretends,"afinn_negative, vader_negative"
pretty,"afinn_positive, nrc_anticipation, nrc_joy, nrc_positive, nrc_trust, vader_very_positive"
prevent,"afinn_negative, nrc_fear, vader_positive"
prevented,"afinn_negative, vader_positive"
preventing,"afinn_negative, vader_negative"
prevents,"afinn_negative, vader_positive"
prick,"afinn_very_negative, nrc_anger, nrc_disgust, nrc_fear, nrc_negative, nrc_surprise, vader_negative"
prickly,"nrc_negative, vader_negative"
pride,"nrc_joy, nrc_positive, vader_positive"
prison,"afinn_negative, nrc_anger, nrc_fear, nrc_negative, nrc_sadness, vader_very_negative"
prisoner,"afinn_negative, nrc_anger, nrc_disgust, nrc_fear, nrc_negative, nrc_sadness, vader_very_negative"
prisoners,"afinn_negative, vader_very_negative"
privileged,"afinn_positive, gratitude_appreciation, nrc_joy, nrc_positive, nrc_trust, vader_positive"
proactive,"afinn_positive, vader_positive"
problem,"afinn_negative, nrc_fear, nrc_negative, nrc_sadness, vader_negative"
problems,"afinn_negative, vader_negative"
profit,"afinn_positive, vader_positive"
profitable,"afinn_positive, vader_positive"
profiteer,"afinn_negative, vader_positive"
profits,"afinn_positive, vader_positive"
progress,"afinn_positive, nrc_anticipation, nrc_joy, nrc_positive, vader_positive"
prominent,"afinn_positive, vader_positive"
promiscuous,"nrc_negative, vader_negative"
promise,"afinn_positive, nrc_joy, nrc_positive, nrc_trust, vader_positive"
promised,"afinn_positive, vader_positive"
promises,"afinn_positive, vader_positive"
promising,"nrc_positive, vader_positive"
promote,"afinn_positive, vader_positive"
promoted,"afinn_positive, vader_positive"
promotes,"afinn_positive, vader_positive"
promoting,"afinn_positive, vader_positive"
propaganda,"afinn_negative, nrc_negative, vader_negative"
prosecute,"afinn_negative, nrc_anger, nrc_fear, nrc_negative, nrc_sadness, vader_negative"
prosecuted,"afinn_negative, vader_negative"
prosecutes,"afinn_negative, vader_negative"
prosecution,"afinn_negative, nrc_disgust, nrc_negative, vader_very_negative"
prospect,"afinn_positive, nrc_positive, vader_positive"
prospects,"afinn_positive, vader_positive"
prosperity,"afinn_very_positive, nrc_positive"
prosperous,"afinn_very_positive, nrc_joy, nrc_positive, vader_very_positive"
protect,"afinn_positive, nrc_positive, vader_positive"
protected,"afinn_positive, nrc_trust, vader_positive"
protects,"afinn_positive, vader_positive"
protest,"afinn_negative, vader_negative"
protesters,"afinn_negative, vader_negative"
protesting,"afinn_negative, vader_negative"
protests,"afinn_negative, vader_negative"
proud,"afinn_positive, nrc_anticipation, nrc_joy, nrc_positive, nrc_trust, pride_confidence, vader_very_positive"
proudly,"afinn_positive, vader_very_positive"
provoke,"afinn_negative, vader_negative"
provoked,"afinn_negative, anger_extended, vader_negative"
provokes,"afinn_negative, vader_negative"
provoking,"afinn_negative, nrc_anger, nrc_disgust, nrc_negative, vader_negative"
prudence,"afinn_positive, nrc_positive"
pseudoscience,"afinn_very_negative, vader_negative"
puke,"nrc_disgust, vader_very_negative"
punish,"afinn_negative, nrc_fear, nrc_negative, vader_very_negative"
punished,"afinn_negative, nrc_anger, nrc_anticipation, nrc_disgust, nrc_fear, nrc_negative, nrc_sadness, vader_very_negative"
punishes,"afinn_negative, vader_very_negative"
punishing,"afinn_negative, nrc_anger, nrc_fear, nrc_negative, nrc_sadness, vader_very_negative"
punishment,"nrc_anger, nrc_disgust, nrc_fear, nrc_negative, vader_very_negative"
punitive,"afinn_negative, nrc_anger, nrc_fear, nrc_negative, nrc_sadness, vader_very_negative"
pushy,"afinn_negative, vader_negative"
put off,disgust_extended
puzzled,"afinn_negative, confusion_uncertainty, vader_negative"
quaking,"afinn_negative, vader_negative"
queasy,disgust_extended
questionable,"afinn_negative, nrc_disgust, nrc_negative, vader_negative"
questioned,"afinn_negative, vader_negative"
questioning,"afinn_negative, vader_negative"
racism,"afinn_very_negative, vader_very_negative"
racist,"afinn_very_negative, vader_very_negative"
racists,"afinn_very_negative, vader_very_negative"
radiance,"nrc_anticipation, nrc_joy, nrc_positive, nrc_trust, vader_positive"
radiant,"joy_extended, nrc_joy, nrc_positive, vader_very_positive"
rage,"afinn_negative, nrc_anger, nrc_negative, vader_very_negative"
rageful,"afinn_negative, vader_very_negative"
raging,"nrc_anger, nrc_disgust, nrc_fear, nrc_negative, vader_very_negative"
rainy,"afinn_negative, nrc_sadness, vader_negative"
rancid,"nrc_disgust, nrc_negative, vader_very_negative"
rant,"afinn_very_negative, vader_negative"
ranter,"afinn_very_negative, vader_negative"
ranters,"afinn_very_negative, vader_negative"
rants,"afinn_very_negative, vader_negative"
rape,"afinn_very_negative, nrc_anger, nrc_disgust, nrc_fear, nrc_negative, nrc_sadness, vader_very_negative"
raped,"afinn_very_negative, vader_very_negative"
rapist,"afinn_very_negative, vader_very_negative"
rapture,"afinn_positive, nrc_anticipation, nrc_joy, nrc_positive, vader_positive"
raptured,"afinn_positive, vader_positive"
raptures,"afinn_positive, vader_positive"
rapturous,"afinn_very_positive, vader_positive"
rash,"afinn_negative, nrc_disgust, nrc_negative, vader_negative"
ratified,"afinn_positive, vader_positive"
rattled,confusion_uncertainty
reach,"afinn_positive, vader_positive"
reached,"afinn_positive, vader_positive"
reaches,"afinn_positive, vader_positive"
reaching,"afinn_positive, vader_positive"
readiness,"nrc_anticipation, nrc_joy, nrc_positive, nrc_trust, vader_positive"
ready,"nrc_anticipation, vader_positive"
reassurance,"nrc_positive, nrc_trust, vader_positive"
reassure,"afinn_positive, nrc_positive, nrc_trust, vader_positive"
reassured,"afinn_positive, vader_positive"
reassures,"afinn_positive, vader_positive"
reassuring,"afinn_positive, vader_positive"
rebel,"afinn_negative, nrc_anger, nrc_fear, nrc_negative, vader_negative"
rebellion,"afinn_negative, nrc_anger, nrc_disgust, nrc_fear, vader_negative"
rebels,"afinn_negative, vader_negative"
recession,"afinn_negative, nrc_anger, nrc_disgust, nrc_fear, nrc_negative, nrc_sadness, vader_negative"
reckless,"afinn_negative, nrc_anger, nrc_fear, nrc_negative, vader_negative"
recommend,"afinn_positive, nrc_positive, nrc_trust, vader_positive"
recommended,"afinn_positive, vader_positive"
recommends,"afinn_positive, vader_positive"
redeemed,"afinn_positive, vader_positive"
refine,"afinn_positive, nrc_positive"
refuse,"afinn_negative, nrc_negative, vader_negative"
refused,"afinn_negative, nrc_negative, nrc_sadness, vader_negative"
refusing,"afinn_negative, vader_negative"
regret,"afinn_negative, nrc_negative, nrc_sadness, vader_negative"
regretful,"afinn_negative, shame_guilt, vader_negative"
regrets,"afinn_negative, vader_negative"
regrettable,"nrc_negative, nrc_sadness, vader_very_negative"
regretted,"afinn_negative, nrc_negative, nrc_sadness, vader_negative"
regretting,"afinn_negative, nrc_negative, nrc_sadness, vader_negative"
reject,"afinn_negative, nrc_anger, nrc_fear, nrc_negative, nrc_sadness, vader_negative"
rejected,"afinn_negative, loneliness_isolation, nrc_negative, vader_very_negative"
rejecting,"afinn_negative, vader_very_negative"
rejection,"afinn_negative, nrc_anger, nrc_disgust, nrc_fear, nrc_negative, nrc_sadness, vader_very_negative"
rejects,"afinn_negative, nrc_anger, nrc_fear, nrc_negative, nrc_sadness, vader_very_negative"
rejoice,"afinn_very_positive, nrc_anticipation, nrc_joy, nrc_positive, nrc_surprise, nrc_trust, vader_positive"
rejoiced,"afinn_very_positive, vader_very_positive"
rejoices,"afinn_very_positive, vader_very_positive"
rejoicing,"afinn_very_positive, nrc_anticipation, nrc_joy, nrc_positive, nrc_surprise, vader_very_positive"
relaxation,"nrc_positive, vader_very_positive"
relaxed,"afinn_positive, trust_extended, vader_very_positive"
relentless,"afinn_negative, vader_positive"
reliability,"afinn_positive, nrc_positive, nrc_trust"
reliable,"afinn_positive, nrc_positive, nrc_trust, trust_extended"
reliant,"afinn_positive, vader_positive"
relief,"nrc_positive, vader_very_positive"
relieve,"afinn_positive, vader_positive"
relieved,"afinn_positive, vader_positive"
relieves,"afinn_positive, vader_positive"
relieving,"afinn_positive, nrc_positive, vader_positive"
relishing,"afinn_positive, vader_positive"
reluctant,"nrc_fear, nrc_negative, vader_negative"
remarkable,"afinn_positive, nrc_joy, nrc_positive, nrc_surprise, nrc_trust, vader_very_positive"
remorse,"afinn_negative, nrc_negative, nrc_sadness, vader_negative"
remorseful,"shame_guilt, vader_negative"
repelled,disgust_extended
repellent,"afinn_negative, nrc_anger, nrc_disgust, nrc_fear, nrc_negative"
repress,"nrc_negative, nrc_sadness, vader_negative"
repression,"nrc_fear, nrc_negative, vader_negative"
reprimand,"afinn_negative, nrc_anger, nrc_negative"
repulse,"afinn_negative, vader_very_negative"
repulsed,"afinn_negative, disgust_extended, vader_very_negative"
rescue,"afinn_positive, nrc_anticipation, nrc_joy, nrc_positive, nrc_surprise, nrc_trust, vader_very_positive"
rescued,"afinn_positive, vader_positive"
rescues,"afinn_positive, vader_positive"
resent,"nrc_anger, nrc_negative, vader_negative"
resentful,"afinn_negative, anger_extended, jealousy_envy, nrc_anger, nrc_negative, vader_very_negative"
resentment,"nrc_anger, nrc_disgust, nrc_negative, nrc_sadness, vader_negative"
resign,"afinn_negative, nrc_anger, nrc_disgust, nrc_fear, nrc_negative, nrc_sadness, vader_negative"
resignation,"nrc_negative, nrc_sadness, nrc_surprise, vader_negative"
resigned,"afinn_negative, nrc_negative, nrc_sadness, vader_negative"
resigning,"afinn_negative, vader_negative"
resigns,"afinn_negative, vader_negative"
resolute,"afinn_positive, vader_positive"
resolve,"afinn_positive, vader_positive"
resolved,"afinn_positive, vader_positive"
resolves,"afinn_positive, vader_positive"
resolving,"afinn_positive, vader_positive"
respect,"afinn_positive, nrc_anticipation, nrc_joy, nrc_positive, nrc_trust, vader_very_positive"
respectability,"nrc_positive, vader_very_positive"
respectable,"nrc_positive, nrc_trust, vader_positive"
respected,"afinn_positive, pride_confidence, vader_very_positive"
respectful,"nrc_positive, nrc_trust, vader_very_positive"
respecting,"nrc_positive, vader_very_positive"
respects,"afinn_positive, nrc_positive, nrc_trust, vader_positive"
responsible,"afinn_positive, nrc_positive, nrc_trust, vader_positive"
responsive,"afinn_positive, nrc_anticipation, nrc_positive, nrc_trust, vader_positive"
restful,"afinn_positive, nrc_positive, vader_positive"
restless,"afinn_negative, anticipation_extended, vader_negative"
restlessness,"nrc_anticipation, vader_negative"
restore,"afinn_positive, vader_positive"
restored,"afinn_positive, vader_positive"
restores,"afinn_positive, vader_positive"
restoring,"afinn_positive, nrc_positive, vader_positive"
restrict,"afinn_negative, nrc_negative, nrc_sadness, vader_negative"
restricted,"afinn_negative, vader_negative"
restricting,"afinn_negative, vader_negative"
restriction,"afinn_negative, nrc_anger, nrc_fear, nrc_negative, nrc_sadness, vader_negative"
restrictive,"afinn_negative, nrc_negative"
restricts,"afinn_negative, vader_negative"
retained,"afinn_negative, vader_positive"
retard,"afinn_negative, nrc_disgust, nrc_fear, nrc_negative, nrc_sadness, vader_very_negative"
retarded,"afinn_negative, vader_very_negative"
retreat,"afinn_negative, vader_positive"
revenge,"afinn_negative, nrc_anger, nrc_anticipation, nrc_fear, nrc_negative, nrc_surprise, vader_very_negative"
revengeful,"afinn_negative, vader_very_negative"
revered,"afinn_positive, vader_very_positive"
revive,"afinn_positive, nrc_anticipation, nrc_negative, nrc_positive, vader_positive"
revives,"afinn_positive, vader_positive"
revolted,disgust_extended
revolting,"afinn_negative, nrc_anger, nrc_disgust, nrc_fear, nrc_negative"
reward,"afinn_positive, nrc_anticipation, nrc_joy, nrc_positive, nrc_surprise, nrc_trust, vader_very_positive"
rewarded,"afinn_positive, vader_very_positive"
rewarding,"afinn_positive, vader_very_positive"
rewards,"afinn_positive, vader_very_positive"
rich,"afinn_positive, vader_very_positive"
richly,"afinn_positive, vader_positive"
richness,"nrc_positive, vader_very_positive"
ridicule,"nrc_anger, nrc_disgust, nrc_negative, nrc_sadness, vader_very_negative"
ridiculous,"afinn_very_negative, nrc_anger, nrc_disgust, nrc_negative, vader_negative"
rig,"afinn_negative, vader_negative"
rigged,"afinn_negative, vader_negative"
rightful,"afinn_positive, nrc_positive"
rigid,"nrc_negative, vader_negative"
rigidity,"nrc_negative, vader_negative"
rigorous,"afinn_very_positive, nrc_negative, vader_negative"
rigorously,"afinn_very_positive, vader_negative"
riled up,anger_extended
riot,"afinn_negative, nrc_anger, nrc_fear, nrc_negative, vader_very_negative"
riots,"afinn_negative, vader_very_negative"
risk,"afinn_negative, nrc_anticipation, nrc_fear, nrc_negative, vader_negative"
risks,"afinn_negative, vader_negative"
risky,"afinn_negative, nrc_anticipation, nrc_fear, nrc_negative, vader_negative"
riveting,"afinn_very_positive, nrc_positive"
rob,"afinn_negative, nrc_anger, nrc_disgust, nrc_fear, nrc_negative, nrc_sadness, vader_very_negative"
robber,"afinn_negative, nrc_disgust, nrc_fear, nrc_negative, vader_very_negative"
robed,"afinn_negative, vader_negative"
robing,"afinn_negative, vader_negative"
robs,"afinn_negative, vader_very_negative"
robust,"afinn_positive, nrc_positive, vader_positive"
rofl,"afinn_very_positive, vader_very_positive"
roflcopter,"afinn_very_positive, vader_very_positive"
roflmao,"afinn_very_positive, vader_very_positive"
romance,"afinn_positive, nrc_anticipation, nrc_fear, nrc_joy, nrc_positive, nrc_sadness, nrc_surprise, nrc_trust, vader_very_positive"
romantic,"love_affection, nrc_anticipation, nrc_joy, nrc_positive, nrc_trust, vader_positive"
romantically,"afinn_positive, vader_positive"
romanticism,"nrc_joy, nrc_positive, vader_very_positive"
rotfl,"afinn_very_positive, vader_very_positive"
rotflmfao,"afinn_very_positive, vader_very_positive"
rotflol,"afinn_very_positive, vader_very_positive"
rotten,"afinn_very_negative, vader_very_negative"
rude,"afinn_negative, vader_very_negative"
ruin,"afinn_negative, nrc_fear, nrc_negative, nrc_sadness, vader_very_negative"
ruined,"afinn_negative, nrc_anger, nrc_disgust, nrc_fear, nrc_negative, nrc_sadness, vader_very_negative"
ruining,"afinn_negative, vader_negative"
ruinous,"nrc_anger, nrc_disgust, nrc_fear, nrc_negative, nrc_sadness, vader_very_negative"
ruins,"afinn_negative, vader_negative"
sabotage,"afinn_negative, nrc_anger, nrc_disgust, nrc_fear, nrc_negative, nrc_sadness, nrc_surprise, vader_very_negative"
sad,"afinn_negative, sadness_extended, vader_very_negative"
sadden,"afinn_negative, vader_very_negative"
saddened,"afinn_negative, vader_very_negative"
sadly,"afinn_negative, nrc_negative, nrc_sadness, vader_negative"
sadness,"nrc_negative, nrc_sadness, nrc_trust, vader_negative"
safe,"afinn_positive, nrc_joy, nrc_positive, nrc_trust, trust_extended, vader_positive"
safeguard,"nrc_positive, nrc_trust, vader_positive"
safekeeping,"nrc_trust, vader_positive"
safely,"afinn_positive, vader_very_positive"
safer,"afinn_positive, vader_positive"
safety,"afinn_positive, vader_positive"
salient,"afinn_positive, nrc_positive, vader_positive"
salute,"afinn_positive, nrc_joy, nrc_positive"
salvation,"afinn_positive, nrc_anticipation, nrc_joy, nrc_positive, nrc_trust"
sappy,"afinn_negative, nrc_trust, vader_negative"
sarcasm,"nrc_anger, nrc_disgust, nrc_negative, nrc_sadness, vader_negative"
sarcastic,"afinn_negative, vader_negative"
satisfactorily,"nrc_positive, vader_positive"
satisfied,"afinn_positive, joy_extended, nrc_joy, nrc_positive, vader_positive"
savage,"nrc_anger, nrc_fear, nrc_negative, vader_very_negative"
savagery,"nrc_anger, nrc_fear, nrc_negative, vader_very_negative"
save,"afinn_positive, nrc_joy, nrc_positive, nrc_trust, vader_very_positive"
saved,"afinn_positive, vader_positive"
savings,"afinn_positive, nrc_positive"
scam,"afinn_negative, vader_very_negative"
scams,"afinn_negative, vader_very_negative"
scandal,"afinn_very_negative, nrc_fear, nrc_negative, vader_negative"
scandalous,"afinn_very_negative, nrc_anger, nrc_negative, vader_very_negative"
scandals,"afinn_very_negative, vader_very_negative"
scapegoat,"afinn_negative, nrc_anger, nrc_fear, nrc_negative, vader_negative"
scapegoats,"afinn_negative, vader_negative"
scar,"afinn_negative, nrc_anger, nrc_disgust, nrc_fear, nrc_negative, nrc_sadness"
scare,"afinn_negative, nrc_anger, nrc_anticipation, nrc_fear, nrc_negative, nrc_surprise, vader_very_negative"
scarecrow,"nrc_fear, nrc_negative, nrc_positive, vader_negative"
scared,"afinn_negative, fear_extended, vader_negative"
scared stiff,fear_extended
scary,"afinn_negative, vader_very_negative"
sceptical,"afinn_negative, nrc_trust, vader_negative"
scold,"afinn_negative, nrc_anger, nrc_disgust, nrc_fear, nrc_negative, nrc_sadness, vader_negative"
scoop,"afinn_very_positive, vader_positive"
scorn,"afinn_negative, nrc_anger, nrc_negative, vader_negative"
scornful,"afinn_negative, disgust_extended, vader_negative"
scream,"afinn_negative, nrc_anger, nrc_disgust, nrc_fear, nrc_negative, nrc_surprise, vader_negative"
screamed,"afinn_negative, vader_negative"
screaming,"afinn_negative, nrc_anger, nrc_disgust, nrc_fear, nrc_negative, vader_negative"
screams,"afinn_negative, vader_negative"
screwed,"afinn_negative, nrc_anger, nrc_negative, vader_very_negative"
screwed up,"afinn_very_negative, vader_negative"
scrumptious,"nrc_positive, vader_very_positive"
scum,"afinn_very_negative, nrc_disgust, nrc_negative"
scumbag,"afinn_very_negative, vader_very_negative"
secure,"afinn_positive, trust_extended, vader_positive"
secured,"afinn_positive, vader_positive"
secures,"afinn_positive, vader_positive"
securities,"nrc_trust, vader_positive"
sedition,"afinn_negative, nrc_anger, nrc_negative, nrc_sadness, vader_negative"
seditious,"afinn_negative, vader_negative"
seduced,"afinn_negative, vader_negative"
seeing red,anger_extended
seething,anger_extended
self-assured,pride_confidence
self-confident,"afinn_positive, vader_very_positive"
self-conscious,shame_guilt
selfish,"afinn_very_negative, nrc_anger, nrc_disgust, nrc_negative, vader_very_negative"
selfishness,"afinn_very_negative, nrc_negative, vader_negative"
sentence,"afinn_negative, nrc_anger, nrc_anticipation, nrc_disgust, nrc_fear, nrc_negative, nrc_sadness, vader_positive"
sentenced,"afinn_negative, vader_negative"
sentences,"afinn_negative, vader_positive"
sentencing,"afinn_negative, vader_negative"
sentimental,"nrc_positive, vader_positive"
sentimentality,"nrc_positive, vader_positive"
serene,"afinn_positive, nrc_negative, nrc_trust, vader_very_positive"
seriousness,"nrc_fear, nrc_sadness, vader_negative"
severe,"afinn_negative, vader_negative"
severely,"afinn_negative, vader_very_negative"
sexy,"afinn_very_positive, vader_very_positive"
shaking,"fear_extended, nrc_fear, nrc_negative, vader_negative"
shaking in one's boots,fear_extended
shaky,"afinn_negative, nrc_anger, nrc_anticipation, nrc_fear, nrc_negative, vader_negative"
shame,"afinn_negative, nrc_disgust, nrc_fear, nrc_negative, nrc_sadness, vader_very_negative"
shamed,"afinn_negative, vader_very_negative"
shameful,"afinn_negative, nrc_negative, nrc_sadness, vader_very_negative"
shameless,"nrc_disgust, nrc_negative, vader_negative"
share,"afinn_positive, nrc_anticipation, nrc_joy, nrc_positive, nrc_trust, vader_positive"
shared,"afinn_positive, vader_positive"
shares,"afinn_positive, vader_positive"
shattered,"afinn_negative, nrc_negative, nrc_sadness, vader_very_negative"
sheepish,shame_guilt
shell-shocked,surprise_extended
shit,"afinn_very_negative, nrc_anger, nrc_disgust, nrc_negative, vader_very_negative"
shithead,"afinn_very_negative, vader_very_negative"
shitty,"afinn_very_negative, vader_very_negative"
shock,"afinn_negative, nrc_anger, nrc_fear, nrc_negative, nrc_surprise, vader_negative"
shocked,"afinn_negative, fear_extended, vader_negative"
shocking,"afinn_negative, vader_negative"
shockingly,"nrc_surprise, vader_negative"
shocks,"afinn_negative, vader_negative"
shoot,"afinn_negative, nrc_anger, nrc_fear, nrc_negative, vader_negative"
short-sighted,"afinn_negative, vader_negative"
short-sightedness,"afinn_negative, vader_negative"
shortage,"afinn_negative, nrc_anger, nrc_fear, nrc_negative, nrc_sadness, vader_negative"
shortages,"afinn_negative, vader_negative"
shrew,"afinn_very_negative, vader_negative"
shy,"afinn_negative, vader_negative"
sick,"afinn_negative, nrc_disgust, nrc_negative, nrc_sadness, vader_very_negative"
sick to one's stomach,disgust_extended
sickened,"disgust_extended, vader_very_negative"
sickening,"nrc_anger, nrc_disgust, nrc_fear, nrc_negative, nrc_sadness, vader_very_negative"
sickness,"afinn_negative, nrc_disgust, nrc_fear, nrc_negative, nrc_sadness"
sigh,"afinn_negative, vader_positive"
significance,"afinn_positive, vader_positive"
significant,"afinn_positive, vader_positive"
silencing,"afinn_negative, vader_negative"
silly,"afinn_negative, nrc_joy, nrc_negative, vader_positive"
sin,"afinn_negative, nrc_anger, nrc_disgust, nrc_fear, nrc_negative, nrc_sadness, vader_very_negative"
sincere,"afinn_positive, nrc_positive, nrc_trust, trust_extended, vader_positive"
sincerely,"afinn_positive, vader_very_positive"
sincerest,"afinn_positive, vader_very_positive"
sincerity,"afinn_positive, nrc_positive"
sinful,"afinn_very_negative, nrc_anger, nrc_disgust, nrc_fear, nrc_negative, nrc_sadness, vader_very_negative"
singleminded,"afinn_negative, vader_positive"
sinister,"afinn_negative, nrc_anger, nrc_disgust, nrc_fear, nrc_negative, vader_very_negative"
sins,"afinn_negative, vader_very_negative"
skeptic,"afinn_negative, vader_negative"
skeptical,"afinn_negative, nrc_negative, vader_negative"
skepticism,"afinn_negative, vader_negative"
skeptics,"afinn_negative, vader_negative"
slam,"afinn_negative, nrc_anger, nrc_fear, nrc_negative, nrc_surprise, vader_negative"
slap,"nrc_anger, nrc_negative, nrc_surprise, vader_positive"
slash,"afinn_negative, nrc_anger, vader_negative"
slashed,"afinn_negative, vader_negative"
slashes,"afinn_negative, vader_negative"
slashing,"afinn_negative, vader_negative"
slave,"afinn_very_negative, nrc_anger, nrc_fear, nrc_negative, nrc_sadness"
slavery,"afinn_very_negative, nrc_anger, nrc_disgust, nrc_fear, nrc_negative, nrc_sadness, vader_very_negative"
sleeplessness,"afinn_negative, vader_negative"
slicker,"afinn_positive, vader_positive"
slickest,"afinn_positive, vader_positive"
slip,"afinn_negative, nrc_negative, nrc_surprise"
sloppy,"afinn_negative, nrc_disgust, nrc_negative"
sluggish,"afinn_negative, boredom_apathy, nrc_negative, nrc_sadness, vader_negative"
slut,"afinn_very_negative, nrc_anger, nrc_disgust, nrc_negative, vader_very_negative"
smart,"afinn_positive, vader_positive"
smarter,"afinn_positive, vader_very_positive"
smartest,"afinn_positive, vader_very_positive"
smear,"afinn_negative, vader_negative"
smile,"afinn_positive, nrc_joy, nrc_positive, nrc_surprise, nrc_trust, vader_positive"
smiled,"afinn_positive, vader_very_positive"
smiles,"afinn_positive, vader_very_positive"
smiling,"afinn_positive, nrc_joy, nrc_positive, vader_very_positive"
smitten,"love_affection, nrc_positive"
smog,"afinn_negative, vader_negative"
smother,"nrc_anger, nrc_negative, vader_negative"
smug,"nrc_negative, vader_positive"
smuggle,"afinn_negative, nrc_fear, nrc_negative, vader_negative"
smuggled,"afinn_negative, vader_negative"
smuggler,"nrc_anger, nrc_disgust, nrc_fear, nrc_negative, vader_very_negative"
smuggles,"afinn_negative, vader_negative"
smuggling,"afinn_negative, nrc_negative, vader_very_negative"
sneaky,"afinn_negative, vader_negative"
sneering,disgust_extended
sneeze,"afinn_negative, nrc_disgust, nrc_negative, nrc_surprise"
snob,"nrc_negative, vader_very_negative"
snub,"afinn_negative, vader_negative"
snubbed,"afinn_negative, vader_very_negative"
snubbing,"afinn_negative, vader_negative"
snubs,"afinn_negative, vader_very_negative"
sob,"nrc_negative, nrc_sadness, vader_negative"
sobbing,"sadness_extended, vader_negative"
sobering,"afinn_positive, vader_negative"
sociable,"nrc_positive, vader_positive"
solemn,"afinn_negative, vader_negative"
solid,"afinn_positive, nrc_positive, vader_positive"
solidarity,"afinn_positive, nrc_trust, vader_positive"
solitary,loneliness_isolation
solution,"afinn_positive, nrc_positive, vader_positive"
solutions,"afinn_positive, vader_positive"
solve,"afinn_positive, vader_positive"
solved,"afinn_positive, vader_positive"
solves,"afinn_positive, vader_positive"
solving,"afinn_positive, vader_positive"
somber,"afinn_negative, nrc_negative, nrc_sadness, sadness_extended, vader_negative"
son-of-a-bitch,"afinn_very_negative, vader_very_negative"
soothe,"afinn_very_positive, nrc_positive, vader_positive"
soothed,"afinn_very_positive, vader_positive"
soothing,"afinn_very_positive, nrc_joy, nrc_positive, nrc_trust, vader_positive"
sophisticated,"afinn_positive, vader_very_positive"
sore,"afinn_negative, nrc_anger, nrc_negative, nrc_sadness, vader_negative"
sorrow,"afinn_negative, nrc_fear, nrc_negative, nrc_sadness, vader_very_negative"
sorrowful,"afinn_negative, nrc_negative, nrc_sadness, sadness_extended, vader_very_negative"
sorry,"afinn_negative, shame_guilt, vader_negative"
soulmate,"nrc_fear, nrc_negative, vader_very_positive"
spacious,"afinn_positive, nrc_positive"
spam,"afinn_negative, vader_negative"
spammer,"afinn_very_negative, vader_very_negative"
spammers,"afinn_very_negative, vader_negative"
spamming,"afinn_negative, vader_very_negative"
spark,"afinn_positive, vader_positive"
sparkle,"afinn_very_positive, nrc_anticipation, nrc_joy, nrc_positive, nrc_surprise, vader_positive"
sparkles,"afinn_very_positive, vader_positive"
sparkling,"afinn_very_positive, vader_positive"
special,"nrc_joy, nrc_positive, vader_positive"
speculative,"afinn_negative, nrc_anticipation, vader_positive"
speechless,surprise_extended
spirit,"afinn_positive, nrc_positive, vader_positive"
spirited,"afinn_positive, vader_positive"
spiritless,"afinn_negative, vader_negative"
spite,"nrc_anger, nrc_negative, vader_very_negative"
spiteful,"afinn_negative, anger_extended, nrc_anger, nrc_negative, vader_negative"
splendid,"afinn_very_positive, nrc_joy, nrc_positive, nrc_surprise, vader_very_positive"
splendor,"nrc_anticipation, nrc_joy, nrc_positive, nrc_surprise, vader_very_positive"
spooked,fear_extended
spotless,"afinn_positive, nrc_positive, nrc_trust"
sprightly,"afinn_positive, vader_very_positive"
squeamish,"disgust_extended, nrc_disgust, nrc_fear, nrc_negative"
squelched,"afinn_negative, vader_negative"
stab,"afinn_negative, nrc_anger, nrc_fear, nrc_negative, nrc_sadness, nrc_surprise, vader_very_negative"
stabbed,"afinn_negative, vader_negative"
stable,"afinn_positive, nrc_positive, nrc_trust, vader_positive"
stabs,"afinn_negative, vader_negative"
stall,"afinn_negative, nrc_disgust, vader_negative"
stalled,"afinn_negative, vader_negative"
stalling,"afinn_negative, vader_negative"
stamina,"afinn_positive, nrc_positive, nrc_trust, vader_positive"
stampede,"afinn_negative, vader_negative"
stank,"afinn_negative, vader_negative"
startle,"nrc_fear, nrc_negative, nrc_surprise, vader_negative"
startled,"afinn_negative, fear_extended, surprise_extended, vader_negative"
startling,"afinn_very_positive, nrc_surprise, vader_positive"
starve,"afinn_negative, vader_negative"
starved,"afinn_negative, nrc_negative, vader_very_negative"
starves,"afinn_negative, vader_very_negative"
starving,"afinn_negative, nrc_negative, vader_negative"
steadfast,"afinn_positive, nrc_positive, nrc_trust, vader_positive"
steal,"afinn_negative, nrc_anger, nrc_fear, nrc_negative, nrc_sadness, vader_very_negative"
stealing,"afinn_negative, nrc_disgust, nrc_fear, nrc_negative, vader_very_negative"
steals,"afinn_negative, vader_very_negative"
stealth,"nrc_surprise, vader_negative"
stealthily,"nrc_surprise, vader_positive"
stealthy,"nrc_anticipation, nrc_fear, nrc_negative, nrc_surprise, vader_negative"
stereotype,"afinn_negative, nrc_negative, vader_negative"
stereotyped,"afinn_negative, nrc_negative, vader_negative"
stifled,"afinn_negative, nrc_anger, nrc_fear, nrc_negative, nrc_sadness, vader_negative"
stigmatized,shame_guilt
stimulate,"afinn_positive, vader_positive"
stimulated,"afinn_positive, vader_positive"
stimulates,"afinn_positive, vader_positive"
stimulating,"afinn_positive, vader_positive"
stingy,"afinn_negative, nrc_anger, nrc_disgust, nrc_fear, nrc_negative, nrc_sadness, vader_negative"
stink,"afinn_negative, nrc_disgust, nrc_negative, vader_negative"
stinker,"afinn_negative, vader_negative"
stinking,"afinn_negative, nrc_disgust, nrc_negative, vader_very_negative"
stinks,"afinn_negative, vader_negative"
stinky,"afinn_negative, vader_negative"
stolen,"afinn_negative, nrc_anger, nrc_negative, vader_very_negative"
stop,"afinn_negative, vader_negative"
stopped,"afinn_negative, vader_negative"
stopping,"afinn_negative, vader_negative"
stops,"afinn_negative, vader_negative"
stout,"afinn_positive, vader_positive"
straight,"afinn_positive, vader_positive"
strained,"nrc_anger, nrc_negative, stress_anxiety, vader_negative"
strange,"afinn_negative, vader_negative"
strangely,"afinn_negative, vader_negative"
strangled,"afinn_negative, vader_very_negative"
strength,"afinn_positive, nrc_positive, nrc_trust, vader_very_positive"
strengthen,"afinn_positive, nrc_positive, vader_positive"
strengthened,"afinn_positive, vader_positive"
strengthening,"afinn_positive, nrc_joy, nrc_positive, nrc_trust, vader_very_positive"
strengthens,"afinn_positive, vader_very_positive"
strengths,"afinn_positive, vader_positive"
stress,"afinn_negative, nrc_negative, vader_negative"
stressed,"afinn_negative, stress_anxiety, vader_negative"
stressed out,stress_anxiety
stressor,"afinn_negative, vader_negative"
stressors,"afinn_negative, vader_very_negative"
stretched thin,stress_anxiety
stricken,"afinn_negative, nrc_sadness, vader_very_negative"
strike,"afinn_negative, nrc_anger, nrc_negative, vader_negative"
strikers,"afinn_negative, vader_negative"
strikes,"afinn_negative, vader_negative"
strong,"afinn_positive, pride_confidence, vader_very_positive"
stronger,"afinn_positive, vader_positive"
strongest,"afinn_positive, vader_positive"
strongly,"nrc_positive, vader_positive"
struck,"afinn_negative, vader_negative"
struggle,"afinn_negative, nrc_anger, nrc_fear, nrc_negative, nrc_sadness, vader_negative"
struggled,"afinn_negative, vader_negative"
struggles,"afinn_negative, vader_negative"
struggling,"afinn_negative, vader_negative"
stubborn,"afinn_negative, vader_negative"
stuck,"afinn_negative, vader_negative"
stunned,"afinn_negative, nrc_fear, nrc_negative, nrc_surprise, surprise_extended, vader_negative"
stunning,"afinn_very_positive, vader_positive"
stupid,"afinn_negative, nrc_negative, vader_very_negative"
stupidity,"afinn_very_negative, nrc_negative, vader_negative"
stupidly,"afinn_negative, vader_very_negative"
suave,"afinn_positive, vader_very_positive"
subpoena,"afinn_negative, nrc_negative"
substantial,"afinn_positive, vader_positive"
subversive,"afinn_negative, nrc_anger, nrc_negative, nrc_surprise, vader_negative"
succeed,"afinn_very_positive, nrc_anticipation, nrc_joy, nrc_positive, nrc_surprise, nrc_trust, vader_very_positive"
succeeded,"afinn_very_positive, vader_positive"
succeeding,"afinn_very_positive, nrc_anticipation, nrc_joy, nrc_positive, nrc_trust, vader_very_positive"
succeeds,"afinn_very_positive, vader_very_positive"
success,"afinn_positive, nrc_anticipation, nrc_joy, nrc_positive, vader_very_positive"
successful,"afinn_very_positive, nrc_anticipation, nrc_joy, nrc_positive, nrc_trust, pride_confidence, vader_very_positive"
successfully,"afinn_very_positive, vader_very_positive"
suck,"afinn_very_negative, nrc_negative, vader_negative"
sucker,"nrc_anger, nrc_negative, vader_very_negative"
sucks,"afinn_very_negative, vader_negative"
sue,"afinn_negative, nrc_anger, nrc_negative, nrc_sadness"
suffer,"afinn_negative, nrc_negative, vader_very_negative"
suffered,"afinn_negative, vader_very_negative"
sufferer,"afinn_negative, nrc_fear, nrc_negative, nrc_sadness, vader_very_negative"
sufferers,"afinn_negative, vader_very_negative"
suffering,"afinn_negative, nrc_disgust, nrc_fear, nrc_negative, nrc_sadness, vader_very_negative"
suffers,"afinn_negative, vader_very_negative"
suicidal,"afinn_negative, nrc_anger, nrc_disgust, nrc_fear, nrc_negative, nrc_sadness, vader_very_negative"
suicide,"afinn_negative, nrc_anger, nrc_fear, nrc_negative, nrc_sadness, vader_very_negative"
suing,"afinn_negative, vader_negative"
suitable,"afinn_positive, nrc_positive"
sulking,"afinn_negative, vader_negative"
sulky,"afinn_negative, vader_negative"
sullen,"afinn_negative, nrc_anger, nrc_negative, nrc_sadness, vader_negative"
sunny,"nrc_anticipation, nrc_joy, nrc_positive, nrc_surprise, vader_positive"
sunshine,"afinn_positive, nrc_joy, nrc_positive, vader_very_positive"
super,"afinn_very_positive, vader_very_positive"
superb,"afinn_very_positive, joy_extended, nrc_positive, vader_very_positive"
superior,"afinn_positive, nrc_positive, vader_very_positive"
superiority,"nrc_positive, vader_positive"
support,"afinn_positive, vader_positive"
supported,"afinn_positive, nrc_positive, vader_positive"
supporter,"afinn_positive, nrc_joy, nrc_positive, nrc_trust, vader_positive"
supporters,"afinn_positive, vader_positive"
supporting,"afinn_positive, nrc_positive, nrc_trust, vader_positive"
supportive,"afinn_positive, vader_positive"
supports,"afinn_positive, vader_positive"
supremacy,"nrc_anger, nrc_anticipation, nrc_fear, nrc_joy, nrc_negative, nrc_positive, nrc_surprise, nrc_trust, vader_positive"
supreme,"afinn_very_positive, nrc_positive, vader_very_positive"
supremely,"nrc_positive, vader_very_positive"
sure,"trust_extended, vader_positive"
surety,"nrc_positive, nrc_trust, vader_positive"
surprise,"nrc_fear, nrc_joy, nrc_positive, nrc_surprise, vader_positive"
surprised,"nrc_surprise, surprise_extended, vader_positive"
surprising,"nrc_surprise, vader_positive"
surprisingly,"nrc_anticipation, nrc_surprise, vader_positive"
survived,"afinn_positive, vader_very_positive"
surviving,"afinn_positive, vader_positive"
survivor,"afinn_positive, vader_positive"
suspect,"afinn_negative, nrc_fear, nrc_negative, vader_negative"
suspected,"afinn_negative, vader_negative"
suspecting,"afinn_negative, vader_negative"
suspects,"afinn_negative, vader_negative"
suspend,"afinn_negative, vader_negative"
suspended,"afinn_negative, vader_very_negative"
suspenseful,anticipation_extended
suspicion,"nrc_fear, nrc_negative, vader_negative"
suspicious,"afinn_negative, nrc_anger, nrc_anticipation, nrc_negative, vader_negative"
swamped,stress_anxiety
swear,"afinn_negative, nrc_positive, nrc_trust, vader_negative"
swearing,"afinn_negative, vader_negative"
swears,"afinn_negative, vader_positive"
sweet,"afinn_positive, nrc_anticipation, nrc_joy, nrc_positive, nrc_surprise, nrc_trust, vader_very_positive"
sweetheart,"nrc_anticipation, nrc_joy, nrc_positive, nrc_sadness, nrc_trust, vader_very_positive"
sweetie,"nrc_positive, vader_very_positive"
sweetness,"nrc_positive, vader_very_positive"
sweets,"nrc_anticipation, nrc_joy, nrc_positive, vader_very_positive"
swept off feet,love_affection
swift,"afinn_positive, nrc_positive, vader_positive"
swiftly,"afinn_positive, vader_positive"
swindle,"afinn_very_negative, vader_very_negative"
swindles,"afinn_very_negative, vader_negative"
swindling,"afinn_very_negative, vader_very_negative"
sympathetic,"afinn_positive, nrc_fear, nrc_joy, nrc_positive, nrc_sadness, nrc_trust, vader_very_positive"
sympathy,"afinn_positive, nrc_positive, nrc_sadness, vader_positive"
taint,"afinn_negative, nrc_negative, nrc_sadness"
taken aback,surprise_extended
talent,"afinn_positive, nrc_positive, vader_positive"
tard,"afinn_negative, vader_very_negative"
tarnish,"afinn_negative, nrc_disgust, nrc_negative, nrc_sadness"
tearful,"nrc_disgust, nrc_fear, nrc_sadness, sadness_extended"
tears,"afinn_negative, vader_negative"
tease,"nrc_anger, nrc_anticipation, nrc_negative, nrc_sadness, vader_negative"
teasing,"nrc_anger, nrc_fear, nrc_negative, vader_negative"
tedious,"boredom_apathy, nrc_negative"
tender,"afinn_positive, love_affection, nrc_joy, nrc_positive, nrc_trust"
tenderness,"afinn_positive, nrc_joy, nrc_positive, vader_positive"
tense,"afinn_negative, anticipation_extended, stress_anxiety, vader_negative"
tension,"afinn_negative, nrc_anger, vader_negative"
terrible,"afinn_very_negative, nrc_anger, nrc_disgust, nrc_fear, nrc_negative, nrc_sadness, vader_very_negative"
terribly,"afinn_very_negative, nrc_sadness, vader_very_negative"
terrific,"afinn_very_positive, joy_extended, nrc_sadness, vader_very_positive"
terrifically,"afinn_very_positive, vader_positive"
terrified,"afinn_very_negative, fear_extended, vader_very_negative"
terror,"afinn_very_negative, nrc_fear, nrc_negative, vader_very_negative"
terrorism,"nrc_anger, nrc_disgust, nrc_fear, nrc_negative, nrc_sadness, vader_very_negative"
terrorist,"afinn_negative, nrc_anger, nrc_disgust, nrc_fear, nrc_negative, nrc_sadness, nrc_surprise, vader_very_negative"
terrorists,"afinn_negative, vader_very_negative"
terrorize,"afinn_very_negative, nrc_anger, nrc_fear, nrc_negative, nrc_sadness, vader_very_negative"
terrorized,"afinn_very_negative, vader_very_negative"
terrorizes,"afinn_very_negative, vader_very_negative"
thank,"afinn_positive, vader_positive"
thankful,"afinn_positive, gratitude_appreciation, joy_extended, nrc_joy, nrc_positive, vader_very_positive"
thanks,"afinn_positive, vader_positive"
thief,"nrc_anger, nrc_disgust, nrc_fear, nrc_negative, nrc_sadness, nrc_surprise, vader_very_negative"
thorny,"afinn_negative, nrc_fear, nrc_negative, vader_negative"
thoughtful,"afinn_positive, nrc_positive, nrc_trust, vader_positive"
thoughtfulness,"nrc_positive, vader_positive"
thoughtless,"afinn_negative, nrc_anger, nrc_disgust, nrc_negative, vader_very_negative"
threat,"afinn_negative, nrc_anger, nrc_fear, nrc_negative, vader_very_negative"
threaten,"afinn_negative, nrc_anger, nrc_anticipation, nrc_fear, nrc_negative, vader_negative"
threatened,"afinn_negative, fear_extended, vader_very_negative"
threatening,"afinn_negative, nrc_anger, nrc_disgust, nrc_fear, nrc_negative, vader_very_negative"
threatens,"afinn_negative, vader_negative"
threats,"afinn_negative, vader_negative"
thrill,"nrc_anticipation, nrc_fear, nrc_joy, nrc_positive, nrc_surprise, vader_positive"
thrilled,"afinn_very_positive, joy_extended, vader_positive"
thrilling,"nrc_anticipation, nrc_joy, nrc_positive, nrc_surprise, vader_very_positive"
thunderstruck,surprise_extended
thwart,"afinn_negative, nrc_negative, nrc_surprise"
thwarted,"afinn_negative, vader_negative"
thwarting,"afinn_negative, vader_negative"
thwarts,"afinn_negative, vader_negative"
tickled pink,joy_extended
timid,"afinn_negative, nrc_fear, nrc_negative, nrc_sadness, vader_negative"
timidity,"nrc_anticipation, nrc_fear, nrc_negative, vader_negative"
timorous,"afinn_negative, vader_negative"
tired,"afinn_negative, nrc_negative, vader_negative"
tits,"afinn_negative, vader_negative"
tolerance,"afinn_positive, vader_positive"
tolerant,"afinn_positive, nrc_positive, vader_positive"
toothless,"afinn_negative, vader_negative"
top,"afinn_positive, nrc_anticipation, nrc_positive, nrc_trust, vader_positive"
tops,"afinn_positive, vader_very_positive"
torn,"afinn_negative, confusion_uncertainty, nrc_negative, vader_negative"
torture,"afinn_very_negative, nrc_anger, nrc_anticipation, nrc_disgust, nrc_fear, nrc_negative, nrc_sadness, vader_very_negative"
tortured,"afinn_very_negative, vader_very_negative"
tortures,"afinn_very_negative, vader_very_negative"
torturing,"afinn_very_negative, vader_very_negative"
totalitarian,"afinn_negative, vader_very_negative"
totalitarianism,"afinn_negative, vader_very_negative"
touched,"gratitude_appreciation, nrc_negative"
tough,"nrc_negative, nrc_sadness, vader_negative"
toughness,"nrc_anger, nrc_fear, nrc_positive, nrc_trust, vader_negative"
tout,"afinn_negative, vader_negative"
touted,"afinn_negative, vader_negative"
touting,"afinn_negative, vader_negative"
touts,"afinn_negative, vader_negative"
toxic,"afinn_very_negative, nrc_disgust, nrc_negative"
tragedies,"afinn_negative, vader_negative"
tragedy,"afinn_negative, nrc_fear, nrc_negative, nrc_sadness, vader_very_negative"
tragic,"afinn_negative, nrc_negative, vader_very_negative"
tranquil,"afinn_positive, nrc_joy, nrc_positive, vader_positive"
tranquility,"nrc_joy, nrc_positive, nrc_trust, vader_positive"
trap,"afinn_negative, vader_negative"
trapped,"afinn_negative, vader_very_negative"
traps,"afinn_negative, nrc_negative"
trauma,"afinn_very_negative, vader_negative"
traumatic,"afinn_very_negative, nrc_anger, nrc_fear, nrc_negative, nrc_sadness, vader_very_negative"
travesty,"afinn_negative, nrc_disgust, nrc_fear, nrc_negative, nrc_sadness, vader_very_negative"
treason,"afinn_very_negative, nrc_anger, nrc_disgust, nrc_fear, nrc_negative, nrc_surprise, vader_negative"
treasonous,"afinn_very_negative, vader_very_negative"
treasure,"afinn_positive, nrc_anticipation, nrc_joy, nrc_positive, nrc_trust, vader_positive"
treasurer,"nrc_trust, vader_positive"
treasures,"afinn_positive, vader_positive"
treat,"nrc_anger, nrc_anticipation, nrc_disgust, nrc_fear, nrc_joy, nrc_negative, nrc_positive, nrc_sadness, nrc_surprise, nrc_trust, vader_positive"
trembling,"afinn_negative, fear_extended, nrc_fear, nrc_negative, vader_negative"
tremor,"afinn_negative, nrc_anger, nrc_anticipation, nrc_fear, nrc_negative, nrc_sadness"
tremulous,"afinn_negative, vader_negative"
tribulation,"afinn_negative, nrc_fear, nrc_negative, nrc_sadness"
tribute,"afinn_positive, nrc_positive"
trick,"nrc_negative, nrc_surprise, vader_negative"
tricked,"afinn_negative, vader_negative"
trickery,"afinn_negative, nrc_anger, nrc_disgust, nrc_fear, nrc_negative, nrc_sadness, nrc_surprise, vader_negative"
triumph,"afinn_very_positive, nrc_anticipation, nrc_joy, nrc_positive, vader_very_positive"
triumphant,"afinn_very_positive, nrc_anticipation, nrc_joy, nrc_positive, nrc_trust, pride_confidence, vader_very_positive"
troll,"afinn_negative, nrc_anger, nrc_fear, nrc_negative"
trouble,"afinn_negative, vader_negative"
troubled,"afinn_negative, vader_very_negative"
troubles,"afinn_negative, vader_very_negative"
troublesome,"nrc_anger, nrc_fear, nrc_negative, vader_very_negative"
troubling,"afinn_negative, vader_very_negative"
true,"afinn_positive, nrc_joy, nrc_positive, nrc_trust, vader_positive"
trust,"afinn_positive, nrc_trust, vader_very_positive"
trusted,"afinn_positive, vader_very_positive"
trustee,"nrc_trust, vader_positive"
trusting,"trust_extended, vader_positive"
trusts,"afinn_positive, vader_very_positive"
trustworthy,"trust_extended, vader_very_positive"
trusty,"nrc_positive, vader_very_positive"
truth,"nrc_positive, nrc_trust, vader_positive"
truthful,"nrc_trust, vader_very_positive"
truthfulness,"nrc_positive, nrc_trust, vader_positive"
tumor,"afinn_negative, nrc_fear, nrc_negative, vader_negative"
turmoil,"nrc_anger, nrc_fear, nrc_negative, nrc_sadness, vader_negative"
turned off,disgust_extended
twat,"afinn_very_negative, vader_very_negative"
tyrannical,"afinn_very_negative, nrc_anger, nrc_disgust, nrc_fear, nrc_negative"
ugh,"afinn_negative, vader_negative"
ugliness,"afinn_very_negative, nrc_disgust, nrc_fear, nrc_negative, nrc_sadness, vader_very_negative"
ugly,"afinn_very_negative, nrc_disgust, nrc_negative, vader_very_negative"
unable,"afinn_negative, nrc_negative, nrc_sadness"
unacceptable,"afinn_negative, nrc_negative, nrc_sadness, vader_very_negative"
unappreciated,"afinn_negative, vader_negative"
unapproved,"afinn_negative, nrc_negative, vader_negative"
unattractive,"afinn_negative, nrc_disgust, nrc_negative, nrc_sadness, vader_negative"
unaware,"afinn_negative, nrc_negative, vader_negative"
unbearable,"afinn_negative, nrc_disgust, nrc_negative, nrc_sadness"
unbelievable,"afinn_negative, nrc_negative, vader_positive"
unbelieving,"afinn_negative, vader_negative"
unbiased,"afinn_positive, nrc_positive, vader_negative"
uncertain,"afinn_negative, confusion_uncertainty, nrc_anger, nrc_disgust, nrc_fear, nrc_negative, nrc_surprise, vader_negative"
unclear,"afinn_negative, vader_negative"
uncomfortable,"afinn_negative, nrc_negative, vader_negative"
unconcerned,"afinn_negative, vader_negative"
unconfirmed,"afinn_negative, vader_negative"
uncontrollable,"nrc_anger, nrc_anticipation, nrc_negative, nrc_surprise, vader_negative"
uncontrolled,"nrc_negative, vader_negative"
unconvinced,"afinn_negative, vader_negative"
uncredited,"afinn_negative, vader_negative"
undecided,"afinn_negative, nrc_anticipation, nrc_fear, nrc_negative, vader_negative"
underestimate,"afinn_negative, nrc_surprise, vader_negative"
underestimated,"afinn_negative, vader_negative"
underestimates,"afinn_negative, vader_negative"
undermine,"afinn_negative, vader_negative"
undermined,"afinn_negative, nrc_negative, vader_negative"
undermines,"afinn_negative, vader_negative"
undermining,"afinn_negative, vader_negative"
undeserving,"afinn_negative, vader_negative"
undesirable,"afinn_negative, nrc_anger, nrc_disgust, nrc_fear, nrc_negative, nrc_sadness, vader_negative"
uneasiness,"nrc_anticipation, nrc_negative, nrc_sadness, vader_negative"
uneasy,"afinn_negative, fear_extended, nrc_disgust, nrc_fear, nrc_negative, vader_negative"
unemployed,"afinn_negative, nrc_fear, nrc_negative, nrc_sadness"
unemployment,"afinn_negative, vader_negative"
unequal,"afinn_negative, nrc_anger, nrc_disgust, nrc_fear, nrc_negative, nrc_sadness, vader_negative"
unequaled,"afinn_positive, vader_positive"
unethical,"afinn_negative, vader_very_negative"
unexpected,"nrc_anticipation, nrc_fear, nrc_joy, nrc_negative, nrc_positive, nrc_surprise, surprise_extended"
unfair,"afinn_negative, nrc_anger, nrc_disgust, nrc_negative, nrc_sadness, vader_very_negative"
unfavorable,"afinn_negative, nrc_disgust, nrc_negative, nrc_sadness"
unfocused,"afinn_negative, vader_negative"
unforgiving,"afinn_negative, nrc_anger, nrc_negative, nrc_sadness"
unfortunate,"nrc_negative, nrc_sadness, vader_very_negative"
unfriendly,"nrc_anger, nrc_disgust, nrc_fear, nrc_negative, nrc_sadness, vader_negative"
unfulfilled,"afinn_negative, nrc_anger, nrc_anticipation, nrc_negative, nrc_sadness, nrc_surprise, vader_negative"
ungrateful,"afinn_very_negative, nrc_anger, nrc_disgust, nrc_negative, vader_very_negative"
unhappiness,"afinn_negative, nrc_negative, nrc_sadness, vader_very_negative"
unhappy,"afinn_negative, nrc_anger, nrc_disgust, nrc_negative, nrc_sadness, sadness_extended, vader_negative"
unhealthy,"afinn_negative, nrc_disgust, nrc_fear, nrc_negative, nrc_sadness, vader_very_negative"
unified,"afinn_positive, vader_positive"
unimportant,"nrc_negative, nrc_sadness, vader_negative"
unimpressed,"afinn_negative, nrc_negative, vader_negative"
uninspired,"afinn_negative, boredom_apathy, nrc_negative, nrc_sadness"
unintelligent,"afinn_negative, vader_very_negative"
unintentional,"afinn_negative, nrc_surprise"
uninterested,"boredom_apathy, nrc_negative, nrc_sadness"
uninvolving,"afinn_negative, vader_very_negative"
united,"afinn_positive, nrc_positive, nrc_trust, vader_positive"
unjust,"afinn_negative, nrc_anger, nrc_negative, vader_very_negative"
unkind,"nrc_anger, nrc_disgust, nrc_fear, nrc_negative, nrc_sadness, vader_negative"
unlovable,"afinn_negative, vader_very_negative"
unloved,"afinn_negative, vader_negative"
unmatched,"afinn_positive, vader_negative"
unmotivated,"afinn_negative, boredom_apathy, vader_negative"
unpleasant,"afinn_negative, nrc_disgust, nrc_negative, nrc_sadness, vader_very_negative"
unprofessional,"afinn_negative, vader_very_negative"
unprotected,"nrc_negative, vader_negative"
unresearched,"afinn_negative, vader_negative"
unsafe,"afinn_negative, nrc_fear, nrc_negative"
unsatisfied,"afinn_negative, nrc_disgust, nrc_negative, nrc_sadness, vader_negative"
unsavory,"nrc_negative, vader_negative"
unsecured,"afinn_negative, vader_negative"
unselfish,"afinn_positive, nrc_positive"
unsettled,"afinn_negative, nrc_anger, nrc_disgust, nrc_fear, nrc_negative, vader_negative"
unsophisticated,"afinn_negative, nrc_negative, vader_negative"
unstable,"afinn_negative, nrc_fear, nrc_negative, nrc_surprise, vader_negative"
unstoppable,"afinn_positive, vader_negative"
unsuccessful,"afinn_negative, nrc_negative, nrc_sadness, vader_negative"
unsuccessfully,"afinn_negative, vader_negative"
unsupported,"afinn_negative, nrc_negative, vader_negative"
unsure,"afinn_negative, confusion_uncertainty, vader_negative"
untarnished,"afinn_positive, vader_positive"
untrue,"afinn_negative, nrc_negative"
unwanted,"afinn_negative, vader_negative"
unwelcome,"nrc_negative, nrc_sadness, vader_negative"
unworthy,"afinn_negative, nrc_disgust, nrc_negative, shame_guilt, vader_very_negative"
upbeat,joy_extended
uproar,"afinn_very_negative, nrc_negative"
upset,"afinn_negative, nrc_anger, nrc_negative, nrc_sadness, vader_negative"
upsets,"afinn_negative, vader_negative"
upsetting,"afinn_negative, vader_very_negative"
uptight,"afinn_negative, vader_negative"
urgent,"afinn_negative, nrc_anticipation, nrc_fear, nrc_negative, nrc_surprise, vader_positive"
useful,"afinn_positive, vader_positive"
usefulness,"afinn_positive, nrc_positive, vader_positive"
useless,"afinn_negative, nrc_negative, vader_negative"
uselessness,"afinn_negative, vader_negative"
vague,"afinn_negative, nrc_negative, vader_negative"
validate,"afinn_positive, vader_positive"
validated,"afinn_positive, vader_positive"
validates,"afinn_positive, vader_positive"
validating,"afinn_positive, vader_positive"
valuable,"nrc_positive, vader_very_positive"
vanity,"nrc_negative, vader_negative"
vengeful,"anger_extended, nrc_anger, nrc_fear, nrc_negative"
verdict,"afinn_negative, nrc_fear, vader_positive"
verdicts,"afinn_negative, vader_positive"
vested,"afinn_positive, vader_positive"
vexation,"afinn_negative, vader_negative"
vexing,"afinn_negative, vader_very_negative"
vibrant,"afinn_very_positive, vader_very_positive"
vicious,"afinn_negative, nrc_anger, nrc_disgust, nrc_negative, vader_negative"
victim,"afinn_very_negative, nrc_anger, nrc_fear, nrc_negative, nrc_sadness, vader_negative"
victimization,"afinn_very_negative, vader_very_negative"
victimize,"afinn_very_negative, vader_very_negative"
victimized,"afinn_very_negative, nrc_anger, nrc_disgust, nrc_fear, nrc_negative, nrc_sadness, nrc_surprise, vader_negative"
victimizes,"afinn_very_negative, vader_negative"
victimizing,"afinn_very_negative, vader_very_negative"
victims,"afinn_very_negative, vader_negative"
victor,"afinn_very_positive, nrc_joy, nrc_positive"
victorious,"nrc_joy, nrc_positive, pride_confidence"
victory,"afinn_very_positive, nrc_anticipation, nrc_joy, nrc_positive, nrc_trust"
vigilant,"afinn_very_positive, nrc_fear, nrc_positive, nrc_trust, vader_positive"
vigor,"afinn_very_positive, nrc_positive, vader_positive"
vile,"afinn_very_negative, vader_very_negative"
villain,"nrc_fear, nrc_negative, vader_very_negative"
villainous,"nrc_anger, nrc_disgust, nrc_fear, nrc_negative, vader_very_negative"
vindicate,"afinn_positive, nrc_anger, vader_positive"
vindicated,"afinn_positive, nrc_positive, vader_positive"
vindicates,"afinn_positive, vader_positive"
vindicating,"afinn_positive, vader_negative"
vindictive,"anger_extended, nrc_anger, nrc_disgust, nrc_negative"
violate,"afinn_negative, vader_very_negative"
violated,"afinn_negative, vader_very_negative"
violates,"afinn_negative, vader_very_negative"
violating,"afinn_negative, vader_very_negative"
violation,"afinn_negative, nrc_anger, nrc_fear, nrc_negative, nrc_sadness, nrc_surprise, vader_very_negative"
violations,"afinn_negative, vader_very_negative"
violence,"afinn_very_negative, nrc_anger, nrc_fear, nrc_negative, nrc_sadness, vader_very_negative"
violent,"afinn_very_negative, nrc_anger, nrc_disgust, nrc_fear, nrc_negative, nrc_surprise, vader_very_negative"
violently,"afinn_very_negative, nrc_anger, nrc_disgust, nrc_fear, nrc_negative, nrc_sadness, vader_very_negative"
virtue,"nrc_positive, nrc_trust, vader_positive"
virtuous,"afinn_positive, nrc_joy, nrc_positive, nrc_trust, vader_very_positive"
virulent,"afinn_negative, vader_very_negative"
vision,"afinn_positive, nrc_anticipation, nrc_positive, vader_positive"
visionary,"afinn_very_positive, nrc_anticipation, nrc_joy, nrc_positive, nrc_trust, vader_very_positive"
visioning,"afinn_positive, vader_positive"
visions,"afinn_positive, vader_positive"
vital,"nrc_positive, vader_positive"
vitality,"afinn_very_positive, nrc_joy, nrc_positive, nrc_trust, vader_positive"
vitamin,"afinn_positive, vader_positive"
vitriolic,"afinn_very_negative, vader_very_negative"
vivacious,"afinn_very_positive, nrc_joy, nrc_positive, vader_positive"
vociferous,"afinn_negative, vader_negative"
vomit,"afinn_very_negative, nrc_disgust"
vomiting,"afinn_very_negative, nrc_negative"
vulnerability,"afinn_negative, nrc_fear, nrc_negative, nrc_sadness, vader_negative"
vulnerable,"afinn_negative, fear_extended, sadness_extended, vader_negative"
vulture,"nrc_disgust, nrc_fear, nrc_negative, vader_very_negative"
walking on air,joy_extended
walking on eggshells,fear_extended
walkout,"afinn_negative, vader_negative"
walkouts,"afinn_negative, vader_negative"
wanker,"afinn_very_negative, vader_very_negative"
want,"afinn_positive, vader_positive"
wanting,"anticipation_extended, nrc_negative, nrc_sadness"
war,"afinn_negative, nrc_fear, nrc_negative, vader_very_negative"
warfare,"afinn_negative, nrc_anger, nrc_fear, nrc_negative, nrc_sadness, vader_negative"
warm,"afinn_positive, love_affection, vader_positive"
warmhearted,"afinn_positive, vader_positive"
warmness,"afinn_positive, vader_positive"
warmth,"afinn_positive, vader_very_positive"
warn,"afinn_negative, nrc_anticipation, nrc_fear, nrc_negative, nrc_surprise, nrc_trust, vader_negative"
warned,"afinn_negative, nrc_anticipation, nrc_fear, nrc_surprise, vader_negative"
warning,"afinn_very_negative, nrc_fear, vader_negative"
warnings,"afinn_very_negative, vader_negative"
warns,"afinn_negative, vader_negative"
waste,"afinn_negative, nrc_disgust, nrc_negative, vader_negative"
wasted,"afinn_negative, nrc_anger, nrc_disgust, nrc_negative, vader_very_negative"
wasting,"afinn_negative, nrc_disgust, nrc_fear, nrc_negative, nrc_sadness, vader_negative"
wavering,"afinn_negative, vader_negative"
weak,"afinn_negative, vader_negative"
weakened,"afinn_negative, nrc_negative, vader_negative"
weakly,"nrc_fear, nrc_negative, nrc_sadness, vader_negative"
weakness,"afinn_negative, nrc_negative, vader_negative"
weaknesses,"afinn_negative, vader_negative"
wealth,"afinn_very_positive, nrc_joy, nrc_positive, nrc_trust, vader_very_positive"
wealthier,"afinn_positive, vader_very_positive"
wealthy,"afinn_positive, vader_positive"
weary,"afinn_negative, boredom_apathy, nrc_negative, nrc_sadness, vader_negative"
weep,"afinn_negative, nrc_negative, nrc_sadness, vader_very_negative"
weeping,"afinn_negative, nrc_sadness, sadness_extended, vader_negative"
weird,"afinn_negative, nrc_disgust, nrc_negative, vader_negative"
weirdo,"nrc_fear, nrc_negative, vader_negative"
welcome,"afinn_positive, vader_very_positive"
welcomed,"afinn_positive, nrc_joy, nrc_positive, vader_positive"
welcomes,"afinn_positive, vader_positive"
whimpering,sadness_extended
whimsical,"afinn_positive, nrc_joy, vader_positive"
whine,"nrc_disgust, nrc_negative, nrc_sadness, vader_negative"
whitewash,"afinn_very_negative, vader_positive"
whore,"afinn_very_negative, nrc_disgust, nrc_negative, vader_very_negative"
wicked,"afinn_negative, nrc_fear, nrc_negative, vader_very_negative"
wickedness,"nrc_disgust, nrc_negative, vader_very_negative"
wide-eyed,surprise_extended
widowed,"afinn_negative, vader_very_negative"
willingness,"afinn_positive, nrc_positive, vader_positive"
wimp,"nrc_disgust, nrc_fear, nrc_negative, vader_negative"
wimpy,"nrc_anger, nrc_disgust, nrc_fear, nrc_negative, nrc_sadness, vader_negative"
win,"afinn_very_positive, vader_very_positive"
winner,"afinn_very_positive, nrc_anticipation, nrc_joy, nrc_positive, nrc_surprise, vader_very_positive"
winning,"afinn_very_positive, nrc_anticipation, nrc_disgust, nrc_joy, nrc_positive, nrc_sadness, nrc_surprise, nrc_trust, vader_very_positive"
winnings,"nrc_anticipation, nrc_joy, nrc_positive, vader_very_positive"
wins,"afinn_very_positive, vader_very_positive"
wisdom,"afinn_positive, nrc_positive, nrc_trust, vader_very_positive"
wise,"nrc_positive, vader_very_positive"
wish,"afinn_positive, vader_positive"
wishes,"afinn_positive, vader_positive"
wishing,"afinn_positive, anticipation_extended, vader_positive"
witch,"nrc_anger, nrc_disgust, nrc_fear, nrc_negative, vader_negative"
withdrawal,"afinn_very_negative, vader_positive"
wits,"afinn_positive, nrc_positive"
woe,"nrc_disgust, nrc_fear, nrc_negative, nrc_sadness, vader_negative"
woebegone,"afinn_negative, vader_very_negative"
woeful,"afinn_very_negative, nrc_negative, nrc_sadness, sadness_extended, vader_negative"
woefully,"nrc_disgust, nrc_negative, nrc_sadness, vader_negative"
won,"afinn_very_positive, vader_very_positive"
wonderful,"afinn_very_positive, joy_extended, nrc_joy, nrc_positive, nrc_surprise, nrc_trust, vader_very_positive"
wonderfully,"afinn_very_positive, nrc_joy, nrc_positive, nrc_surprise, vader_very_positive"
woo,"afinn_very_positive, vader_very_positive"
woohoo,"afinn_very_positive, vader_very_positive"
worked up,anger_extended
worn,"afinn_negative, nrc_negative, nrc_sadness, vader_negative"
worried,"afinn_very_negative, fear_extended, nrc_negative, nrc_sadness, vader_negative"
worried sick,stress_anxiety
worries,"afinn_very_negative, vader_negative"
worry,"afinn_very_negative, nrc_anticipation, nrc_fear, nrc_negative, nrc_sadness, vader_negative"
worrying,"afinn_very_negative, nrc_anticipation, nrc_fear, nrc_negative, nrc_sadness, vader_negative"
worse,"afinn_very_negative, nrc_fear, nrc_negative, nrc_sadness, vader_very_negative"
worsen,"afinn_very_negative, vader_very_negative"
worsened,"afinn_very_negative, vader_negative"
worsening,"afinn_very_negative, nrc_disgust, nrc_negative, nrc_sadness, vader_very_negative"
worsens,"afinn_very_negative, vader_very_negative"
worship,"nrc_anticipation, nrc_fear, nrc_joy, nrc_positive, nrc_trust, vader_positive"
worshiped,"afinn_very_positive, vader_very_positive"
worst,"afinn_very_negative, vader_very_negative"
worth,"afinn_positive, nrc_positive, vader_positive"
worthless,"afinn_negative, nrc_anger, nrc_disgust, nrc_negative, nrc_sadness, vader_negative"
worthy,"afinn_positive, nrc_positive, nrc_trust, pride_confidence, vader_positive"
wound up,anger_extended
wow,"afinn_very_positive, vader_very_positive"
wrathful,"afinn_very_negative, anger_extended, vader_very_negative"
wreck,"afinn_negative, nrc_anger, nrc_disgust, nrc_fear, nrc_negative, nrc_sadness, nrc_surprise, vader_negative"
wretched,"nrc_disgust, nrc_negative, nrc_sadness, sadness_extended"
wrong,"afinn_negative, nrc_negative, vader_very_negative"
wrongdoing,"afinn_negative, nrc_anger, nrc_disgust, nrc_negative, nrc_sadness"
wronged,"afinn_negative, vader_negative"
wrongful,"afinn_negative, nrc_anger, nrc_disgust, nrc_negative, nrc_sadness"
wrongly,"afinn_negative, nrc_anger, nrc_fear, nrc_negative, nrc_sadness"
wtf,"afinn_very_negative, vader_very_negative"
xoxo,"afinn_very_positive, vader_very_positive"
yeah,"afinn_positive, vader_positive"
yearning,"afinn_positive, anticipation_extended, nrc_anticipation, nrc_joy, nrc_negative, nrc_positive, nrc_trust, sadness_extended, vader_positive"
yeees,"afinn_positive, vader_positive"
yes,"afinn_positive, vader_positive"
youthful,"afinn_positive, vader_positive"
yucky,"afinn_negative, vader_negative"
yummy,"afinn_very_positive, vader_very_positive"
zealot,"afinn_negative, vader_negative"
zealots,"afinn_negative, vader_negative"
zealous,"afinn_positive, nrc_joy, nrc_positive, nrc_trust, vader_positive"
