category,word,source
afinn_negative,abandon,afinn_vader_manual
afinn_negative,abandoned,afinn_vader_manual
afinn_negative,abandons,afinn_vader_manual
afinn_negative,abducted,afinn_vader_manual
afinn_negative,abduction,afinn_vader_manual
afinn_negative,abductions,afinn_vader_manual
afinn_negative,absentee,afinn_vader_manual
afinn_negative,absentees,afinn_vader_manual
afinn_negative,accident,afinn_vader_manual
afinn_negative,accidental,afinn_vader_manual
afinn_negative,accidentally,afinn_vader_manual
afinn_negative,accidents,afinn_vader_manual
afinn_negative,accusation,afinn_vader_manual
afinn_negative,accusations,afinn_vader_manual
afinn_negative,accuse,afinn_vader_manual
afinn_negative,accused,afinn_vader_manual
afinn_negative,accuses,afinn_vader_manual
afinn_negative,accusing,afinn_vader_manual
afinn_negative,ache,afinn_vader_manual
afinn_negative,aching,afinn_vader_manual
afinn_negative,admit,afinn_vader_manual
afinn_negative,admits,afinn_vader_manual
afinn_negative,admitted,afinn_vader_manual
afinn_negative,admonished,afinn_vader_manual
afinn_negative,adversary,afinn_vader_manual
afinn_negative,affected,afinn_vader_manual
afinn_negative,afflicted,afinn_vader_manual
afinn_negative,affronted,afinn_vader_manual
afinn_negative,afraid,afinn_vader_manual
afinn_negative,aggravate,afinn_vader_manual
afinn_negative,aggravated,afinn_vader_manual
afinn_negative,aggravates,afinn_vader_manual
afinn_negative,aggravating,afinn_vader_manual
afinn_negative,aggression,afinn_vader_manual
afinn_negative,aggressions,afinn_vader_manual
afinn_negative,aggressive,afinn_vader_manual
afinn_negative,aggressiveness,afinn_vader_manual
afinn_negative,aghast,afinn_vader_manual
afinn_negative,alarm,afinn_vader_manual
afinn_negative,alarmed,afinn_vader_manual
afinn_negative,alarmists,afinn_vader_manual
afinn_negative,alas,afinn_vader_manual
afinn_negative,alert,afinn_vader_manual
afinn_negative,alienation,afinn_vader_manual
afinn_negative,allegation,afinn_vader_manual
afinn_negative,allergic,afinn_vader_manual
afinn_negative,alone,afinn_vader_manual
afinn_negative,ambivalent,afinn_vader_manual
afinn_negative,animosity,afinn_vader_manual
afinn_negative,annoy,afinn_vader_manual
afinn_negative,annoyance,afinn_vader_manual
afinn_negative,annoyed,afinn_vader_manual
afinn_negative,annoying,afinn_vader_manual
afinn_negative,annoys,afinn_vader_manual
afinn_negative,antagonistic,afinn_vader_manual
afinn_negative,anti,afinn_vader_manual
afinn_negative,anxiety,afinn_vader_manual
afinn_negative,anxious,afinn_vader_manual
afinn_negative,apocalyptic,afinn_vader_manual
afinn_negative,apologise,afinn_vader_manual
afinn_negative,apologised,afinn_vader_manual
afinn_negative,apologises,afinn_vader_manual
afinn_negative,apologising,afinn_vader_manual
afinn_negative,apologize,afinn_vader_manual
afinn_negative,apologized,afinn_vader_manual
afinn_negative,apologizes,afinn_vader_manual
afinn_negative,apologizing,afinn_vader_manual
afinn_negative,apology,afinn_vader_manual
afinn_negative,appalled,afinn_vader_manual
afinn_negative,appalling,afinn_vader_manual
afinn_negative,apprehensive,afinn_vader_manual
afinn_negative,arrest,afinn_vader_manual
afinn_negative,arrests,afinn_vader_manual
afinn_negative,arrogant,afinn_vader_manual
afinn_negative,ashamed,afinn_vader_manual
afinn_negative,assault,afinn_vader_manual
afinn_negative,assaults,afinn_vader_manual
afinn_negative,attack,afinn_vader_manual
afinn_negative,attacked,afinn_vader_manual
afinn_negative,attacking,afinn_vader_manual
afinn_negative,attacks,afinn_vader_manual
afinn_negative,avenger,afinn_vader_manual
afinn_negative,avert,afinn_vader_manual
afinn_negative,averted,afinn_vader_manual
afinn_negative,averts,afinn_vader_manual
afinn_negative,avoid,afinn_vader_manual
afinn_negative,avoided,afinn_vader_manual
afinn_negative,avoids,afinn_vader_manual
afinn_negative,await,afinn_vader_manual
afinn_negative,awaited,afinn_vader_manual
afinn_negative,awaits,afinn_vader_manual
afinn_negative,awkward,afinn_vader_manual
afinn_negative,axe,afinn_vader_manual
afinn_negative,axed,afinn_vader_manual
afinn_negative,bailout,afinn_vader_manual
afinn_negative,bamboozle,afinn_vader_manual
afinn_negative,bamboozled,afinn_vader_manual
afinn_negative,bamboozles,afinn_vader_manual
afinn_negative,ban,afinn_vader_manual
afinn_negative,banish,afinn_vader_manual
afinn_negative,banned,afinn_vader_manual
afinn_negative,barbarian,afinn_vader_manual
afinn_negative,barbaric,afinn_vader_manual
afinn_negative,barrier,afinn_vader_manual
afinn_negative,battle,afinn_vader_manual
afinn_negative,battled,afinn_vader_manual
afinn_negative,battles,afinn_vader_manual
afinn_negative,battling,afinn_vader_manual
afinn_negative,beaten,afinn_vader_manual
afinn_negative,beating,afinn_vader_manual
afinn_negative,belittle,afinn_vader_manual
afinn_negative,belittled,afinn_vader_manual
afinn_negative,bereave,afinn_vader_manual
afinn_negative,bereaved,afinn_vader_manual
afinn_negative,bereaves,afinn_vader_manual
afinn_negative,bereaving,afinn_vader_manual
afinn_negative,bias,afinn_vader_manual
afinn_negative,biased,afinn_vader_manual
afinn_negative,bitter,afinn_vader_manual
afinn_negative,bitterest,afinn_vader_manual
afinn_negative,bitterly,afinn_vader_manual
afinn_negative,bizarre,afinn_vader_manual
afinn_negative,blah,afinn_vader_manual
afinn_negative,blame,afinn_vader_manual
afinn_negative,blamed,afinn_vader_manual
afinn_negative,blames,afinn_vader_manual
afinn_negative,blaming,afinn_vader_manual
afinn_negative,blind,afinn_vader_manual
afinn_negative,bloated,afinn_vader_manual
afinn_negative,block,afinn_vader_manual
afinn_negative,blockade,afinn_vader_manual
afinn_negative,blocked,afinn_vader_manual
afinn_negative,blocking,afinn_vader_manual
afinn_negative,blocks,afinn_vader_manual
afinn_negative,blurry,afinn_vader_manual
afinn_negative,bomb,afinn_vader_manual
afinn_negative,bore,afinn_vader_manual
afinn_negative,bored,afinn_vader_manual
afinn_negative,bother,afinn_vader_manual
afinn_negative,bothered,afinn_vader_manual
afinn_negative,bothers,afinn_vader_manual
afinn_negative,bothersome,afinn_vader_manual
afinn_negative,boycott,afinn_vader_manual
afinn_negative,boycotted,afinn_vader_manual
afinn_negative,boycotting,afinn_vader_manual
afinn_negative,boycotts,afinn_vader_manual
afinn_negative,breach,afinn_vader_manual
afinn_negative,broke,afinn_vader_manual
afinn_negative,broken,afinn_vader_manual
afinn_negative,brooding,afinn_vader_manual
afinn_negative,bullied,afinn_vader_manual
afinn_negative,bully,afinn_vader_manual
afinn_negative,bullying,afinn_vader_manual
afinn_negative,bummer,afinn_vader_manual
afinn_negative,burden,afinn_vader_manual
afinn_negative,burdened,afinn_vader_manual
afinn_negative,burdening,afinn_vader_manual
afinn_negative,burdens,afinn_vader_manual
afinn_negative,burglar,afinn_vader_manual
afinn_negative,burglary,afinn_vader_manual
afinn_negative,cancel,afinn_vader_manual
afinn_negative,cancelled,afinn_vader_manual
afinn_negative,cancelling,afinn_vader_manual
afinn_negative,cancels,afinn_vader_manual
afinn_negative,cancer,afinn_vader_manual
afinn_negative,careless,afinn_vader_manual
afinn_negative,casualty,afinn_vader_manual
afinn_negative,cautious,afinn_vader_manual
afinn_negative,censor,afinn_vader_manual
afinn_negative,censored,afinn_vader_manual
afinn_negative,censors,afinn_vader_manual
afinn_negative,chagrin,afinn_vader_manual
afinn_negative,chagrined,afinn_vader_manual
afinn_negative,challenge,afinn_vader_manual
afinn_negative,chaos,afinn_vader_manual
afinn_negative,chaotic,afinn_vader_manual
afinn_negative,charges,afinn_vader_manual
afinn_negative,cheerless,afinn_vader_manual
afinn_negative,childish,afinn_vader_manual
afinn_negative,chilling,afinn_vader_manual
afinn_negative,choke,afinn_vader_manual
afinn_negative,choked,afinn_vader_manual
afinn_negative,chokes,afinn_vader_manual
afinn_negative,choking,afinn_vader_manual
afinn_negative,clash,afinn_vader_manual
afinn_negative,clouded,afinn_vader_manual
afinn_negative,clueless,afinn_vader_manual
afinn_negative,cocky,afinn_vader_manual
afinn_negative,coerced,afinn_vader_manual
afinn_negative,coercion,afinn_vader_manual
afinn_negative,collapse,afinn_vader_manual
afinn_negative,collapsed,afinn_vader_manual
afinn_negative,collapses,afinn_vader_manual
afinn_negative,collapsing,afinn_vader_manual
afinn_negative,collide,afinn_vader_manual
afinn_negative,collides,afinn_vader_manual
afinn_negative,colliding,afinn_vader_manual
afinn_negative,collision,afinn_vader_manual
afinn_negative,collisions,afinn_vader_manual
afinn_negative,combat,afinn_vader_manual
afinn_negative,combats,afinn_vader_manual
afinn_negative,complacent,afinn_vader_manual
afinn_negative,complain,afinn_vader_manual
afinn_negative,complained,afinn_vader_manual
afinn_negative,complaining,afinn_vader_manual
afinn_negative,complains,afinn_vader_manual
afinn_negative,complaint,afinn_vader_manual
afinn_negative,complaints,afinn_vader_manual
afinn_negative,concerned,afinn_vader_manual
afinn_negative,condemn,afinn_vader_manual
afinn_negative,condemnation,afinn_vader_manual
afinn_negative,condemned,afinn_vader_manual
afinn_negative,condemns,afinn_vader_manual
afinn_negative,conflict,afinn_vader_manual
afinn_negative,conflicting,afinn_vader_manual
afinn_negative,conflictive,afinn_vader_manual
afinn_negative,conflicts,afinn_vader_manual
afinn_negative,confuse,afinn_vader_manual
afinn_negative,confused,afinn_vader_manual
afinn_negative,confusing,afinn_vader_manual
afinn_negative,constipation,afinn_vader_manual
afinn_negative,constrained,afinn_vader_manual
afinn_negative,contagion,afinn_vader_manual
afinn_negative,contagions,afinn_vader_manual
afinn_negative,contagious,afinn_vader_manual
afinn_negative,contaminate,afinn_vader_manual
afinn_negative,contaminated,afinn_vader_manual
afinn_negative,contamination,afinn_vader_manual
afinn_negative,contempt,afinn_vader_manual
afinn_negative,contemptible,afinn_vader_manual
afinn_negative,contemptuous,afinn_vader_manual
afinn_negative,contemptuously,afinn_vader_manual
afinn_negative,contend,afinn_vader_manual
afinn_negative,contender,afinn_vader_manual
afinn_negative,contentious,afinn_vader_manual
afinn_negative,contestable,afinn_vader_manual
afinn_negative,controversial,afinn_vader_manual
afinn_negative,controversially,afinn_vader_manual
afinn_negative,controversy,afinn_vader_manual
afinn_negative,cornered,afinn_vader_manual
afinn_negative,corpse,afinn_vader_manual
afinn_negative,costly,afinn_vader_manual
afinn_negative,coward,afinn_vader_manual
afinn_negative,cowardly,afinn_vader_manual
afinn_negative,cramp,afinn_vader_manual
afinn_negative,crash,afinn_vader_manual
afinn_negative,crazier,afinn_vader_manual
afinn_negative,craziest,afinn_vader_manual
afinn_negative,crazy,afinn_vader_manual
afinn_negative,crestfallen,afinn_vader_manual
afinn_negative,cried,afinn_vader_manual
afinn_negative,cries,afinn_vader_manual
afinn_negative,critic,afinn_vader_manual
afinn_negative,criticise,afinn_vader_manual
afinn_negative,criticised,afinn_vader_manual
afinn_negative,criticises,afinn_vader_manual
afinn_negative,criticising,afinn_vader_manual
afinn_negative,criticism,afinn_vader_manual
afinn_negative,criticize,afinn_vader_manual
afinn_negative,criticized,afinn_vader_manual
afinn_negative,criticizes,afinn_vader_manual
afinn_negative,criticizing,afinn_vader_manual
afinn_negative,critics,afinn_vader_manual
afinn_negative,critique,afinn_vader_manual
afinn_negative,crude,afinn_vader_manual
afinn_negative,crush,afinn_vader_manual
afinn_negative,crushed,afinn_vader_manual
afinn_negative,crushes,afinn_vader_manual
afinn_negative,crushing,afinn_vader_manual
afinn_negative,cry,afinn_vader_manual
afinn_negative,crying,afinn_vader_manual
afinn_negative,curse,afinn_vader_manual
afinn_negative,cut,afinn_vader_manual
afinn_negative,cuts,afinn_vader_manual
afinn_negative,cutting,afinn_vader_manual
afinn_negative,cynic,afinn_vader_manual
afinn_negative,cynical,afinn_vader_manual
afinn_negative,cynicism,afinn_vader_manual
afinn_negative,damn,afinn_vader_manual
afinn_negative,danger,afinn_vader_manual
afinn_negative,dangerous,afinn_vader_manual
afinn_negative,dangerously,afinn_vader_manual
afinn_negative,darkest,afinn_vader_manual
afinn_negative,darkness,afinn_vader_manual
afinn_negative,deadlock,afinn_vader_manual
afinn_negative,deafening,afinn_vader_manual
afinn_negative,death,afinn_vader_manual
afinn_negative,debt,afinn_vader_manual
afinn_negative,defeat,afinn_vader_manual
afinn_negative,defeated,afinn_vader_manual
afinn_negative,defenseless,afinn_vader_manual
afinn_negative,defer,afinn_vader_manual
afinn_negative,deferring,afinn_vader_manual
afinn_negative,defiant,afinn_vader_manual
afinn_negative,deficiency,afinn_vader_manual
afinn_negative,deficit,afinn_vader_manual
afinn_negative,deformed,afinn_vader_manual
afinn_negative,deformity,afinn_vader_manual
afinn_negative,defunct,afinn_vader_manual
afinn_negative,degrade,afinn_vader_manual
afinn_negative,degraded,afinn_vader_manual
afinn_negative,degrades,afinn_vader_manual
afinn_negative,dehumanize,afinn_vader_manual
afinn_negative,dehumanized,afinn_vader_manual
afinn_negative,dehumanizes,afinn_vader_manual
afinn_negative,dehumanizing,afinn_vader_manual
afinn_negative,deject,afinn_vader_manual
afinn_negative,dejected,afinn_vader_manual
afinn_negative,dejecting,afinn_vader_manual
afinn_negative,dejects,afinn_vader_manual
afinn_negative,delay,afinn_vader_manual
afinn_negative,delayed,afinn_vader_manual
afinn_negative,demand,afinn_vader_manual
afinn_negative,demanded,afinn_vader_manual
afinn_negative,demanding,afinn_vader_manual
afinn_negative,demonstration,afinn_vader_manual
afinn_negative,demoralized,afinn_vader_manual
afinn_negative,denial,afinn_vader_manual
afinn_negative,denied,afinn_vader_manual
afinn_negative,denier,afinn_vader_manual
afinn_negative,deniers,afinn_vader_manual
afinn_negative,denies,afinn_vader_manual
afinn_negative,denounce,afinn_vader_manual
afinn_negative,denounces,afinn_vader_manual
afinn_negative,deny,afinn_vader_manual
afinn_negative,denying,afinn_vader_manual
afinn_negative,deport,afinn_vader_manual
afinn_negative,deportation,afinn_vader_manual
afinn_negative,depressed,afinn_vader_manual
afinn_negative,depressing,afinn_vader_manual
afinn_negative,derail,afinn_vader_manual
afinn_negative,derailed,afinn_vader_manual
afinn_negative,derails,afinn_vader_manual
afinn_negative,derelict,afinn_vader_manual
afinn_negative,deride,afinn_vader_manual
afinn_negative,derided,afinn_vader_manual
afinn_negative,derides,afinn_vader_manual
afinn_negative,deriding,afinn_vader_manual
afinn_negative,derision,afinn_vader_manual
afinn_negative,detached,afinn_vader_manual
afinn_negative,detain,afinn_vader_manual
afinn_negative,detained,afinn_vader_manual
afinn_negative,detention,afinn_vader_manual
afinn_negative,deteriorate,afinn_vader_manual
afinn_negative,deteriorated,afinn_vader_manual
afinn_negative,detract,afinn_vader_manual
afinn_negative,devastate,afinn_vader_manual
afinn_negative,devastated,afinn_vader_manual
afinn_negative,devastating,afinn_vader_manual
afinn_negative,devastation,afinn_vader_manual
afinn_negative,devastations,afinn_vader_manual
afinn_negative,difficult,afinn_vader_manual
afinn_negative,diffident,afinn_vader_manual
afinn_negative,dilemma,afinn_vader_manual
afinn_negative,dirt,afinn_vader_manual
afinn_negative,dirtier,afinn_vader_manual
afinn_negative,dirtiest,afinn_vader_manual
afinn_negative,dirty,afinn_vader_manual
afinn_negative,disability,afinn_vader_manual
afinn_negative,disabling,afinn_vader_manual
afinn_negative,disadvantage,afinn_vader_manual
afinn_negative,disadvantaged,afinn_vader_manual
afinn_negative,disagree,afinn_vader_manual
afinn_negative,disagreeable,afinn_vader_manual
afinn_negative,disagreement,afinn_vader_manual
afinn_negative,disappear,afinn_vader_manual
afinn_negative,disappeared,afinn_vader_manual
afinn_negative,disappears,afinn_vader_manual
afinn_negative,disappoint,afinn_vader_manual
afinn_negative,disappointed,afinn_vader_manual
afinn_negative,disappointing,afinn_vader_manual
afinn_negative,disappointment,afinn_vader_manual
afinn_negative,disappointments,afinn_vader_manual
afinn_negative,disappoints,afinn_vader_manual
afinn_negative,disapproval,afinn_vader_manual
afinn_negative,disapprove,afinn_vader_manual
afinn_negative,disapproved,afinn_vader_manual
afinn_negative,disapproving,afinn_vader_manual
afinn_negative,disaster,afinn_vader_manual
afinn_negative,disasters,afinn_vader_manual
afinn_negative,disbelieve,afinn_vader_manual
afinn_negative,discard,afinn_vader_manual
afinn_negative,discarded,afinn_vader_manual
afinn_negative,discarding,afinn_vader_manual
afinn_negative,discards,afinn_vader_manual
afinn_negative,discomfort,afinn_vader_manual
afinn_negative,disconsolate,afinn_vader_manual
afinn_negative,disconsolation,afinn_vader_manual
afinn_negative,discontented,afinn_vader_manual
afinn_negative,discord,afinn_vader_manual
afinn_negative,discounted,afinn_vader_manual
afinn_negative,discouraged,afinn_vader_manual
afinn_negative,discredited,afinn_vader_manual
afinn_negative,discriminate,afinn_vader_manual
afinn_negative,discriminating,afinn_vader_manual
afinn_negative,disdain,afinn_vader_manual
afinn_negative,disease,afinn_vader_manual
afinn_negative,disgrace,afinn_vader_manual
afinn_negative,disgraced,afinn_vader_manual
afinn_negative,disguise,afinn_vader_manual
afinn_negative,disguised,afinn_vader_manual
afinn_negative,disguises,afinn_vader_manual
afinn_negative,disguising,afinn_vader_manual
afinn_negative,disheartened,afinn_vader_manual
afinn_negative,dishonest,afinn_vader_manual
afinn_negative,disillusioned,afinn_vader_manual
afinn_negative,disinclined,afinn_vader_manual
afinn_negative,disjointed,afinn_vader_manual
afinn_negative,dislike,afinn_vader_manual
afinn_negative,disliked,afinn_vader_manual
afinn_negative,dislikes,afinn_vader_manual
afinn_negative,dismal,afinn_vader_manual
afinn_negative,dismayed,afinn_vader_manual
afinn_negative,disorder,afinn_vader_manual
afinn_negative,disorganized,afinn_vader_manual
afinn_negative,disoriented,afinn_vader_manual
afinn_negative,disparage,afinn_vader_manual
afinn_negative,disparaged,afinn_vader_manual
afinn_negative,disparages,afinn_vader_manual
afinn_negative,disparaging,afinn_vader_manual
afinn_negative,displeased,afinn_vader_manual
afinn_negative,displeasure,afinn_vader_manual
afinn_negative,dispute,afinn_vader_manual
afinn_negative,disputed,afinn_vader_manual
afinn_negative,disputes,afinn_vader_manual
afinn_negative,disputing,afinn_vader_manual
afinn_negative,disqualified,afinn_vader_manual
afinn_negative,disquiet,afinn_vader_manual
afinn_negative,disregard,afinn_vader_manual
afinn_negative,disregarded,afinn_vader_manual
afinn_negative,disregarding,afinn_vader_manual
afinn_negative,disregards,afinn_vader_manual
afinn_negative,disrespect,afinn_vader_manual
afinn_negative,disrespected,afinn_vader_manual
afinn_negative,disruption,afinn_vader_manual
afinn_negative,disruptions,afinn_vader_manual
afinn_negative,disruptive,afinn_vader_manual
afinn_negative,dissatisfied,afinn_vader_manual
afinn_negative,distasteful,afinn_vader_manual
afinn_negative,distort,afinn_vader_manual
afinn_negative,distorted,afinn_vader_manual
afinn_negative,distorting,afinn_vader_manual
afinn_negative,distorts,afinn_vader_manual
afinn_negative,distract,afinn_vader_manual
afinn_negative,distracted,afinn_vader_manual
afinn_negative,distraction,afinn_vader_manual
afinn_negative,distracts,afinn_vader_manual
afinn_negative,distress,afinn_vader_manual
afinn_negative,distressed,afinn_vader_manual
afinn_negative,distresses,afinn_vader_manual
afinn_negative,distressing,afinn_vader_manual
afinn_negative,disturb,afinn_vader_manual
afinn_negative,disturbed,afinn_vader_manual
afinn_negative,disturbing,afinn_vader_manual
afinn_negative,disturbs,afinn_vader_manual
afinn_negative,dithering,afinn_vader_manual
afinn_negative,dizzy,afinn_vader_manual
afinn_negative,dodging,afinn_vader_manual
afinn_negative,dodgy,afinn_vader_manual
afinn_negative,dolorous,afinn_vader_manual
afinn_negative,doom,afinn_vader_manual
afinn_negative,doomed,afinn_vader_manual
afinn_negative,doubt,afinn_vader_manual
afinn_negative,doubted,afinn_vader_manual
afinn_negative,doubtful,afinn_vader_manual
afinn_negative,doubting,afinn_vader_manual
afinn_negative,doubts,afinn_vader_manual
afinn_negative,dour,afinn_vader_manual
afinn_negative,downcast,afinn_vader_manual
afinn_negative,downhearted,afinn_vader_manual
afinn_negative,downside,afinn_vader_manual
afinn_negative,drag,afinn_vader_manual
afinn_negative,dragged,afinn_vader_manual
afinn_negative,drags,afinn_vader_manual
afinn_negative,drained,afinn_vader_manual
afinn_negative,dread,afinn_vader_manual
afinn_negative,dreaded,afinn_vader_manual
afinn_negative,dreading,afinn_vader_manual
afinn_negative,dreary,afinn_vader_manual
afinn_negative,droopy,afinn_vader_manual
afinn_negative,drop,afinn_vader_manual
afinn_negative,drown,afinn_vader_manual
afinn_negative,drowned,afinn_vader_manual
afinn_negative,drowns,afinn_vader_manual
afinn_negative,drudgery,afinn_vader_manual
afinn_negative,drunk,afinn_vader_manual
afinn_negative,dubious,afinn_vader_manual
afinn_negative,dud,afinn_vader_manual
afinn_negative,dull,afinn_vader_manual
afinn_negative,dump,afinn_vader_manual
afinn_negative,dumped,afinn_vader_manual
afinn_negative,dumps,afinn_vader_manual
afinn_negative,dupe,afinn_vader_manual
afinn_negative,duped,afinn_vader_manual
afinn_negative,dysfunction,afinn_vader_manual
afinn_negative,eerie,afinn_vader_manual
afinn_negative,eery,afinn_vader_manual
afinn_negative,embarrass,afinn_vader_manual
afinn_negative,embarrassed,afinn_vader_manual
afinn_negative,embarrasses,afinn_vader_manual
afinn_negative,embarrassing,afinn_vader_manual
afinn_negative,embarrassment,afinn_vader_manual
afinn_negative,embittered,afinn_vader_manual
afinn_negative,emergency,afinn_vader_manual
afinn_negative,emptiness,afinn_vader_manual
afinn_negative,empty,afinn_vader_manual
afinn_negative,enemies,afinn_vader_manual
afinn_negative,enemy,afinn_vader_manual
afinn_negative,ennui,afinn_vader_manual
afinn_negative,enrage,afinn_vader_manual
afinn_negative,enraged,afinn_vader_manual
afinn_negative,enrages,afinn_vader_manual
afinn_negative,enraging,afinn_vader_manual
afinn_negative,enslave,afinn_vader_manual
afinn_negative,enslaved,afinn_vader_manual
afinn_negative,enslaves,afinn_vader_manual
afinn_negative,envies,afinn_vader_manual
afinn_negative,envious,afinn_vader_manual
afinn_negative,envy,afinn_vader_manual
afinn_negative,envying,afinn_vader_manual
afinn_negative,erroneous,afinn_vader_manual
afinn_negative,error,afinn_vader_manual
afinn_negative,errors,afinn_vader_manual
afinn_negative,escape,afinn_vader_manual
afinn_negative,escapes,afinn_vader_manual
afinn_negative,escaping,afinn_vader_manual
afinn_negative,evacuate,afinn_vader_manual
afinn_negative,evacuation,afinn_vader_manual
afinn_negative,eviction,afinn_vader_manual
afinn_negative,exacerbate,afinn_vader_manual
afinn_negative,exaggerate,afinn_vader_manual
afinn_negative,exaggerated,afinn_vader_manual
afinn_negative,exaggerates,afinn_vader_manual
afinn_negative,exaggerating,afinn_vader_manual
afinn_negative,exasperated,afinn_vader_manual
afinn_negative,exclude,afinn_vader_manual
afinn_negative,excluded,afinn_vader_manual
afinn_negative,exclusion,afinn_vader_manual
afinn_negative,excruciatingly,afinn_vader_manual
afinn_negative,excuse,afinn_vader_manual
afinn_negative,exempt,afinn_vader_manual
afinn_negative,exhausted,afinn_vader_manual
afinn_negative,expel,afinn_vader_manual
afinn_negative,expelled,afinn_vader_manual
afinn_negative,expelling,afinn_vader_manual
afinn_negative,expels,afinn_vader_manual
afinn_negative,exploit,afinn_vader_manual
afinn_negative,exploited,afinn_vader_manual
afinn_negative,exploiting,afinn_vader_manual
afinn_negative,exploits,afinn_vader_manual
afinn_negative,expose,afinn_vader_manual
afinn_negative,exposed,afinn_vader_manual
afinn_negative,exposes,afinn_vader_manual
afinn_negative,exposing,afinn_vader_manual
afinn_negative,fad,afinn_vader_manual
afinn_negative,fail,afinn_vader_manual
afinn_negative,failed,afinn_vader_manual
afinn_negative,failing,afinn_vader_manual
afinn_negative,fails,afinn_vader_manual
afinn_negative,failure,afinn_vader_manual
afinn_negative,failures,afinn_vader_manual
afinn_negative,fainthearted,afinn_vader_manual
afinn_negative,fallen,afinn_vader_manual
afinn_negative,falling,afinn_vader_manual
afinn_negative,falsely,afinn_vader_manual
afinn_negative,famine,afinn_vader_manual
afinn_negative,farce,afinn_vader_manual
afinn_negative,fascist,afinn_vader_manual
afinn_negative,fascists,afinn_vader_manual
afinn_negative,fatigue,afinn_vader_manual
afinn_negative,fatigued,afinn_vader_manual
afinn_negative,fatigues,afinn_vader_manual
afinn_negative,fatiguing,afinn_vader_manual
afinn_negative,fear,afinn_vader_manual
afinn_negative,fearful,afinn_vader_manual
afinn_negative,fearfully,afinn_vader_manual
afinn_negative,fearing,afinn_vader_manual
afinn_negative,fearsome,afinn_vader_manual
afinn_negative,feeble,afinn_vader_manual
afinn_negative,fever,afinn_vader_manual
afinn_negative,fidgety,afinn_vader_manual
afinn_negative,fight,afinn_vader_manual
afinn_negative,fighting,afinn_vader_manual
afinn_negative,filth,afinn_vader_manual
afinn_negative,filthy,afinn_vader_manual
afinn_negative,fire,afinn_vader_manual
afinn_negative,fired,afinn_vader_manual
afinn_negative,firing,afinn_vader_manual
afinn_negative,flaw,afinn_vader_manual
afinn_negative,flees,afinn_vader_manual
afinn_negative,flop,afinn_vader_manual
afinn_negative,flops,afinn_vader_manual
afinn_negative,flu,afinn_vader_manual
afinn_negative,flustered,afinn_vader_manual
afinn_negative,fool,afinn_vader_manual
afinn_negative,foolish,afinn_vader_manual
afinn_negative,fools,afinn_vader_manual
afinn_negative,forbid,afinn_vader_manual
afinn_negative,forbidden,afinn_vader_manual
afinn_negative,forbidding,afinn_vader_manual
afinn_negative,forced,afinn_vader_manual
afinn_negative,foreclosure,afinn_vader_manual
afinn_negative,foreclosures,afinn_vader_manual
afinn_negative,forget,afinn_vader_manual
afinn_negative,forgetful,afinn_vader_manual
afinn_negative,forgotten,afinn_vader_manual
afinn_negative,frantic,afinn_vader_manual
afinn_negative,freak,afinn_vader_manual
afinn_negative,fright,afinn_vader_manual
afinn_negative,frightened,afinn_vader_manual
afinn_negative,frowning,afinn_vader_manual
afinn_negative,fruitless,afinn_vader_manual
afinn_negative,frustrate,afinn_vader_manual
afinn_negative,frustrated,afinn_vader_manual
afinn_negative,frustrates,afinn_vader_manual
afinn_negative,frustrating,afinn_vader_manual
afinn_negative,frustration,afinn_vader_manual
afinn_negative,fuming,afinn_vader_manual
afinn_negative,funeral,afinn_vader_manual
afinn_negative,funerals,afinn_vader_manual
afinn_negative,futile,afinn_vader_manual
afinn_negative,gag,afinn_vader_manual
afinn_negative,gagged,afinn_vader_manual
afinn_negative,garbage,afinn_vader_manual
afinn_negative,ghastly,afinn_vader_manual
afinn_negative,ghost,afinn_vader_manual
afinn_negative,giddy,afinn_vader_manual
afinn_negative,gloom,afinn_vader_manual
afinn_negative,gloomy,afinn_vader_manual
afinn_negative,glum,afinn_vader_manual
afinn_negative,grave,afinn_vader_manual
afinn_negative,gray,afinn_vader_manual
afinn_negative,greedy,afinn_vader_manual
afinn_negative,grey,afinn_vader_manual
afinn_negative,grief,afinn_vader_manual
afinn_negative,grieved,afinn_vader_manual
afinn_negative,grim,afinn_vader_manual
afinn_negative,grisly,afinn_vader_manual
afinn_negative,groan,afinn_vader_manual
afinn_negative,gross,afinn_vader_manual
afinn_negative,gullibility,afinn_vader_manual
afinn_negative,gullible,afinn_vader_manual
afinn_negative,gun,afinn_vader_manual
afinn_negative,hacked,afinn_vader_manual
afinn_negative,hapless,afinn_vader_manual
afinn_negative,haplessness,afinn_vader_manual
afinn_negative,hard,afinn_vader_manual
afinn_negative,hardship,afinn_vader_manual
afinn_negative,harm,afinn_vader_manual
afinn_negative,harmed,afinn_vader_manual
afinn_negative,harmful,afinn_vader_manual
afinn_negative,harming,afinn_vader_manual
afinn_negative,harms,afinn_vader_manual
afinn_negative,harried,afinn_vader_manual
afinn_negative,harsh,afinn_vader_manual
afinn_negative,harsher,afinn_vader_manual
afinn_negative,harshest,afinn_vader_manual
afinn_negative,haunt,afinn_vader_manual
afinn_negative,haunted,afinn_vader_manual
afinn_negative,haunts,afinn_vader_manual
afinn_negative,havoc,afinn_vader_manual
afinn_negative,headache,afinn_vader_manual
afinn_negative,heartless,afinn_vader_manual
afinn_negative,heavyhearted,afinn_vader_manual
afinn_negative,hellish,afinn_vader_manual
afinn_negative,helpless,afinn_vader_manual
afinn_negative,hesitant,afinn_vader_manual
afinn_negative,hesitate,afinn_vader_manual
afinn_negative,hid,afinn_vader_manual
afinn_negative,hide,afinn_vader_manual
afinn_negative,hides,afinn_vader_manual
afinn_negative,hiding,afinn_vader_manual
afinn_negative,hindrance,afinn_vader_manual
afinn_negative,hoax,afinn_vader_manual
afinn_negative,hollow,afinn_vader_manual
afinn_negative,homeless,afinn_vader_manual
afinn_negative,homesick,afinn_vader_manual
afinn_negative,homicide,afinn_vader_manual
afinn_negative,hooligan,afinn_vader_manual
afinn_negative,hooliganism,afinn_vader_manual
afinn_negative,hooligans,afinn_vader_manual
afinn_negative,hopeless,afinn_vader_manual
afinn_negative,hopelessness,afinn_vader_manual
afinn_negative,hostile,afinn_vader_manual
afinn_negative,huckster,afinn_vader_manual
afinn_negative,humbug,afinn_vader_manual
afinn_negative,hunger,afinn_vader_manual
afinn_negative,hurt,afinn_vader_manual
afinn_negative,hurting,afinn_vader_manual
afinn_negative,hurts,afinn_vader_manual
afinn_negative,hypocritical,afinn_vader_manual
afinn_negative,ignorance,afinn_vader_manual
afinn_negative,ignorant,afinn_vader_manual
afinn_negative,ignore,afinn_vader_manual
afinn_negative,ignored,afinn_vader_manual
afinn_negative,ignores,afinn_vader_manual
afinn_negative,ill,afinn_vader_manual
afinn_negative,illiteracy,afinn_vader_manual
afinn_negative,illness,afinn_vader_manual
afinn_negative,illnesses,afinn_vader_manual
afinn_negative,illogical,afinn_vader_manual
afinn_negative,immobilized,afinn_vader_manual
afinn_negative,impair,afinn_vader_manual
afinn_negative,impairment,afinn_vader_manual
afinn_negative,impatient,afinn_vader_manual
afinn_negative,impede,afinn_vader_manual
afinn_negative,imperfect,afinn_vader_manual
afinn_negative,impose,afinn_vader_manual
afinn_negative,imposed,afinn_vader_manual
afinn_negative,imposes,afinn_vader_manual
afinn_negative,imposing,afinn_vader_manual
afinn_negative,impotent,afinn_vader_manual
afinn_negative,imprisoned,afinn_vader_manual
afinn_negative,imprisonment,afinn_vader_manual
afinn_negative,inability,afinn_vader_manual
afinn_negative,inaction,afinn_vader_manual
afinn_negative,inadequate,afinn_vader_manual
afinn_negative,inappropriate,afinn_vader_manual
afinn_negative,incapable,afinn_vader_manual
afinn_negative,incapacitated,afinn_vader_manual
afinn_negative,incense,afinn_vader_manual
afinn_negative,incensed,afinn_vader_manual
afinn_negative,incoherent,afinn_vader_manual
afinn_negative,incompetence,afinn_vader_manual
afinn_negative,incompetent,afinn_vader_manual
afinn_negative,incomprehensible,afinn_vader_manual
afinn_negative,inconsiderate,afinn_vader_manual
afinn_negative,inconvenience,afinn_vader_manual
afinn_negative,inconvenient,afinn_vader_manual
afinn_negative,indecisive,afinn_vader_manual
afinn_negative,indifference,afinn_vader_manual
afinn_negative,indifferent,afinn_vader_manual
afinn_negative,indignant,afinn_vader_manual
afinn_negative,indignation,afinn_vader_manual
afinn_negative,indoctrinate,afinn_vader_manual
afinn_negative,indoctrinated,afinn_vader_manual
afinn_negative,indoctrinates,afinn_vader_manual
afinn_negative,indoctrinating,afinn_vader_manual
afinn_negative,ineffective,afinn_vader_manual
afinn_negative,ineffectively,afinn_vader_manual
afinn_negative,ineffectual,afinn_vader_manual
afinn_negative,inefficiency,afinn_vader_manual
afinn_negative,inefficient,afinn_vader_manual
afinn_negative,inept,afinn_vader_manual
afinn_negative,ineptitude,afinn_vader_manual
afinn_negative,infantile,afinn_vader_manual
afinn_negative,infect,afinn_vader_manual
afinn_negative,infected,afinn_vader_manual
afinn_negative,infection,afinn_vader_manual
afinn_negative,infectious,afinn_vader_manual
afinn_negative,inferior,afinn_vader_manual
afinn_negative,inflamed,afinn_vader_manual
afinn_negative,inflict,afinn_vader_manual
afinn_negative,infringement,afinn_vader_manual
afinn_negative,infuriate,afinn_vader_manual
afinn_negative,infuriated,afinn_vader_manual
afinn_negative,infuriates,afinn_vader_manual
afinn_negative,infuriating,afinn_vader_manual
afinn_negative,inhibit,afinn_vader_manual
afinn_negative,inhuman,afinn_vader_manual
afinn_negative,injured,afinn_vader_manual
afinn_negative,injury,afinn_vader_manual
afinn_negative,injustice,afinn_vader_manual
afinn_negative,inoperative,afinn_vader_manual
afinn_negative,inquisition,afinn_vader_manual
afinn_negative,insane,afinn_vader_manual
afinn_negative,insanity,afinn_vader_manual
afinn_negative,insecure,afinn_vader_manual
afinn_negative,insensitive,afinn_vader_manual
afinn_negative,insensitivity,afinn_vader_manual
afinn_negative,insignificant,afinn_vader_manual
afinn_negative,insipid,afinn_vader_manual
afinn_negative,insolvent,afinn_vader_manual
afinn_negative,insufficiency,afinn_vader_manual
afinn_negative,insufficient,afinn_vader_manual
afinn_negative,insufficiently,afinn_vader_manual
afinn_negative,insult,afinn_vader_manual
afinn_negative,insulted,afinn_vader_manual
afinn_negative,insulting,afinn_vader_manual
afinn_negative,insults,afinn_vader_manual
afinn_negative,interrogated,afinn_vader_manual
afinn_negative,interrupt,afinn_vader_manual
afinn_negative,interrupted,afinn_vader_manual
afinn_negative,interrupting,afinn_vader_manual
afinn_negative,interruption,afinn_vader_manual
afinn_negative,interrupts,afinn_vader_manual
afinn_negative,intimidate,afinn_vader_manual
afinn_negative,intimidated,afinn_vader_manual
afinn_negative,intimidates,afinn_vader_manual
afinn_negative,intimidating,afinn_vader_manual
afinn_negative,intimidation,afinn_vader_manual
afinn_negative,invasion,afinn_vader_manual
afinn_negative,ironic,afinn_vader_manual
afinn_negative,irony,afinn_vader_manual
afinn_negative,irrational,afinn_vader_manual
afinn_negative,irreparable,afinn_vader_manual
afinn_negative,irresolute,afinn_vader_manual
afinn_negative,irresponsible,afinn_vader_manual
afinn_negative,irreversible,afinn_vader_manual
afinn_negative,isolated,afinn_vader_manual
afinn_negative,itchy,afinn_vader_manual
afinn_negative,jailed,afinn_vader_manual
afinn_negative,jealous,afinn_vader_manual
afinn_negative,jealousy,afinn_vader_manual
afinn_negative,jeopardy,afinn_vader_manual
afinn_negative,joyless,afinn_vader_manual
afinn_negative,jumpy,afinn_vader_manual
afinn_negative,kidnap,afinn_vader_manual
afinn_negative,lack,afinn_vader_manual
afinn_negative,lackadaisical,afinn_vader_manual
afinn_negative,lag,afinn_vader_manual
afinn_negative,lagged,afinn_vader_manual
afinn_negative,lagging,afinn_vader_manual
afinn_negative,lags,afinn_vader_manual
afinn_negative,lame,afinn_vader_manual
afinn_negative,lapse,afinn_vader_manual
afinn_negative,lawsuit,afinn_vader_manual
afinn_negative,lawsuits,afinn_vader_manual
afinn_negative,lazy,afinn_vader_manual
afinn_negative,leak,afinn_vader_manual
afinn_negative,leaked,afinn_vader_manual
afinn_negative,leave,afinn_vader_manual
afinn_negative,lethal,afinn_vader_manual
afinn_negative,lethargic,afinn_vader_manual
afinn_negative,lethargy,afinn_vader_manual
afinn_negative,libelous,afinn_vader_manual
afinn_negative,lied,afinn_vader_manual
afinn_negative,lifeless,afinn_vader_manual
afinn_negative,limitation,afinn_vader_manual
afinn_negative,limited,afinn_vader_manual
afinn_negative,litigation,afinn_vader_manual
afinn_negative,litigious,afinn_vader_manual
afinn_negative,livid,afinn_vader_manual
afinn_negative,lobby,afinn_vader_manual
afinn_negative,lobbying,afinn_vader_manual
afinn_negative,lobbyist,afinn_vader_manual
afinn_negative,lonely,afinn_vader_manual
afinn_negative,lonesome,afinn_vader_manual
afinn_negative,longing,afinn_vader_manual
afinn_negative,loom,afinn_vader_manual
afinn_negative,loomed,afinn_vader_manual
afinn_negative,looming,afinn_vader_manual
afinn_negative,looms,afinn_vader_manual
afinn_negative,lousy,afinn_vader_manual
afinn_negative,lowest,afinn_vader_manual
afinn_negative,lugubrious,afinn_vader_manual
afinn_negative,lurk,afinn_vader_manual
afinn_negative,lurking,afinn_vader_manual
afinn_negative,lurks,afinn_vader_manual
afinn_negative,mandatory,afinn_vader_manual
afinn_negative,manipulated,afinn_vader_manual
afinn_negative,manipulating,afinn_vader_manual
afinn_negative,manipulation,afinn_vader_manual
afinn_negative,meaningless,afinn_vader_manual
afinn_negative,melancholy,afinn_vader_manual
afinn_negative,menace,afinn_vader_manual
afinn_negative,menaced,afinn_vader_manual
afinn_negative,mess,afinn_vader_manual
afinn_negative,messed,afinn_vader_manual
afinn_negative,mindless,afinn_vader_manual
afinn_negative,misbehave,afinn_vader_manual
afinn_negative,misbehaved,afinn_vader_manual
afinn_negative,misbehaves,afinn_vader_manual
afinn_negative,misbehaving,afinn_vader_manual
afinn_negative,mischief,afinn_vader_manual
afinn_negative,mischiefs,afinn_vader_manual
afinn_negative,misconduct,afinn_vader_manual
afinn_negative,misery,afinn_vader_manual
afinn_negative,misfortune,afinn_vader_manual
afinn_negative,misgiving,afinn_vader_manual
afinn_negative,misinformation,afinn_vader_manual
afinn_negative,misinformed,afinn_vader_manual
afinn_negative,misinterpreted,afinn_vader_manual
afinn_negative,misplace,afinn_vader_manual
afinn_negative,misplaced,afinn_vader_manual
afinn_negative,misread,afinn_vader_manual
afinn_negative,misreporting,afinn_vader_manual
afinn_negative,misrepresent,afinn_vader_manual
afinn_negative,misrepresentation,afinn_vader_manual
afinn_negative,misrepresented,afinn_vader_manual
afinn_negative,miss,afinn_vader_manual
afinn_negative,missed,afinn_vader_manual
afinn_negative,missing,afinn_vader_manual
afinn_negative,mistake,afinn_vader_manual
afinn_negative,mistaken,afinn_vader_manual
afinn_negative,mistakes,afinn_vader_manual
afinn_negative,mistaking,afinn_vader_manual
afinn_negative,misunderstand,afinn_vader_manual
afinn_negative,misunderstanding,afinn_vader_manual
afinn_negative,misunderstands,afinn_vader_manual
afinn_negative,misunderstood,afinn_vader_manual
afinn_negative,misuse,afinn_vader_manual
afinn_negative,moan,afinn_vader_manual
afinn_negative,moaned,afinn_vader_manual
afinn_negative,moaning,afinn_vader_manual
afinn_negative,moans,afinn_vader_manual
afinn_negative,mock,afinn_vader_manual
afinn_negative,mocked,afinn_vader_manual
afinn_negative,mocking,afinn_vader_manual
afinn_negative,mocks,afinn_vader_manual
afinn_negative,mongering,afinn_vader_manual
afinn_negative,monopolize,afinn_vader_manual
afinn_negative,monopolized,afinn_vader_manual
afinn_negative,monopolizes,afinn_vader_manual
afinn_negative,monopolizing,afinn_vader_manual
afinn_negative,moody,afinn_vader_manual
afinn_negative,mope,afinn_vader_manual
afinn_negative,moping,afinn_vader_manual
afinn_negative,mourn,afinn_vader_manual
afinn_negative,mourned,afinn_vader_manual
afinn_negative,mournful,afinn_vader_manual
afinn_negative,mourning,afinn_vader_manual
afinn_negative,mourns,afinn_vader_manual
afinn_negative,muddy,afinn_vader_manual
afinn_negative,mumpish,afinn_vader_manual
afinn_negative,murder,afinn_vader_manual
afinn_negative,murderer,afinn_vader_manual
afinn_negative,murders,afinn_vader_manual
afinn_negative,murky,afinn_vader_manual
afinn_negative,n00b,afinn_vader_manual
afinn_negative,naive,afinn_vader_manual
afinn_negative,needy,afinn_vader_manual
afinn_negative,negative,afinn_vader_manual
afinn_negative,negativity,afinn_vader_manual
afinn_negative,neglect,afinn_vader_manual
afinn_negative,neglected,afinn_vader_manual
afinn_negative,neglecting,afinn_vader_manual
afinn_negative,neglects,afinn_vader_manual
afinn_negative,nerves,afinn_vader_manual
afinn_negative,nervous,afinn_vader_manual
afinn_negative,nervously,afinn_vader_manual
afinn_negative,no,afinn_vader_manual
afinn_negative,noisy,afinn_vader_manual
afinn_negative,nonsense,afinn_vader_manual
afinn_negative,noob,afinn_vader_manual
afinn_negative,nosey,afinn_vader_manual
afinn_negative,notorious,afinn_vader_manual
afinn_negative,numb,afinn_vader_manual
afinn_negative,obliterate,afinn_vader_manual
afinn_negative,obliterated,afinn_vader_manual
afinn_negative,obscene,afinn_vader_manual
afinn_negative,obscenity,afinn_vader_manual
afinn_negative,obsolete,afinn_vader_manual
afinn_negative,obstacle,afinn_vader_manual
afinn_negative,obstacles,afinn_vader_manual
afinn_negative,obstinate,afinn_vader_manual
afinn_negative,obstruct,afinn_vader_manual
afinn_negative,obstruction,afinn_vader_manual
afinn_negative,odd,afinn_vader_manual
afinn_negative,offence,afinn_vader_manual
afinn_negative,offences,afinn_vader_manual
afinn_negative,offend,afinn_vader_manual
afinn_negative,offended,afinn_vader_manual
afinn_negative,offender,afinn_vader_manual
afinn_negative,offending,afinn_vader_manual
afinn_negative,offends,afinn_vader_manual
afinn_negative,offense,afinn_vader_manual
afinn_negative,offenses,afinn_vader_manual
afinn_negative,offensive,afinn_vader_manual
afinn_negative,offensively,afinn_vader_manual
afinn_negative,offline,afinn_vader_manual
afinn_negative,oppressed,afinn_vader_manual
afinn_negative,oppression,afinn_vader_manual
afinn_negative,oppressive,afinn_vader_manual
afinn_negative,optionless,afinn_vader_manual
afinn_negative,ostracized,afinn_vader_manual
afinn_negative,outcry,afinn_vader_manual
afinn_negative,outmaneuvered,afinn_vader_manual
afinn_negative,overload,afinn_vader_manual
afinn_negative,overlooked,afinn_vader_manual
afinn_negative,overreact,afinn_vader_manual
afinn_negative,overreacted,afinn_vader_manual
afinn_negative,overreaction,afinn_vader_manual
afinn_negative,overreacts,afinn_vader_manual
afinn_negative,oversell,afinn_vader_manual
afinn_negative,overselling,afinn_vader_manual
afinn_negative,oversells,afinn_vader_manual
afinn_negative,oversight,afinn_vader_manual
afinn_negative,oversimplification,afinn_vader_manual
afinn_negative,oversimplifies,afinn_vader_manual
afinn_negative,oversimplify,afinn_vader_manual
afinn_negative,overstatement,afinn_vader_manual
afinn_negative,overstatements,afinn_vader_manual
afinn_negative,overweight,afinn_vader_manual
afinn_negative,oxymoron,afinn_vader_manual
afinn_negative,pain,afinn_vader_manual
afinn_negative,pained,afinn_vader_manual
afinn_negative,painful,afinn_vader_manual
afinn_negative,paradox,afinn_vader_manual
afinn_negative,parley,afinn_vader_manual
afinn_negative,passive,afinn_vader_manual
afinn_negative,passively,afinn_vader_manual
afinn_negative,pathetic,afinn_vader_manual
afinn_negative,pay,afinn_vader_manual
afinn_negative,penalty,afinn_vader_manual
afinn_negative,pensive,afinn_vader_manual
afinn_negative,peril,afinn_vader_manual
afinn_negative,perpetrator,afinn_vader_manual
afinn_negative,perpetrators,afinn_vader_manual
afinn_negative,perplexed,afinn_vader_manual
afinn_negative,persecute,afinn_vader_manual
afinn_negative,persecuted,afinn_vader_manual
afinn_negative,persecutes,afinn_vader_manual
afinn_negative,persecuting,afinn_vader_manual
afinn_negative,perturbed,afinn_vader_manual
afinn_negative,pesky,afinn_vader_manual
afinn_negative,pessimism,afinn_vader_manual
afinn_negative,pessimistic,afinn_vader_manual
afinn_negative,petrified,afinn_vader_manual
afinn_negative,phobic,afinn_vader_manual
afinn_negative,pileup,afinn_vader_manual
afinn_negative,pillage,afinn_vader_manual
afinn_negative,pique,afinn_vader_manual
afinn_negative,piqued,afinn_vader_manual
afinn_negative,piteous,afinn_vader_manual
afinn_negative,pitied,afinn_vader_manual
afinn_negative,pity,afinn_vader_manual
afinn_negative,plodding,afinn_vader_manual
afinn_negative,pointless,afinn_vader_manual
afinn_negative,poised,afinn_vader_manual
afinn_negative,poison,afinn_vader_manual
afinn_negative,poisoned,afinn_vader_manual
afinn_negative,poisons,afinn_vader_manual
afinn_negative,pollute,afinn_vader_manual
afinn_negative,polluted,afinn_vader_manual
afinn_negative,polluter,afinn_vader_manual
afinn_negative,polluters,afinn_vader_manual
afinn_negative,pollutes,afinn_vader_manual
afinn_negative,pollution,afinn_vader_manual
afinn_negative,poor,afinn_vader_manual
afinn_negative,poorer,afinn_vader_manual
afinn_negative,poorest,afinn_vader_manual
afinn_negative,poorly,afinn_vader_manual
afinn_negative,possessive,afinn_vader_manual
afinn_negative,postpone,afinn_vader_manual
afinn_negative,postponed,afinn_vader_manual
afinn_negative,postpones,afinn_vader_manual
afinn_negative,postponing,afinn_vader_manual
afinn_negative,poverty,afinn_vader_manual
afinn_negative,powerless,afinn_vader_manual
afinn_negative,prblm,afinn_vader_manual
afinn_negative,prblms,afinn_vader_manual
afinn_negative,predatory,afinn_vader_manual
afinn_negative,pressure,afinn_vader_manual
afinn_negative,pressured,afinn_vader_manual
afinn_negative,pretend,afinn_vader_manual
afinn_negative,pretending,afinn_vader_manual
afinn_negative,pretends,afinn_vader_manual
afinn_negative,prevent,afinn_vader_manual
afinn_negative,prevented,afinn_vader_manual
afinn_negative,preventing,afinn_vader_manual
afinn_negative,prevents,afinn_vader_manual
afinn_negative,prison,afinn_vader_manual
afinn_negative,prisoner,afinn_vader_manual
afinn_negative,prisoners,afinn_vader_manual
afinn_negative,problem,afinn_vader_manual
afinn_negative,problems,afinn_vader_manual
afinn_negative,profiteer,afinn_vader_manual
afinn_negative,propaganda,afinn_vader_manual
afinn_negative,prosecute,afinn_vader_manual
afinn_negative,prosecuted,afinn_vader_manual
afinn_negative,prosecutes,afinn_vader_manual
afinn_negative,prosecution,afinn_vader_manual
afinn_negative,protest,afinn_vader_manual
afinn_negative,protesters,afinn_vader_manual
afinn_negative,protesting,afinn_vader_manual
afinn_negative,protests,afinn_vader_manual
afinn_negative,provoke,afinn_vader_manual
afinn_negative,provoked,afinn_vader_manual
afinn_negative,provokes,afinn_vader_manual
afinn_negative,provoking,afinn_vader_manual
afinn_negative,punish,afinn_vader_manual
afinn_negative,punished,afinn_vader_manual
afinn_negative,punishes,afinn_vader_manual
afinn_negative,punishing,afinn_vader_manual
afinn_negative,punitive,afinn_vader_manual
afinn_negative,pushy,afinn_vader_manual
afinn_negative,puzzled,afinn_vader_manual
afinn_negative,quaking,afinn_vader_manual
afinn_negative,questionable,afinn_vader_manual
afinn_negative,questioned,afinn_vader_manual
afinn_negative,questioning,afinn_vader_manual
afinn_negative,rage,afinn_vader_manual
afinn_negative,rageful,afinn_vader_manual
afinn_negative,rainy,afinn_vader_manual
afinn_negative,rash,afinn_vader_manual
afinn_negative,rebel,afinn_vader_manual
afinn_negative,rebellion,afinn_vader_manual
afinn_negative,rebels,afinn_vader_manual
afinn_negative,recession,afinn_vader_manual
afinn_negative,reckless,afinn_vader_manual
afinn_negative,refuse,afinn_vader_manual
afinn_negative,refused,afinn_vader_manual
afinn_negative,refusing,afinn_vader_manual
afinn_negative,regret,afinn_vader_manual
afinn_negative,regretful,afinn_vader_manual
afinn_negative,regrets,afinn_vader_manual
afinn_negative,regretted,afinn_vader_manual
afinn_negative,regretting,afinn_vader_manual
afinn_negative,reject,afinn_vader_manual
afinn_negative,rejected,afinn_vader_manual
afinn_negative,rejecting,afinn_vader_manual
afinn_negative,rejection,afinn_vader_manual
afinn_negative,rejects,afinn_vader_manual
afinn_negative,relentless,afinn_vader_manual
afinn_negative,remorse,afinn_vader_manual
afinn_negative,repellent,afinn_vader_manual
afinn_negative,reprimand,afinn_vader_manual
afinn_negative,repulse,afinn_vader_manual
afinn_negative,repulsed,afinn_vader_manual
afinn_negative,resentful,afinn_vader_manual
afinn_negative,resign,afinn_vader_manual
afinn_negative,resigned,afinn_vader_manual
afinn_negative,resigning,afinn_vader_manual
afinn_negative,resigns,afinn_vader_manual
afinn_negative,restless,afinn_vader_manual
afinn_negative,restrict,afinn_vader_manual
afinn_negative,restricted,afinn_vader_manual
afinn_negative,restricting,afinn_vader_manual
afinn_negative,restriction,afinn_vader_manual
afinn_negative,restrictive,afinn_vader_manual
afinn_negative,restricts,afinn_vader_manual
afinn_negative,retained,afinn_vader_manual
afinn_negative,retard,afinn_vader_manual
afinn_negative,retarded,afinn_vader_manual
afinn_negative,retreat,afinn_vader_manual
afinn_negative,revenge,afinn_vader_manual
afinn_negative,revengeful,afinn_vader_manual
afinn_negative,revolting,afinn_vader_manual
afinn_negative,rig,afinn_vader_manual
afinn_negative,rigged,afinn_vader_manual
afinn_negative,riot,afinn_vader_manual
afinn_negative,riots,afinn_vader_manual
afinn_negative,risk,afinn_vader_manual
afinn_negative,risks,afinn_vader_manual
afinn_negative,risky,afinn_vader_manual
afinn_negative,rob,afinn_vader_manual
afinn_negative,robber,afinn_vader_manual
afinn_negative,robed,afinn_vader_manual
afinn_negative,robing,afinn_vader_manual
afinn_negative,robs,afinn_vader_manual
afinn_negative,rude,afinn_vader_manual
afinn_negative,ruin,afinn_vader_manual
afinn_negative,ruined,afinn_vader_manual
afinn_negative,ruining,afinn_vader_manual
afinn_negative,ruins,afinn_vader_manual
afinn_negative,sabotage,afinn_vader_manual
afinn_negative,sad,afinn_vader_manual
afinn_negative,sadden,afinn_vader_manual
afinn_negative,saddened,afinn_vader_manual
afinn_negative,sadly,afinn_vader_manual
afinn_negative,sappy,afinn_vader_manual
afinn_negative,sarcastic,afinn_vader_manual
afinn_negative,scam,afinn_vader_manual
afinn_negative,scams,afinn_vader_manual
afinn_negative,scapegoat,afinn_vader_manual
afinn_negative,scapegoats,afinn_vader_manual
afinn_negative,scar,afinn_vader_manual
afinn_negative,scare,afinn_vader_manual
afinn_negative,scared,afinn_vader_manual
afinn_negative,scary,afinn_vader_manual
afinn_negative,sceptical,afinn_vader_manual
afinn_negative,scold,afinn_vader_manual
afinn_negative,scorn,afinn_vader_manual
afinn_negative,scornful,afinn_vader_manual
afinn_negative,scream,afinn_vader_manual
afinn_negative,screamed,afinn_vader_manual
afinn_negative,screaming,afinn_vader_manual
afinn_negative,screams,afinn_vader_manual
afinn_negative,screwed,afinn_vader_manual
afinn_negative,sedition,afinn_vader_manual
afinn_negative,seditious,afinn_vader_manual
afinn_negative,seduced,afinn_vader_manual
afinn_negative,sentence,afinn_vader_manual
afinn_negative,sentenced,afinn_vader_manual
afinn_negative,sentences,afinn_vader_manual
afinn_negative,sentencing,afinn_vader_manual
afinn_negative,severe,afinn_vader_manual
afinn_negative,severely,afinn_vader_manual
afinn_negative,shaky,afinn_vader_manual
afinn_negative,shame,afinn_vader_manual
afinn_negative,shamed,afinn_vader_manual
afinn_negative,shameful,afinn_vader_manual
afinn_negative,shattered,afinn_vader_manual
afinn_negative,shock,afinn_vader_manual
afinn_negative,shocked,afinn_vader_manual
afinn_negative,shocking,afinn_vader_manual
afinn_negative,shocks,afinn_vader_manual
afinn_negative,shoot,afinn_vader_manual
afinn_negative,short-sighted,afinn_vader_manual
afinn_negative,short-sightedness,afinn_vader_manual
afinn_negative,shortage,afinn_vader_manual
afinn_negative,shortages,afinn_vader_manual
afinn_negative,shy,afinn_vader_manual
afinn_negative,sick,afinn_vader_manual
afinn_negative,sickness,afinn_vader_manual
afinn_negative,sigh,afinn_vader_manual
afinn_negative,silencing,afinn_vader_manual
afinn_negative,silly,afinn_vader_manual
afinn_negative,sin,afinn_vader_manual
afinn_negative,singleminded,afinn_vader_manual
afinn_negative,sinister,afinn_vader_manual
afinn_negative,sins,afinn_vader_manual
afinn_negative,skeptic,afinn_vader_manual
afinn_negative,skeptical,afinn_vader_manual
afinn_negative,skepticism,afinn_vader_manual
afinn_negative,skeptics,afinn_vader_manual
afinn_negative,slam,afinn_vader_manual
afinn_negative,slash,afinn_vader_manual
afinn_negative,slashed,afinn_vader_manual
afinn_negative,slashes,afinn_vader_manual
afinn_negative,slashing,afinn_vader_manual
afinn_negative,sleeplessness,afinn_vader_manual
afinn_negative,slip,afinn_vader_manual
afinn_negative,sloppy,afinn_vader_manual
afinn_negative,sluggish,afinn_vader_manual
afinn_negative,smear,afinn_vader_manual
afinn_negative,smog,afinn_vader_manual
afinn_negative,smuggle,afinn_vader_manual
afinn_negative,smuggled,afinn_vader_manual
afinn_negative,smuggles,afinn_vader_manual
afinn_negative,smuggling,afinn_vader_manual
afinn_negative,sneaky,afinn_vader_manual
afinn_negative,sneeze,afinn_vader_manual
afinn_negative,snub,afinn_vader_manual
afinn_negative,snubbed,afinn_vader_manual
afinn_negative,snubbing,afinn_vader_manual
afinn_negative,snubs,afinn_vader_manual
afinn_negative,solemn,afinn_vader_manual
afinn_negative,somber,afinn_vader_manual
afinn_negative,sore,afinn_vader_manual
afinn_negative,sorrow,afinn_vader_manual
afinn_negative,sorrowful,afinn_vader_manual
afinn_negative,sorry,afinn_vader_manual
afinn_negative,spam,afinn_vader_manual
afinn_negative,spamming,afinn_vader_manual
afinn_negative,speculative,afinn_vader_manual
afinn_negative,spiritless,afinn_vader_manual
afinn_negative,spiteful,afinn_vader_manual
afinn_negative,squelched,afinn_vader_manual
afinn_negative,stab,afinn_vader_manual
afinn_negative,stabbed,afinn_vader_manual
afinn_negative,stabs,afinn_vader_manual
afinn_negative,stall,afinn_vader_manual
afinn_negative,stalled,afinn_vader_manual
afinn_negative,stalling,afinn_vader_manual
afinn_negative,stampede,afinn_vader_manual
afinn_negative,stank,afinn_vader_manual
afinn_negative,startled,afinn_vader_manual
afinn_negative,starve,afinn_vader_manual
afinn_negative,starved,afinn_vader_manual
afinn_negative,starves,afinn_vader_manual
afinn_negative,starving,afinn_vader_manual
afinn_negative,steal,afinn_vader_manual
afinn_negative,stealing,afinn_vader_manual
afinn_negative,steals,afinn_vader_manual
afinn_negative,stereotype,afinn_vader_manual
afinn_negative,stereotyped,afinn_vader_manual
afinn_negative,stifled,afinn_vader_manual
afinn_negative,stingy,afinn_vader_manual
afinn_negative,stink,afinn_vader_manual
afinn_negative,stinker,afinn_vader_manual
afinn_negative,stinking,afinn_vader_manual
afinn_negative,stinks,afinn_vader_manual
afinn_negative,stinky,afinn_vader_manual
afinn_negative,stolen,afinn_vader_manual
afinn_negative,stop,afinn_vader_manual
afinn_negative,stopped,afinn_vader_manual
afinn_negative,stopping,afinn_vader_manual
afinn_negative,stops,afinn_vader_manual
afinn_negative,strange,afinn_vader_manual
afinn_negative,strangely,afinn_vader_manual
afinn_negative,strangled,afinn_vader_manual
afinn_negative,stress,afinn_vader_manual
afinn_negative,stressed,afinn_vader_manual
afinn_negative,stressor,afinn_vader_manual
afinn_negative,stressors,afinn_vader_manual
afinn_negative,stricken,afinn_vader_manual
afinn_negative,strike,afinn_vader_manual
afinn_negative,strikers,afinn_vader_manual
afinn_negative,strikes,afinn_vader_manual
afinn_negative,struck,afinn_vader_manual
afinn_negative,struggle,afinn_vader_manual
afinn_negative,struggled,afinn_vader_manual
afinn_negative,struggles,afinn_vader_manual
afinn_negative,struggling,afinn_vader_manual
afinn_negative,stubborn,afinn_vader_manual
afinn_negative,stuck,afinn_vader_manual
afinn_negative,stunned,afinn_vader_manual
afinn_negative,stupid,afinn_vader_manual
afinn_negative,stupidly,afinn_vader_manual
afinn_negative,subpoena,afinn_vader_manual
afinn_negative,subversive,afinn_vader_manual
afinn_negative,sue,afinn_vader_manual
afinn_negative,suffer,afinn_vader_manual
afinn_negative,suffered,afinn_vader_manual
afinn_negative,sufferer,afinn_vader_manual
afinn_negative,sufferers,afinn_vader_manual
afinn_negative,suffering,afinn_vader_manual
afinn_negative,suffers,afinn_vader_manual
afinn_negative,suicidal,afinn_vader_manual
afinn_negative,suicide,afinn_vader_manual
afinn_negative,suing,afinn_vader_manual
afinn_negative,sulking,afinn_vader_manual
afinn_negative,sulky,afinn_vader_manual
afinn_negative,sullen,afinn_vader_manual
afinn_negative,suspect,afinn_vader_manual
afinn_negative,suspected,afinn_vader_manual
afinn_negative,suspecting,afinn_vader_manual
afinn_negative,suspects,afinn_vader_manual
afinn_negative,suspend,afinn_vader_manual
afinn_negative,suspended,afinn_vader_manual
afinn_negative,suspicious,afinn_vader_manual
afinn_negative,swear,afinn_vader_manual
afinn_negative,swearing,afinn_vader_manual
afinn_negative,swears,afinn_vader_manual
afinn_negative,taint,afinn_vader_manual
afinn_negative,tard,afinn_vader_manual
afinn_negative,tarnish,afinn_vader_manual
afinn_negative,tears,afinn_vader_manual
afinn_negative,tense,afinn_vader_manual
afinn_negative,tension,afinn_vader_manual
afinn_negative,terrorist,afinn_vader_manual
afinn_negative,terrorists,afinn_vader_manual
afinn_negative,thorny,afinn_vader_manual
afinn_negative,thoughtless,afinn_vader_manual
afinn_negative,threat,afinn_vader_manual
afinn_negative,threaten,afinn_vader_manual
afinn_negative,threatened,afinn_vader_manual
afinn_negative,threatening,afinn_vader_manual
afinn_negative,threatens,afinn_vader_manual
afinn_negative,threats,afinn_vader_manual
afinn_negative,thwart,afinn_vader_manual
afinn_negative,thwarted,afinn_vader_manual
afinn_negative,thwarting,afinn_vader_manual
afinn_negative,thwarts,afinn_vader_manual
afinn_negative,timid,afinn_vader_manual
afinn_negative,timorous,afinn_vader_manual
afinn_negative,tired,afinn_vader_manual
afinn_negative,tits,afinn_vader_manual
afinn_negative,toothless,afinn_vader_manual
afinn_negative,torn,afinn_vader_manual
afinn_negative,totalitarian,afinn_vader_manual
afinn_negative,totalitarianism,afinn_vader_manual
afinn_negative,tout,afinn_vader_manual
afinn_negative,touted,afinn_vader_manual
afinn_negative,touting,afinn_vader_manual
afinn_negative,touts,afinn_vader_manual
afinn_negative,tragedies,afinn_vader_manual
afinn_negative,tragedy,afinn_vader_manual
afinn_negative,tragic,afinn_vader_manual
afinn_negative,trap,afinn_vader_manual
afinn_negative,trapped,afinn_vader_manual
afinn_negative,traps,afinn_vader_manual
afinn_negative,travesty,afinn_vader_manual
afinn_negative,trembling,afinn_vader_manual
afinn_negative,tremor,afinn_vader_manual
afinn_negative,tremulous,afinn_vader_manual
afinn_negative,tribulation,afinn_vader_manual
afinn_negative,tricked,afinn_vader_manual
afinn_negative,trickery,afinn_vader_manual
afinn_negative,troll,afinn_vader_manual
afinn_negative,trouble,afinn_vader_manual
afinn_negative,troubled,afinn_vader_manual
afinn_negative,troubles,afinn_vader_manual
afinn_negative,troubling,afinn_vader_manual
afinn_negative,tumor,afinn_vader_manual
afinn_negative,ugh,afinn_vader_manual
afinn_negative,unable,afinn_vader_manual
afinn_negative,unacceptable,afinn_vader_manual
afinn_negative,unappreciated,afinn_vader_manual
afinn_negative,unapproved,afinn_vader_manual
afinn_negative,unattractive,afinn_vader_manual
afinn_negative,unaware,afinn_vader_manual
afinn_negative,unbearable,afinn_vader_manual
afinn_negative,unbelievable,afinn_vader_manual
afinn_negative,unbelieving,afinn_vader_manual
afinn_negative,uncertain,afinn_vader_manual
afinn_negative,unclear,afinn_vader_manual
afinn_negative,uncomfortable,afinn_vader_manual
afinn_negative,unconcerned,afinn_vader_manual
afinn_negative,unconfirmed,afinn_vader_manual
afinn_negative,unconvinced,afinn_vader_manual
afinn_negative,uncredited,afinn_vader_manual
afinn_negative,undecided,afinn_vader_manual
afinn_negative,underestimate,afinn_vader_manual
afinn_negative,underestimated,afinn_vader_manual
afinn_negative,underestimates,afinn_vader_manual
afinn_negative,undermine,afinn_vader_manual
afinn_negative,undermined,afinn_vader_manual
afinn_negative,undermines,afinn_vader_manual
afinn_negative,undermining,afinn_vader_manual
afinn_negative,undeserving,afinn_vader_manual
afinn_negative,undesirable,afinn_vader_manual
afinn_negative,uneasy,afinn_vader_manual
afinn_negative,unemployed,afinn_vader_manual
afinn_negative,unemployment,afinn_vader_manual
afinn_negative,unequal,afinn_vader_manual
afinn_negative,unethical,afinn_vader_manual
afinn_negative,unfair,afinn_vader_manual
afinn_negative,unfavorable,afinn_vader_manual
afinn_negative,unfocused,afinn_vader_manual
afinn_negative,unforgiving,afinn_vader_manual
afinn_negative,unfulfilled,afinn_vader_manual
afinn_negative,unhappiness,afinn_vader_manual
afinn_negative,unhappy,afinn_vader_manual
afinn_negative,unhealthy,afinn_vader_manual
afinn_negative,unimpressed,afinn_vader_manual
afinn_negative,uninspired,afinn_vader_manual
afinn_negative,unintelligent,afinn_vader_manual
afinn_negative,unintentional,afinn_vader_manual
afinn_negative,uninvolving,afinn_vader_manual
afinn_negative,unjust,afinn_vader_manual
afinn_negative,unlovable,afinn_vader_manual
afinn_negative,unloved,afinn_vader_manual
afinn_negative,unmotivated,afinn_vader_manual
afinn_negative,unpleasant,afinn_vader_manual
afinn_negative,unprofessional,afinn_vader_manual
afinn_negative,unresearched,afinn_vader_manual
afinn_negative,unsafe,afinn_vader_manual
afinn_negative,unsatisfied,afinn_vader_manual
afinn_negative,unsecured,afinn_vader_manual
afinn_negative,unsettled,afinn_vader_manual
afinn_negative,unsophisticated,afinn_vader_manual
afinn_negative,unstable,afinn_vader_manual
afinn_negative,unsuccessful,afinn_vader_manual
afinn_negative,unsuccessfully,afinn_vader_manual
afinn_negative,unsupported,afinn_vader_manual
afinn_negative,unsure,afinn_vader_manual
afinn_negative,untrue,afinn_vader_manual
afinn_negative,unwanted,afinn_vader_manual
afinn_negative,unworthy,afinn_vader_manual
afinn_negative,upset,afinn_vader_manual
afinn_negative,upsets,afinn_vader_manual
afinn_negative,upsetting,afinn_vader_manual
afinn_negative,uptight,afinn_vader_manual
afinn_negative,urgent,afinn_vader_manual
afinn_negative,useless,afinn_vader_manual
afinn_negative,uselessness,afinn_vader_manual
afinn_negative,vague,afinn_vader_manual
afinn_negative,verdict,afinn_vader_manual
afinn_negative,verdicts,afinn_vader_manual
afinn_negative,vexation,afinn_vader_manual
afinn_negative,vexing,afinn_vader_manual
afinn_negative,vicious,afinn_vader_manual
afinn_negative,violate,afinn_vader_manual
afinn_negative,violated,afinn_vader_manual
afinn_negative,violates,afinn_vader_manual
afinn_negative,violating,afinn_vader_manual
afinn_negative,violation,afinn_vader_manual
afinn_negative,violations,afinn_vader_manual
afinn_negative,virulent,afinn_vader_manual
afinn_negative,vociferous,afinn_vader_manual
afinn_negative,vulnerability,afinn_vader_manual
afinn_negative,vulnerable,afinn_vader_manual
afinn_negative,walkout,afinn_vader_manual
afinn_negative,walkouts,afinn_vader_manual
afinn_negative,war,afinn_vader_manual
afinn_negative,warfare,afinn_vader_manual
afinn_negative,warn,afinn_vader_manual
afinn_negative,warned,afinn_vader_manual
afinn_negative,warns,afinn_vader_manual
afinn_negative,waste,afinn_vader_manual
afinn_negative,wasted,afinn_vader_manual
afinn_negative,wasting,afinn_vader_manual
afinn_negative,wavering,afinn_vader_manual
afinn_negative,weak,afinn_vader_manual
afinn_negative,weakened,afinn_vader_manual
afinn_negative,weakness,afinn_vader_manual
afinn_negative,weaknesses,afinn_vader_manual
afinn_negative,weary,afinn_vader_manual
afinn_negative,weep,afinn_vader_manual
afinn_negative,weeping,afinn_vader_manual
afinn_negative,weird,afinn_vader_manual
afinn_negative,wicked,afinn_vader_manual
afinn_negative,widowed,afinn_vader_manual
afinn_negative,woebegone,afinn_vader_manual
afinn_negative,worn,afinn_vader_manual
afinn_negative,worthless,afinn_vader_manual
afinn_negative,wreck,afinn_vader_manual
afinn_negative,wrong,afinn_vader_manual
afinn_negative,wrongdoing,afinn_vader_manual
afinn_negative,wronged,afinn_vader_manual
afinn_negative,wrongful,afinn_vader_manual
afinn_negative,wrongly,afinn_vader_manual
afinn_negative,yucky,afinn_vader_manual
afinn_negative,zealot,afinn_vader_manual
afinn_negative,zealots,afinn_vader_manual
afinn_positive,abilities,afinn_vader_manual
afinn_positive,ability,afinn_vader_manual
afinn_positive,aboard,afinn_vader_manual
afinn_positive,absolve,afinn_vader_manual
afinn_positive,absolved,afinn_vader_manual
afinn_positive,absolves,afinn_vader_manual
afinn_positive,absolving,afinn_vader_manual
afinn_positive,absorbed,afinn_vader_manual
afinn_positive,accept,afinn_vader_manual
afinn_positive,acceptable,afinn_vader_manual
afinn_positive,acceptance,afinn_vader_manual
afinn_positive,accepted,afinn_vader_manual
afinn_positive,accepting,afinn_vader_manual
afinn_positive,accepts,afinn_vader_manual
afinn_positive,accessible,afinn_vader_manual
afinn_positive,accolade,afinn_vader_manual
afinn_positive,accomplish,afinn_vader_manual
afinn_positive,accomplished,afinn_vader_manual
afinn_positive,accomplishes,afinn_vader_manual
afinn_positive,accomplishment,afinn_vader_manual
afinn_positive,achievable,afinn_vader_manual
afinn_positive,acquit,afinn_vader_manual
afinn_positive,acquits,afinn_vader_manual
afinn_positive,acquitted,afinn_vader_manual
afinn_positive,acquitting,afinn_vader_manual
afinn_positive,active,afinn_vader_manual
afinn_positive,adequate,afinn_vader_manual
afinn_positive,adopt,afinn_vader_manual
afinn_positive,adopts,afinn_vader_manual
afinn_positive,advanced,afinn_vader_manual
afinn_positive,advantage,afinn_vader_manual
afinn_positive,advantageous,afinn_vader_manual
afinn_positive,advantageously,afinn_vader_manual
afinn_positive,advantages,afinn_vader_manual
afinn_positive,adventure,afinn_vader_manual
afinn_positive,adventures,afinn_vader_manual
afinn_positive,adventurous,afinn_vader_manual
afinn_positive,advisable,afinn_vader_manual
afinn_positive,agog,afinn_vader_manual
afinn_positive,agree,afinn_vader_manual
afinn_positive,agreeable,afinn_vader_manual
afinn_positive,agreed,afinn_vader_manual
afinn_positive,agreement,afinn_vader_manual
afinn_positive,agrees,afinn_vader_manual
afinn_positive,alive,afinn_vader_manual
afinn_positive,allow,afinn_vader_manual
afinn_positive,ally,afinn_vader_manual
afinn_positive,amaze,afinn_vader_manual
afinn_positive,amazed,afinn_vader_manual
afinn_positive,amazes,afinn_vader_manual
afinn_positive,ambitious,afinn_vader_manual
afinn_positive,amicable,afinn_vader_manual
afinn_positive,anticipation,afinn_vader_manual
afinn_positive,appease,afinn_vader_manual
afinn_positive,appeased,afinn_vader_manual
afinn_positive,appeases,afinn_vader_manual
afinn_positive,appeasing,afinn_vader_manual
afinn_positive,applaud,afinn_vader_manual
afinn_positive,applauded,afinn_vader_manual
afinn_positive,applauding,afinn_vader_manual
afinn_positive,applauds,afinn_vader_manual
afinn_positive,applause,afinn_vader_manual
afinn_positive,appreciate,afinn_vader_manual
afinn_positive,appreciated,afinn_vader_manual
afinn_positive,appreciates,afinn_vader_manual
afinn_positive,appreciating,afinn_vader_manual
afinn_positive,appreciation,afinn_vader_manual
afinn_positive,approval,afinn_vader_manual
afinn_positive,approved,afinn_vader_manual
afinn_positive,approves,afinn_vader_manual
afinn_positive,ardent,afinn_vader_manual
afinn_positive,asset,afinn_vader_manual
afinn_positive,assets,afinn_vader_manual
afinn_positive,astonished,afinn_vader_manual
afinn_positive,attract,afinn_vader_manual
afinn_positive,attracted,afinn_vader_manual
afinn_positive,attracting,afinn_vader_manual
afinn_positive,attraction,afinn_vader_manual
afinn_positive,attractions,afinn_vader_manual
afinn_positive,attractive,afinn_vader_manual
afinn_positive,attractively,afinn_vader_manual
afinn_positive,attractiveness,afinn_vader_manual
afinn_positive,attracts,afinn_vader_manual
afinn_positive,aura,afinn_vader_manual
afinn_positive,authority,afinn_vader_manual
afinn_positive,avid,afinn_vader_manual
afinn_positive,backed,afinn_vader_manual
afinn_positive,backing,afinn_vader_manual
afinn_positive,backs,afinn_vader_manual
afinn_positive,balanced,afinn_vader_manual
afinn_positive,bargain,afinn_vader_manual
afinn_positive,befitting,afinn_vader_manual
afinn_positive,benefactor,afinn_vader_manual
afinn_positive,benefit,afinn_vader_manual
afinn_positive,benefits,afinn_vader_manual
afinn_positive,benefitted,afinn_vader_manual
afinn_positive,benefitting,afinn_vader_manual
afinn_positive,better,afinn_vader_manual
afinn_positive,bless,afinn_vader_manual
afinn_positive,blesses,afinn_vader_manual
afinn_positive,blithe,afinn_vader_manual
afinn_positive,bold,afinn_vader_manual
afinn_positive,boldly,afinn_vader_manual
afinn_positive,boost,afinn_vader_manual
afinn_positive,boosted,afinn_vader_manual
afinn_positive,boosting,afinn_vader_manual
afinn_positive,boosts,afinn_vader_manual
afinn_positive,brave,afinn_vader_manual
afinn_positive,bravery,afinn_vader_manual
afinn_positive,bright,afinn_vader_manual
afinn_positive,brightest,afinn_vader_manual
afinn_positive,brightness,afinn_vader_manual
afinn_positive,brisk,afinn_vader_manual
afinn_positive,buoyant,afinn_vader_manual
afinn_positive,calm,afinn_vader_manual
afinn_positive,calmed,afinn_vader_manual
afinn_positive,calming,afinn_vader_manual
afinn_positive,calms,afinn_vader_manual
afinn_positive,capable,afinn_vader_manual
afinn_positive,care,afinn_vader_manual
afinn_positive,carefree,afinn_vader_manual
afinn_positive,careful,afinn_vader_manual
afinn_positive,carefully,afinn_vader_manual
afinn_positive,carefulness,afinn_vader_manual
afinn_positive,cares,afinn_vader_manual
afinn_positive,caring,afinn_vader_manual
afinn_positive,certain,afinn_vader_manual
afinn_positive,champion,afinn_vader_manual
afinn_positive,championed,afinn_vader_manual
afinn_positive,champions,afinn_vader_manual
afinn_positive,chance,afinn_vader_manual
afinn_positive,chances,afinn_vader_manual
afinn_positive,charitable,afinn_vader_manual
afinn_positive,cheer,afinn_vader_manual
afinn_positive,cheered,afinn_vader_manual
afinn_positive,cheerful,afinn_vader_manual
afinn_positive,cheerfully,afinn_vader_manual
afinn_positive,cheering,afinn_vader_manual
afinn_positive,cheers,afinn_vader_manual
afinn_positive,cherish,afinn_vader_manual
afinn_positive,cherished,afinn_vader_manual
afinn_positive,cherishes,afinn_vader_manual
afinn_positive,cherishing,afinn_vader_manual
afinn_positive,chic,afinn_vader_manual
afinn_positive,clarifies,afinn_vader_manual
afinn_positive,clarity,afinn_vader_manual
afinn_positive,clean,afinn_vader_manual
afinn_positive,cleaner,afinn_vader_manual
afinn_positive,clear,afinn_vader_manual
afinn_positive,cleared,afinn_vader_manual
afinn_positive,clearly,afinn_vader_manual
afinn_positive,clears,afinn_vader_manual
afinn_positive,clever,afinn_vader_manual
afinn_positive,comedy,afinn_vader_manual
afinn_positive,comfort,afinn_vader_manual
afinn_positive,comfortable,afinn_vader_manual
afinn_positive,comfortably,afinn_vader_manual
afinn_positive,comforting,afinn_vader_manual
afinn_positive,comforts,afinn_vader_manual
afinn_positive,commend,afinn_vader_manual
afinn_positive,commended,afinn_vader_manual
afinn_positive,commit,afinn_vader_manual
afinn_positive,commitment,afinn_vader_manual
afinn_positive,commits,afinn_vader_manual
afinn_positive,committed,afinn_vader_manual
afinn_positive,committing,afinn_vader_manual
afinn_positive,compassion,afinn_vader_manual
afinn_positive,compassionate,afinn_vader_manual
afinn_positive,compelled,afinn_vader_manual
afinn_positive,competent,afinn_vader_manual
afinn_positive,competitive,afinn_vader_manual
afinn_positive,compliment,afinn_vader_manual
afinn_positive,complimented,afinn_vader_manual
afinn_positive,compliments,afinn_vader_manual
afinn_positive,comprehensive,afinn_vader_manual
afinn_positive,conciliate,afinn_vader_manual
afinn_positive,conciliated,afinn_vader_manual
afinn_positive,conciliates,afinn_vader_manual
afinn_positive,conciliating,afinn_vader_manual
afinn_positive,confidence,afinn_vader_manual
afinn_positive,confident,afinn_vader_manual
afinn_positive,confidently,afinn_vader_manual
afinn_positive,congrats,afinn_vader_manual
afinn_positive,congratulate,afinn_vader_manual
afinn_positive,congratulation,afinn_vader_manual
afinn_positive,congratulations,afinn_vader_manual
afinn_positive,consent,afinn_vader_manual
afinn_positive,consents,afinn_vader_manual
afinn_positive,consolable,afinn_vader_manual
afinn_positive,convince,afinn_vader_manual
afinn_positive,convinced,afinn_vader_manual
afinn_positive,convinces,afinn_vader_manual
afinn_positive,convivial,afinn_vader_manual
afinn_positive,cool,afinn_vader_manual
afinn_positive,courage,afinn_vader_manual
afinn_positive,courageous,afinn_vader_manual
afinn_positive,courageously,afinn_vader_manual
afinn_positive,courageousness,afinn_vader_manual
afinn_positive,courteous,afinn_vader_manual
afinn_positive,courtesy,afinn_vader_manual
afinn_positive,coziness,afinn_vader_manual
afinn_positive,creative,afinn_vader_manual
afinn_positive,cunning,afinn_vader_manual
afinn_positive,curious,afinn_vader_manual
afinn_positive,cute,afinn_vader_manual
afinn_positive,daredevil,afinn_vader_manual
afinn_positive,daring,afinn_vader_manual
afinn_positive,dauntless,afinn_vader_manual
afinn_positive,dear,afinn_vader_manual
afinn_positive,debonair,afinn_vader_manual
afinn_positive,decisive,afinn_vader_manual
afinn_positive,dedicated,afinn_vader_manual
afinn_positive,dedication,afinn_vader_manual
afinn_positive,defender,afinn_vader_manual
afinn_positive,defenders,afinn_vader_manual
afinn_positive,desirable,afinn_vader_manual
afinn_positive,desire,afinn_vader_manual
afinn_positive,desired,afinn_vader_manual
afinn_positive,desirous,afinn_vader_manual
afinn_positive,determined,afinn_vader_manual
afinn_positive,devotion,afinn_vader_manual
afinn_positive,devotional,afinn_vader_manual
afinn_positive,diamond,afinn_vader_manual
afinn_positive,dignity,afinn_vader_manual
afinn_positive,donation,afinn_vader_manual
afinn_positive,dream,afinn_vader_manual
afinn_positive,dreams,afinn_vader_manual
afinn_positive,durable,afinn_vader_manual
afinn_positive,eager,afinn_vader_manual
afinn_positive,earnest,afinn_vader_manual
afinn_positive,ease,afinn_vader_manual
afinn_positive,easy,afinn_vader_manual
afinn_positive,effective,afinn_vader_manual
afinn_positive,effectively,afinn_vader_manual
afinn_positive,elegant,afinn_vader_manual
afinn_positive,elegantly,afinn_vader_manual
afinn_positive,embrace,afinn_vader_manual
afinn_positive,empathetic,afinn_vader_manual
afinn_positive,empower,afinn_vader_manual
afinn_positive,enchanted,afinn_vader_manual
afinn_positive,encourage,afinn_vader_manual
afinn_positive,encouraged,afinn_vader_manual
afinn_positive,encouragement,afinn_vader_manual
afinn_positive,encourages,afinn_vader_manual
afinn_positive,encouraging,afinn_vader_manual
afinn_positive,endorse,afinn_vader_manual
afinn_positive,endorsed,afinn_vader_manual
afinn_positive,endorsement,afinn_vader_manual
afinn_positive,endorses,afinn_vader_manual
afinn_positive,energetic,afinn_vader_manual
afinn_positive,engage,afinn_vader_manual
afinn_positive,engages,afinn_vader_manual
afinn_positive,engrossed,afinn_vader_manual
afinn_positive,enjoy,afinn_vader_manual
afinn_positive,enjoyable,afinn_vader_manual
afinn_positive,enjoyed,afinn_vader_manual
afinn_positive,enjoying,afinn_vader_manual
afinn_positive,enjoys,afinn_vader_manual
afinn_positive,enlighten,afinn_vader_manual
afinn_positive,enlightened,afinn_vader_manual
afinn_positive,enlightening,afinn_vader_manual
afinn_positive,enlightens,afinn_vader_manual
afinn_positive,ensure,afinn_vader_manual
afinn_positive,ensuring,afinn_vader_manual
afinn_positive,enterprising,afinn_vader_manual
afinn_positive,entertaining,afinn_vader_manual
afinn_positive,entitled,afinn_vader_manual
afinn_positive,entrusted,afinn_vader_manual
afinn_positive,esteem,afinn_vader_manual
afinn_positive,esteemed,afinn_vader_manual
afinn_positive,ethical,afinn_vader_manual
afinn_positive,evergreen,afinn_vader_manual
afinn_positive,exclusive,afinn_vader_manual
afinn_positive,exonerate,afinn_vader_manual
afinn_positive,exonerated,afinn_vader_manual
afinn_positive,exonerates,afinn_vader_manual
afinn_positive,exonerating,afinn_vader_manual
afinn_positive,expand,afinn_vader_manual
afinn_positive,expands,afinn_vader_manual
afinn_positive,exploration,afinn_vader_manual
afinn_positive,explorations,afinn_vader_manual
afinn_positive,extend,afinn_vader_manual
afinn_positive,extends,afinn_vader_manual
afinn_positive,fair,afinn_vader_manual
afinn_positive,faith,afinn_vader_manual
afinn_positive,fame,afinn_vader_manual
afinn_positive,famous,afinn_vader_manual
afinn_positive,favor,afinn_vader_manual
afinn_positive,favorable,afinn_vader_manual
afinn_positive,favorably,afinn_vader_manual
afinn_positive,favored,afinn_vader_manual
afinn_positive,favorite,afinn_vader_manual
afinn_positive,favorited,afinn_vader_manual
afinn_positive,favorites,afinn_vader_manual
afinn_positive,favors,afinn_vader_manual
afinn_positive,favour,afinn_vader_manual
afinn_positive,favoured,afinn_vader_manual
afinn_positive,favours,afinn_vader_manual
afinn_positive,fearless,afinn_vader_manual
afinn_positive,fearlessness,afinn_vader_manual
afinn_positive,feeling,afinn_vader_manual
afinn_positive,fertile,afinn_vader_manual
afinn_positive,fervent,afinn_vader_manual
afinn_positive,fervid,afinn_vader_manual
afinn_positive,festive,afinn_vader_manual
afinn_positive,fine,afinn_vader_manual
afinn_positive,fit,afinn_vader_manual
afinn_positive,fitness,afinn_vader_manual
afinn_positive,flagship,afinn_vader_manual
afinn_positive,flawless,afinn_vader_manual
afinn_positive,flawlessly,afinn_vader_manual
afinn_positive,focused,afinn_vader_manual
afinn_positive,fond,afinn_vader_manual
afinn_positive,fondness,afinn_vader_manual
afinn_positive,forgive,afinn_vader_manual
afinn_positive,forgiving,afinn_vader_manual
afinn_positive,fortunate,afinn_vader_manual
afinn_positive,fortune,afinn_vader_manual
afinn_positive,free,afinn_vader_manual
afinn_positive,freedom,afinn_vader_manual
afinn_positive,freedoms,afinn_vader_manual
afinn_positive,fresh,afinn_vader_manual
afinn_positive,friend,afinn_vader_manual
afinn_positive,friendliness,afinn_vader_manual
afinn_positive,friendly,afinn_vader_manual
afinn_positive,friendship,afinn_vader_manual
afinn_positive,frisky,afinn_vader_manual
afinn_positive,fulfill,afinn_vader_manual
afinn_positive,fulfilled,afinn_vader_manual
afinn_positive,fulfillment,afinn_vader_manual
afinn_positive,fulfills,afinn_vader_manual
afinn_positive,funky,afinn_vader_manual
afinn_positive,gain,afinn_vader_manual
afinn_positive,gained,afinn_vader_manual
afinn_positive,gaining,afinn_vader_manual
afinn_positive,gains,afinn_vader_manual
afinn_positive,generous,afinn_vader_manual
afinn_positive,generously,afinn_vader_manual
afinn_positive,gift,afinn_vader_manual
afinn_positive,glorious,afinn_vader_manual
afinn_positive,glory,afinn_vader_manual
afinn_positive,god,afinn_vader_manual
afinn_positive,gold,afinn_vader_manual
afinn_positive,grace,afinn_vader_manual
afinn_positive,graceful,afinn_vader_manual
afinn_positive,grant,afinn_vader_manual
afinn_positive,granted,afinn_vader_manual
afinn_positive,granting,afinn_vader_manual
afinn_positive,grants,afinn_vader_manual
afinn_positive,gratification,afinn_vader_manual
afinn_positive,greet,afinn_vader_manual
afinn_positive,greeted,afinn_vader_manual
afinn_positive,greeting,afinn_vader_manual
afinn_positive,greetings,afinn_vader_manual
afinn_positive,greets,afinn_vader_manual
afinn_positive,growing,afinn_vader_manual
afinn_positive,growth,afinn_vader_manual
afinn_positive,guarantee,afinn_vader_manual
afinn_positive,ha,afinn_vader_manual
afinn_positive,hail,afinn_vader_manual
afinn_positive,hailed,afinn_vader_manual
afinn_positive,hardier,afinn_vader_manual
afinn_positive,hardy,afinn_vader_manual
afinn_positive,harmonious,afinn_vader_manual
afinn_positive,harmoniously,afinn_vader_manual
afinn_positive,harmony,afinn_vader_manual
afinn_positive,haunting,afinn_vader_manual
afinn_positive,healthy,afinn_vader_manual
afinn_positive,heaven,afinn_vader_manual
afinn_positive,help,afinn_vader_manual
afinn_positive,helpful,afinn_vader_manual
afinn_positive,helping,afinn_vader_manual
afinn_positive,helps,afinn_vader_manual
afinn_positive,hero,afinn_vader_manual
afinn_positive,heroes,afinn_vader_manual
afinn_positive,highlight,afinn_vader_manual
afinn_positive,hilarious,afinn_vader_manual
afinn_positive,honest,afinn_vader_manual
afinn_positive,honor,afinn_vader_manual
afinn_positive,honored,afinn_vader_manual
afinn_positive,honoring,afinn_vader_manual
afinn_positive,honour,afinn_vader_manual
afinn_positive,honoured,afinn_vader_manual
afinn_positive,honouring,afinn_vader_manual
afinn_positive,hope,afinn_vader_manual
afinn_positive,hopeful,afinn_vader_manual
afinn_positive,hopefully,afinn_vader_manual
afinn_positive,hopes,afinn_vader_manual
afinn_positive,hoping,afinn_vader_manual
afinn_positive,hug,afinn_vader_manual
afinn_positive,huge,afinn_vader_manual
afinn_positive,hugs,afinn_vader_manual
afinn_positive,humane,afinn_vader_manual
afinn_positive,humble,afinn_vader_manual
afinn_positive,humor,afinn_vader_manual
afinn_positive,humorous,afinn_vader_manual
afinn_positive,humour,afinn_vader_manual
afinn_positive,humourous,afinn_vader_manual
afinn_positive,imaginative,afinn_vader_manual
afinn_positive,immortal,afinn_vader_manual
afinn_positive,immune,afinn_vader_manual
afinn_positive,importance,afinn_vader_manual
afinn_positive,important,afinn_vader_manual
afinn_positive,improve,afinn_vader_manual
afinn_positive,improved,afinn_vader_manual
afinn_positive,improvement,afinn_vader_manual
afinn_positive,improves,afinn_vader_manual
afinn_positive,improving,afinn_vader_manual
afinn_positive,increase,afinn_vader_manual
afinn_positive,increased,afinn_vader_manual
afinn_positive,indestructible,afinn_vader_manual
afinn_positive,infatuated,afinn_vader_manual
afinn_positive,infatuation,afinn_vader_manual
afinn_positive,influential,afinn_vader_manual
afinn_positive,innovate,afinn_vader_manual
afinn_positive,innovates,afinn_vader_manual
afinn_positive,innovation,afinn_vader_manual
afinn_positive,innovative,afinn_vader_manual
afinn_positive,inquisitive,afinn_vader_manual
afinn_positive,inspiration,afinn_vader_manual
afinn_positive,inspirational,afinn_vader_manual
afinn_positive,inspire,afinn_vader_manual
afinn_positive,inspired,afinn_vader_manual
afinn_positive,inspires,afinn_vader_manual
afinn_positive,intact,afinn_vader_manual
afinn_positive,integrity,afinn_vader_manual
afinn_positive,intelligent,afinn_vader_manual
afinn_positive,intense,afinn_vader_manual
afinn_positive,interest,afinn_vader_manual
afinn_positive,interested,afinn_vader_manual
afinn_positive,interesting,afinn_vader_manual
afinn_positive,interests,afinn_vader_manual
afinn_positive,intricate,afinn_vader_manual
afinn_positive,intrigues,afinn_vader_manual
afinn_positive,invincible,afinn_vader_manual
afinn_positive,invite,afinn_vader_manual
afinn_positive,inviting,afinn_vader_manual
afinn_positive,invulnerable,afinn_vader_manual
afinn_positive,irresistible,afinn_vader_manual
afinn_positive,jaunty,afinn_vader_manual
afinn_positive,jewel,afinn_vader_manual
afinn_positive,jewels,afinn_vader_manual
afinn_positive,jocular,afinn_vader_manual
afinn_positive,join,afinn_vader_manual
afinn_positive,joke,afinn_vader_manual
afinn_positive,jokes,afinn_vader_manual
afinn_positive,jolly,afinn_vader_manual
afinn_positive,jovial,afinn_vader_manual
afinn_positive,justice,afinn_vader_manual
afinn_positive,justifiably,afinn_vader_manual
afinn_positive,justified,afinn_vader_manual
afinn_positive,keen,afinn_vader_manual
afinn_positive,kind,afinn_vader_manual
afinn_positive,kinder,afinn_vader_manual
afinn_positive,kindness,afinn_vader_manual
afinn_positive,kiss,afinn_vader_manual
afinn_positive,landmark,afinn_vader_manual
afinn_positive,laugh,afinn_vader_manual
afinn_positive,laughed,afinn_vader_manual
afinn_positive,laughing,afinn_vader_manual
afinn_positive,laughs,afinn_vader_manual
afinn_positive,launched,afinn_vader_manual
afinn_positive,leading,afinn_vader_manual
afinn_positive,legal,afinn_vader_manual
afinn_positive,legally,afinn_vader_manual
afinn_positive,lenient,afinn_vader_manual
afinn_positive,lighthearted,afinn_vader_manual
afinn_positive,like,afinn_vader_manual
afinn_positive,likeable,afinn_vader_manual
afinn_positive,liked,afinn_vader_manual
afinn_positive,likes,afinn_vader_manual
afinn_positive,liking,afinn_vader_manual
afinn_positive,lively,afinn_vader_manual
afinn_positive,loving,afinn_vader_manual
afinn_positive,luxury,afinn_vader_manual
afinn_positive,matter,afinn_vader_manual
afinn_positive,matters,afinn_vader_manual
afinn_positive,mature,afinn_vader_manual
afinn_positive,meaningful,afinn_vader_manual
afinn_positive,meditative,afinn_vader_manual
afinn_positive,memorable,afinn_vader_manual
afinn_positive,mercy,afinn_vader_manual
afinn_positive,methodical,afinn_vader_manual
afinn_positive,motivate,afinn_vader_manual
afinn_positive,motivated,afinn_vader_manual
afinn_positive,motivating,afinn_vader_manual
afinn_positive,motivation,afinn_vader_manual
afinn_positive,natural,afinn_vader_manual
afinn_positive,nifty,afinn_vader_manual
afinn_positive,noble,afinn_vader_manual
afinn_positive,notable,afinn_vader_manual
afinn_positive,novel,afinn_vader_manual
afinn_positive,nurturing,afinn_vader_manual
afinn_positive,obsessed,afinn_vader_manual
afinn_positive,opportunities,afinn_vader_manual
afinn_positive,opportunity,afinn_vader_manual
afinn_positive,optimism,afinn_vader_manual
afinn_positive,optimistic,afinn_vader_manual
afinn_positive,outreach,afinn_vader_manual
afinn_positive,pardon,afinn_vader_manual
afinn_positive,pardoned,afinn_vader_manual
afinn_positive,pardoning,afinn_vader_manual
afinn_positive,pardons,afinn_vader_manual
afinn_positive,passion,afinn_vader_manual
afinn_positive,passionate,afinn_vader_manual
afinn_positive,peace,afinn_vader_manual
afinn_positive,peaceful,afinn_vader_manual
afinn_positive,peacefully,afinn_vader_manual
afinn_positive,perfected,afinn_vader_manual
afinn_positive,perfects,afinn_vader_manual
afinn_positive,philanthropy,afinn_vader_manual
afinn_positive,picturesque,afinn_vader_manual
afinn_positive,playful,afinn_vader_manual
afinn_positive,please,afinn_vader_manual
afinn_positive,polished,afinn_vader_manual
afinn_positive,polite,afinn_vader_manual
afinn_positive,politeness,afinn_vader_manual
afinn_positive,positive,afinn_vader_manual
afinn_positive,positively,afinn_vader_manual
afinn_positive,powerful,afinn_vader_manual
afinn_positive,pray,afinn_vader_manual
afinn_positive,praying,afinn_vader_manual
afinn_positive,prays,afinn_vader_manual
afinn_positive,prepared,afinn_vader_manual
afinn_positive,pretty,afinn_vader_manual
afinn_positive,privileged,afinn_vader_manual
afinn_positive,proactive,afinn_vader_manual
afinn_positive,profit,afinn_vader_manual
afinn_positive,profitable,afinn_vader_manual
afinn_positive,profits,afinn_vader_manual
afinn_positive,progress,afinn_vader_manual
afinn_positive,prominent,afinn_vader_manual
afinn_positive,promise,afinn_vader_manual
afinn_positive,promised,afinn_vader_manual
afinn_positive,promises,afinn_vader_manual
afinn_positive,promote,afinn_vader_manual
afinn_positive,promoted,afinn_vader_manual
afinn_positive,promotes,afinn_vader_manual
afinn_positive,promoting,afinn_vader_manual
afinn_positive,prospect,afinn_vader_manual
afinn_positive,prospects,afinn_vader_manual
afinn_positive,protect,afinn_vader_manual
afinn_positive,protected,afinn_vader_manual
afinn_positive,protects,afinn_vader_manual
afinn_positive,proud,afinn_vader_manual
afinn_positive,proudly,afinn_vader_manual
afinn_positive,prudence,afinn_vader_manual
afinn_positive,rapture,afinn_vader_manual
afinn_positive,raptured,afinn_vader_manual
afinn_positive,raptures,afinn_vader_manual
afinn_positive,ratified,afinn_vader_manual
afinn_positive,reach,afinn_vader_manual
afinn_positive,reached,afinn_vader_manual
afinn_positive,reaches,afinn_vader_manual
afinn_positive,reaching,afinn_vader_manual
afinn_positive,reassure,afinn_vader_manual
afinn_positive,reassured,afinn_vader_manual
afinn_positive,reassures,afinn_vader_manual
afinn_positive,reassuring,afinn_vader_manual
afinn_positive,recommend,afinn_vader_manual
afinn_positive,recommended,afinn_vader_manual
afinn_positive,recommends,afinn_vader_manual
afinn_positive,redeemed,afinn_vader_manual
afinn_positive,refine,afinn_vader_manual
afinn_positive,relaxed,afinn_vader_manual
afinn_positive,reliability,afinn_vader_manual
afinn_positive,reliable,afinn_vader_manual
afinn_positive,reliant,afinn_vader_manual
afinn_positive,relieve,afinn_vader_manual
afinn_positive,relieved,afinn_vader_manual
afinn_positive,relieves,afinn_vader_manual
afinn_positive,relieving,afinn_vader_manual
afinn_positive,relishing,afinn_vader_manual
afinn_positive,remarkable,afinn_vader_manual
afinn_positive,rescue,afinn_vader_manual
afinn_positive,rescued,afinn_vader_manual
afinn_positive,rescues,afinn_vader_manual
afinn_positive,resolute,afinn_vader_manual
afinn_positive,resolve,afinn_vader_manual
afinn_positive,resolved,afinn_vader_manual
afinn_positive,resolves,afinn_vader_manual
afinn_positive,resolving,afinn_vader_manual
afinn_positive,respect,afinn_vader_manual
afinn_positive,respected,afinn_vader_manual
afinn_positive,respects,afinn_vader_manual
afinn_positive,responsible,afinn_vader_manual
afinn_positive,responsive,afinn_vader_manual
afinn_positive,restful,afinn_vader_manual
afinn_positive,restore,afinn_vader_manual
afinn_positive,restored,afinn_vader_manual
afinn_positive,restores,afinn_vader_manual
afinn_positive,restoring,afinn_vader_manual
afinn_positive,revered,afinn_vader_manual
afinn_positive,revive,afinn_vader_manual
afinn_positive,revives,afinn_vader_manual
afinn_positive,reward,afinn_vader_manual
afinn_positive,rewarded,afinn_vader_manual
afinn_positive,rewarding,afinn_vader_manual
afinn_positive,rewards,afinn_vader_manual
afinn_positive,rich,afinn_vader_manual
afinn_positive,richly,afinn_vader_manual
afinn_positive,rightful,afinn_vader_manual
afinn_positive,robust,afinn_vader_manual
afinn_positive,romance,afinn_vader_manual
afinn_positive,romantically,afinn_vader_manual
afinn_positive,safe,afinn_vader_manual
afinn_positive,safely,afinn_vader_manual
afinn_positive,safer,afinn_vader_manual
afinn_positive,safety,afinn_vader_manual
afinn_positive,salient,afinn_vader_manual
afinn_positive,salute,afinn_vader_manual
afinn_positive,salvation,afinn_vader_manual
afinn_positive,satisfied,afinn_vader_manual
afinn_positive,save,afinn_vader_manual
afinn_positive,saved,afinn_vader_manual
afinn_positive,savings,afinn_vader_manual
afinn_positive,secure,afinn_vader_manual
afinn_positive,secured,afinn_vader_manual
afinn_positive,secures,afinn_vader_manual
afinn_positive,self-confident,afinn_vader_manual
afinn_positive,serene,afinn_vader_manual
afinn_positive,share,afinn_vader_manual
afinn_positive,shared,afinn_vader_manual
afinn_positive,shares,afinn_vader_manual
afinn_positive,significance,afinn_vader_manual
afinn_positive,significant,afinn_vader_manual
afinn_positive,sincere,afinn_vader_manual
afinn_positive,sincerely,afinn_vader_manual
afinn_positive,sincerest,afinn_vader_manual
afinn_positive,sincerity,afinn_vader_manual
afinn_positive,slicker,afinn_vader_manual
afinn_positive,slickest,afinn_vader_manual
afinn_positive,smart,afinn_vader_manual
afinn_positive,smarter,afinn_vader_manual
afinn_positive,smartest,afinn_vader_manual
afinn_positive,smile,afinn_vader_manual
afinn_positive,smiled,afinn_vader_manual
afinn_positive,smiles,afinn_vader_manual
afinn_positive,smiling,afinn_vader_manual
afinn_positive,sobering,afinn_vader_manual
afinn_positive,solid,afinn_vader_manual
afinn_positive,solidarity,afinn_vader_manual
afinn_positive,solution,afinn_vader_manual
afinn_positive,solutions,afinn_vader_manual
afinn_positive,solve,afinn_vader_manual
afinn_positive,solved,afinn_vader_manual
afinn_positive,solves,afinn_vader_manual
afinn_positive,solving,afinn_vader_manual
afinn_positive,sophisticated,afinn_vader_manual
afinn_positive,spacious,afinn_vader_manual
afinn_positive,spark,afinn_vader_manual
afinn_positive,spirit,afinn_vader_manual
afinn_positive,spirited,afinn_vader_manual
afinn_positive,spotless,afinn_vader_manual
afinn_positive,sprightly,afinn_vader_manual
afinn_positive,stable,afinn_vader_manual
afinn_positive,stamina,afinn_vader_manual
afinn_positive,steadfast,afinn_vader_manual
afinn_positive,stimulate,afinn_vader_manual
afinn_positive,stimulated,afinn_vader_manual
afinn_positive,stimulates,afinn_vader_manual
afinn_positive,stimulating,afinn_vader_manual
afinn_positive,stout,afinn_vader_manual
afinn_positive,straight,afinn_vader_manual
afinn_positive,strength,afinn_vader_manual
afinn_positive,strengthen,afinn_vader_manual
afinn_positive,strengthened,afinn_vader_manual
afinn_positive,strengthening,afinn_vader_manual
afinn_positive,strengthens,afinn_vader_manual
afinn_positive,strengths,afinn_vader_manual
afinn_positive,strong,afinn_vader_manual
afinn_positive,stronger,afinn_vader_manual
afinn_positive,strongest,afinn_vader_manual
afinn_positive,suave,afinn_vader_manual
afinn_positive,substantial,afinn_vader_manual
afinn_positive,success,afinn_vader_manual
afinn_positive,suitable,afinn_vader_manual
afinn_positive,sunshine,afinn_vader_manual
afinn_positive,superior,afinn_vader_manual
afinn_positive,support,afinn_vader_manual
afinn_positive,supported,afinn_vader_manual
afinn_positive,supporter,afinn_vader_manual
afinn_positive,supporters,afinn_vader_manual
afinn_positive,supporting,afinn_vader_manual
afinn_positive,supportive,afinn_vader_manual
afinn_positive,supports,afinn_vader_manual
afinn_positive,survived,afinn_vader_manual
afinn_positive,surviving,afinn_vader_manual
afinn_positive,survivor,afinn_vader_manual
afinn_positive,sweet,afinn_vader_manual
afinn_positive,swift,afinn_vader_manual
afinn_positive,swiftly,afinn_vader_manual
afinn_positive,sympathetic,afinn_vader_manual
afinn_positive,sympathy,afinn_vader_manual
afinn_positive,talent,afinn_vader_manual
afinn_positive,tender,afinn_vader_manual
afinn_positive,tenderness,afinn_vader_manual
afinn_positive,thank,afinn_vader_manual
afinn_positive,thankful,afinn_vader_manual
afinn_positive,thanks,afinn_vader_manual
afinn_positive,thoughtful,afinn_vader_manual
afinn_positive,tolerance,afinn_vader_manual
afinn_positive,tolerant,afinn_vader_manual
afinn_positive,top,afinn_vader_manual
afinn_positive,tops,afinn_vader_manual
afinn_positive,tranquil,afinn_vader_manual
afinn_positive,treasure,afinn_vader_manual
afinn_positive,treasures,afinn_vader_manual
afinn_positive,tribute,afinn_vader_manual
afinn_positive,true,afinn_vader_manual
afinn_positive,trust,afinn_vader_manual
afinn_positive,trusted,afinn_vader_manual
afinn_positive,trusts,afinn_vader_manual
afinn_positive,unbiased,afinn_vader_manual
afinn_positive,unequaled,afinn_vader_manual
afinn_positive,unified,afinn_vader_manual
afinn_positive,united,afinn_vader_manual
afinn_positive,unmatched,afinn_vader_manual
afinn_positive,unselfish,afinn_vader_manual
afinn_positive,unstoppable,afinn_vader_manual
afinn_positive,untarnished,afinn_vader_manual
afinn_positive,useful,afinn_vader_manual
afinn_positive,usefulness,afinn_vader_manual
afinn_positive,validate,afinn_vader_manual
afinn_positive,validated,afinn_vader_manual
afinn_positive,validates,afinn_vader_manual
afinn_positive,validating,afinn_vader_manual
afinn_positive,vested,afinn_vader_manual
afinn_positive,vindicate,afinn_vader_manual
afinn_positive,vindicated,afinn_vader_manual
afinn_positive,vindicates,afinn_vader_manual
afinn_positive,vindicating,afinn_vader_manual
afinn_positive,virtuous,afinn_vader_manual
afinn_positive,vision,afinn_vader_manual
afinn_positive,visioning,afinn_vader_manual
afinn_positive,visions,afinn_vader_manual
afinn_positive,vitamin,afinn_vader_manual
afinn_positive,want,afinn_vader_manual
afinn_positive,warm,afinn_vader_manual
afinn_positive,warmhearted,afinn_vader_manual
afinn_positive,warmness,afinn_vader_manual
afinn_positive,warmth,afinn_vader_manual
afinn_positive,wealthier,afinn_vader_manual
afinn_positive,wealthy,afinn_vader_manual
afinn_positive,welcome,afinn_vader_manual
afinn_positive,welcomed,afinn_vader_manual
afinn_positive,welcomes,afinn_vader_manual
afinn_positive,whimsical,afinn_vader_manual
afinn_positive,willingness,afinn_vader_manual
afinn_positive,wisdom,afinn_vader_manual
afinn_positive,wish,afinn_vader_manual
afinn_positive,wishes,afinn_vader_manual
afinn_positive,wishing,afinn_vader_manual
afinn_positive,wits,afinn_vader_manual
afinn_positive,worth,afinn_vader_manual
afinn_positive,worthy,afinn_vader_manual
afinn_positive,yeah,afinn_vader_manual
afinn_positive,yearning,afinn_vader_manual
afinn_positive,yeees,afinn_vader_manual
afinn_positive,yes,afinn_vader_manual
afinn_positive,youthful,afinn_vader_manual
afinn_positive,zealous,afinn_vader_manual
afinn_very_negative,abhor,afinn_vader_manual
afinn_very_negative,abhorred,afinn_vader_manual
afinn_very_negative,abhorrent,afinn_vader_manual
afinn_very_negative,abhors,afinn_vader_manual
afinn_very_negative,abuse,afinn_vader_manual
afinn_very_negative,abused,afinn_vader_manual
afinn_very_negative,abuses,afinn_vader_manual
afinn_very_negative,abusing,afinn_vader_manual
afinn_very_negative,abusive,afinn_vader_manual
afinn_very_negative,acrimonious,afinn_vader_manual
afinn_very_negative,agonise,afinn_vader_manual
afinn_very_negative,agonised,afinn_vader_manual
afinn_very_negative,agonises,afinn_vader_manual
afinn_very_negative,agonising,afinn_vader_manual
afinn_very_negative,agonize,afinn_vader_manual
afinn_very_negative,agonized,afinn_vader_manual
afinn_very_negative,agonizes,afinn_vader_manual
afinn_very_negative,agonizing,afinn_vader_manual
afinn_very_negative,anger,afinn_vader_manual
afinn_very_negative,angered,afinn_vader_manual
afinn_very_negative,angers,afinn_vader_manual
afinn_very_negative,angry,afinn_vader_manual
afinn_very_negative,anguish,afinn_vader_manual
afinn_very_negative,anguished,afinn_vader_manual
afinn_very_negative,apathetic,afinn_vader_manual
afinn_very_negative,apathy,afinn_vader_manual
afinn_very_negative,apeshit,afinn_vader_manual
afinn_very_negative,arrested,afinn_vader_manual
afinn_very_negative,ass,afinn_vader_manual
afinn_very_negative,assassination,afinn_vader_manual
afinn_very_negative,assassinations,afinn_vader_manual
afinn_very_negative,assfucking,afinn_vader_manual
afinn_very_negative,asshole,afinn_vader_manual
afinn_very_negative,atrocious,afinn_vader_manual
afinn_very_negative,atrocity,afinn_vader_manual
afinn_very_negative,awful,afinn_vader_manual
afinn_very_negative,bad,afinn_vader_manual
afinn_very_negative,badass,afinn_vader_manual
afinn_very_negative,badly,afinn_vader_manual
afinn_very_negative,badness,afinn_vader_manual
afinn_very_negative,bankrupt,afinn_vader_manual
afinn_very_negative,bankruptcy,afinn_vader_manual
afinn_very_negative,bankster,afinn_vader_manual
afinn_very_negative,bastard,afinn_vader_manual
afinn_very_negative,bastards,afinn_vader_manual
afinn_very_negative,betray,afinn_vader_manual
afinn_very_negative,betrayal,afinn_vader_manual
afinn_very_negative,betrayed,afinn_vader_manual
afinn_very_negative,betraying,afinn_vader_manual
afinn_very_negative,betrays,afinn_vader_manual
afinn_very_negative,bitch,afinn_vader_manual
afinn_very_negative,bitches,afinn_vader_manual
afinn_very_negative,blackmail,afinn_vader_manual
afinn_very_negative,bloody,afinn_vader_manual
afinn_very_negative,boring,afinn_vader_manual
afinn_very_negative,brainwashing,afinn_vader_manual
afinn_very_negative,bribe,afinn_vader_manual
afinn_very_negative,brutal,afinn_vader_manual
afinn_very_negative,brutally,afinn_vader_manual
afinn_very_negative,bullshit,afinn_vader_manual
afinn_very_negative,can't stand,afinn_vader_manual
afinn_very_negative,catastrophe,afinn_vader_manual
afinn_very_negative,catastrophic,afinn_vader_manual
afinn_very_negative,charged,afinn_vader_manual
afinn_very_negative,charmless,afinn_vader_manual
afinn_very_negative,chastise,afinn_vader_manual
afinn_very_negative,chastised,afinn_vader_manual
afinn_very_negative,chastises,afinn_vader_manual
afinn_very_negative,chastising,afinn_vader_manual
afinn_very_negative,cheat,afinn_vader_manual
afinn_very_negative,cheated,afinn_vader_manual
afinn_very_negative,cheater,afinn_vader_manual
afinn_very_negative,cheaters,afinn_vader_manual
afinn_very_negative,cheating,afinn_vader_manual
afinn_very_negative,cheats,afinn_vader_manual
afinn_very_negative,cock,afinn_vader_manual
afinn_very_negative,cocksucker,afinn_vader_manual
afinn_very_negative,cocksuckers,afinn_vader_manual
afinn_very_negative,colluding,afinn_vader_manual
afinn_very_negative,conspiracy,afinn_vader_manual
afinn_very_negative,corrupt,afinn_vader_manual
afinn_very_negative,corrupting,afinn_vader_manual
afinn_very_negative,corruption,afinn_vader_manual
afinn_very_negative,cover-up,afinn_vader_manual
afinn_very_negative,crap,afinn_vader_manual
afinn_very_negative,crappy,afinn_vader_manual
afinn_very_negative,crime,afinn_vader_manual
afinn_very_negative,criminal,afinn_vader_manual
afinn_very_negative,criminals,afinn_vader_manual
afinn_very_negative,crisis,afinn_vader_manual
afinn_very_negative,cruel,afinn_vader_manual
afinn_very_negative,cruelty,afinn_vader_manual
afinn_very_negative,cunt,afinn_vader_manual
afinn_very_negative,damage,afinn_vader_manual
afinn_very_negative,damaged,afinn_vader_manual
afinn_very_negative,damages,afinn_vader_manual
afinn_very_negative,damaging,afinn_vader_manual
afinn_very_negative,damned,afinn_vader_manual
afinn_very_negative,damnit,afinn_vader_manual
afinn_very_negative,dead,afinn_vader_manual
afinn_very_negative,deadly,afinn_vader_manual
afinn_very_negative,deceit,afinn_vader_manual
afinn_very_negative,deceitful,afinn_vader_manual
afinn_very_negative,deceive,afinn_vader_manual
afinn_very_negative,deceived,afinn_vader_manual
afinn_very_negative,deceives,afinn_vader_manual
afinn_very_negative,deceiving,afinn_vader_manual
afinn_very_negative,deception,afinn_vader_manual
afinn_very_negative,deceptive,afinn_vader_manual
afinn_very_negative,defect,afinn_vader_manual
afinn_very_negative,defective,afinn_vader_manual
afinn_very_negative,defects,afinn_vader_manual
afinn_very_negative,defraud,afinn_vader_manual
afinn_very_negative,deplore,afinn_vader_manual
afinn_very_negative,deprivation,afinn_vader_manual
afinn_very_negative,despair,afinn_vader_manual
afinn_very_negative,despairing,afinn_vader_manual
afinn_very_negative,despairs,afinn_vader_manual
afinn_very_negative,desperate,afinn_vader_manual
afinn_very_negative,desperately,afinn_vader_manual
afinn_very_negative,despondent,afinn_vader_manual
afinn_very_negative,destroy,afinn_vader_manual
afinn_very_negative,destroyed,afinn_vader_manual
afinn_very_negative,destroying,afinn_vader_manual
afinn_very_negative,destroys,afinn_vader_manual
afinn_very_negative,destruction,afinn_vader_manual
afinn_very_negative,destructive,afinn_vader_manual
afinn_very_negative,dick,afinn_vader_manual
afinn_very_negative,dickhead,afinn_vader_manual
afinn_very_negative,die,afinn_vader_manual
afinn_very_negative,died,afinn_vader_manual
afinn_very_negative,dipshit,afinn_vader_manual
afinn_very_negative,dire,afinn_vader_manual
afinn_very_negative,direful,afinn_vader_manual
afinn_very_negative,disastrous,afinn_vader_manual
afinn_very_negative,disgust,afinn_vader_manual
afinn_very_negative,disgusted,afinn_vader_manual
afinn_very_negative,disgustful,afinn_vader_manual
afinn_very_negative,disgusting,afinn_vader_manual
afinn_very_negative,distrust,afinn_vader_manual
afinn_very_negative,distrustful,afinn_vader_manual
afinn_very_negative,douche,afinn_vader_manual
afinn_very_negative,douchebag,afinn_vader_manual
afinn_very_negative,dreadful,afinn_vader_manual
afinn_very_negative,dumb,afinn_vader_manual
afinn_very_negative,dumbass,afinn_vader_manual
afinn_very_negative,dying,afinn_vader_manual
afinn_very_negative,embezzlement,afinn_vader_manual
afinn_very_negative,evil,afinn_vader_manual
afinn_very_negative,fag,afinn_vader_manual
afinn_very_negative,faggot,afinn_vader_manual
afinn_very_negative,faggots,afinn_vader_manual
afinn_very_negative,fake,afinn_vader_manual
afinn_very_negative,fakes,afinn_vader_manual
afinn_very_negative,faking,afinn_vader_manual
afinn_very_negative,falsified,afinn_vader_manual
afinn_very_negative,falsify,afinn_vader_manual
afinn_very_negative,fatal,afinn_vader_manual
afinn_very_negative,fatalities,afinn_vader_manual
afinn_very_negative,fatality,afinn_vader_manual
afinn_very_negative,fed up,afinn_vader_manual
afinn_very_negative,felonies,afinn_vader_manual
afinn_very_negative,felony,afinn_vader_manual
afinn_very_negative,fiasco,afinn_vader_manual
afinn_very_negative,flawed,afinn_vader_manual
afinn_very_negative,foul,afinn_vader_manual
afinn_very_negative,fraud,afinn_vader_manual
afinn_very_negative,frauds,afinn_vader_manual
afinn_very_negative,fraudster,afinn_vader_manual
afinn_very_negative,fraudsters,afinn_vader_manual
afinn_very_negative,fraudulence,afinn_vader_manual
afinn_very_negative,fraudulent,afinn_vader_manual
afinn_very_negative,frenzy,afinn_vader_manual
afinn_very_negative,frightening,afinn_vader_manual
afinn_very_negative,fuck,afinn_vader_manual
afinn_very_negative,fucked,afinn_vader_manual
afinn_very_negative,fucker,afinn_vader_manual
afinn_very_negative,fuckers,afinn_vader_manual
afinn_very_negative,fuckface,afinn_vader_manual
afinn_very_negative,fuckhead,afinn_vader_manual
afinn_very_negative,fucktard,afinn_vader_manual
afinn_very_negative,fud,afinn_vader_manual
afinn_very_negative,fuked,afinn_vader_manual
afinn_very_negative,fuking,afinn_vader_manual
afinn_very_negative,furious,afinn_vader_manual
afinn_very_negative,goddamn,afinn_vader_manual
afinn_very_negative,greed,afinn_vader_manual
afinn_very_negative,greenwash,afinn_vader_manual
afinn_very_negative,greenwashing,afinn_vader_manual
afinn_very_negative,gruesome,afinn_vader_manual
afinn_very_negative,guilt,afinn_vader_manual
afinn_very_negative,guilty,afinn_vader_manual
afinn_very_negative,harass,afinn_vader_manual
afinn_very_negative,harassed,afinn_vader_manual
afinn_very_negative,harasses,afinn_vader_manual
afinn_very_negative,harassing,afinn_vader_manual
afinn_very_negative,harassment,afinn_vader_manual
afinn_very_negative,hate,afinn_vader_manual
afinn_very_negative,hated,afinn_vader_manual
afinn_very_negative,hater,afinn_vader_manual
afinn_very_negative,haters,afinn_vader_manual
afinn_very_negative,hates,afinn_vader_manual
afinn_very_negative,hating,afinn_vader_manual
afinn_very_negative,hatred,afinn_vader_manual
afinn_very_negative,hazardous,afinn_vader_manual
afinn_very_negative,heartbreaking,afinn_vader_manual
afinn_very_negative,heartbroken,afinn_vader_manual
afinn_very_negative,hell,afinn_vader_manual
afinn_very_negative,hideous,afinn_vader_manual
afinn_very_negative,horrendous,afinn_vader_manual
afinn_very_negative,horrible,afinn_vader_manual
afinn_very_negative,horrid,afinn_vader_manual
afinn_very_negative,horrific,afinn_vader_manual
afinn_very_negative,horrified,afinn_vader_manual
afinn_very_negative,humiliated,afinn_vader_manual
afinn_very_negative,humiliation,afinn_vader_manual
afinn_very_negative,hysteria,afinn_vader_manual
afinn_very_negative,hysterical,afinn_vader_manual
afinn_very_negative,hysterics,afinn_vader_manual
afinn_very_negative,idiocy,afinn_vader_manual
afinn_very_negative,idiot,afinn_vader_manual
afinn_very_negative,idiotic,afinn_vader_manual
afinn_very_negative,illegal,afinn_vader_manual
afinn_very_negative,illegitimate,afinn_vader_manual
afinn_very_negative,imbecile,afinn_vader_manual
afinn_very_negative,impeachment,afinn_vader_manual
afinn_very_negative,inexcusable,afinn_vader_manual
afinn_very_negative,irate,afinn_vader_manual
afinn_very_negative,irritate,afinn_vader_manual
afinn_very_negative,irritated,afinn_vader_manual
afinn_very_negative,irritates,afinn_vader_manual
afinn_very_negative,irritating,afinn_vader_manual
afinn_very_negative,jackass,afinn_vader_manual
afinn_very_negative,jackasses,afinn_vader_manual
afinn_very_negative,jerk,afinn_vader_manual
afinn_very_negative,kill,afinn_vader_manual
afinn_very_negative,killed,afinn_vader_manual
afinn_very_negative,killing,afinn_vader_manual
afinn_very_negative,kills,afinn_vader_manual
afinn_very_negative,liar,afinn_vader_manual
afinn_very_negative,liars,afinn_vader_manual
afinn_very_negative,loathe,afinn_vader_manual
afinn_very_negative,loathed,afinn_vader_manual
afinn_very_negative,loathes,afinn_vader_manual
afinn_very_negative,loathing,afinn_vader_manual
afinn_very_negative,loathsome,afinn_vader_manual
afinn_very_negative,loose,afinn_vader_manual
afinn_very_negative,looses,afinn_vader_manual
afinn_very_negative,loser,afinn_vader_manual
afinn_very_negative,losing,afinn_vader_manual
afinn_very_negative,loss,afinn_vader_manual
afinn_very_negative,losses,afinn_vader_manual
afinn_very_negative,lost,afinn_vader_manual
afinn_very_negative,ludicrous,afinn_vader_manual
afinn_very_negative,lunatic,afinn_vader_manual
afinn_very_negative,lunatics,afinn_vader_manual
afinn_very_negative,mad,afinn_vader_manual
afinn_very_negative,maddening,afinn_vader_manual
afinn_very_negative,madly,afinn_vader_manual
afinn_very_negative,madness,afinn_vader_manual
afinn_very_negative,manslaughter,afinn_vader_manual
afinn_very_negative,mediocrity,afinn_vader_manual
afinn_very_negative,miserable,afinn_vader_manual
afinn_very_negative,miserably,afinn_vader_manual
afinn_very_negative,mislead,afinn_vader_manual
afinn_very_negative,misleading,afinn_vader_manual
afinn_very_negative,moron,afinn_vader_manual
afinn_very_negative,motherfucker,afinn_vader_manual
afinn_very_negative,motherfucking,afinn_vader_manual
afinn_very_negative,murdering,afinn_vader_manual
afinn_very_negative,murderous,afinn_vader_manual
afinn_very_negative,nasty,afinn_vader_manual
afinn_very_negative,niggas,afinn_vader_manual
afinn_very_negative,nigger,afinn_vader_manual
afinn_very_negative,nuts,afinn_vader_manual
afinn_very_negative,obnoxious,afinn_vader_manual
afinn_very_negative,outrage,afinn_vader_manual
afinn_very_negative,outraged,afinn_vader_manual
afinn_very_negative,outrageous,afinn_vader_manual
afinn_very_negative,panic,afinn_vader_manual
afinn_very_negative,panicked,afinn_vader_manual
afinn_very_negative,panics,afinn_vader_manual
afinn_very_negative,perjury,afinn_vader_manual
afinn_very_negative,pervert,afinn_vader_manual
afinn_very_negative,piss,afinn_vader_manual
afinn_very_negative,pissed,afinn_vader_manual
afinn_very_negative,pissing,afinn_vader_manual
afinn_very_negative,plague,afinn_vader_manual
afinn_very_negative,prick,afinn_vader_manual
afinn_very_negative,pseudoscience,afinn_vader_manual
afinn_very_negative,racism,afinn_vader_manual
afinn_very_negative,racist,afinn_vader_manual
afinn_very_negative,racists,afinn_vader_manual
afinn_very_negative,rant,afinn_vader_manual
afinn_very_negative,ranter,afinn_vader_manual
afinn_very_negative,ranters,afinn_vader_manual
afinn_very_negative,rants,afinn_vader_manual
afinn_very_negative,rape,afinn_vader_manual
afinn_very_negative,raped,afinn_vader_manual
afinn_very_negative,rapist,afinn_vader_manual
afinn_very_negative,ridiculous,afinn_vader_manual
afinn_very_negative,rotten,afinn_vader_manual
afinn_very_negative,scandal,afinn_vader_manual
afinn_very_negative,scandalous,afinn_vader_manual
afinn_very_negative,scandals,afinn_vader_manual
afinn_very_negative,screwed up,afinn_vader_manual
afinn_very_negative,scum,afinn_vader_manual
afinn_very_negative,scumbag,afinn_vader_manual
afinn_very_negative,selfish,afinn_vader_manual
afinn_very_negative,selfishness,afinn_vader_manual
afinn_very_negative,shit,afinn_vader_manual
afinn_very_negative,shithead,afinn_vader_manual
afinn_very_negative,shitty,afinn_vader_manual
afinn_very_negative,shrew,afinn_vader_manual
afinn_very_negative,sinful,afinn_vader_manual
afinn_very_negative,slave,afinn_vader_manual
afinn_very_negative,slavery,afinn_vader_manual
afinn_very_negative,slut,afinn_vader_manual
afinn_very_negative,son-of-a-bitch,afinn_vader_manual
afinn_very_negative,spammer,afinn_vader_manual
afinn_very_negative,spammers,afinn_vader_manual
afinn_very_negative,stupidity,afinn_vader_manual
afinn_very_negative,suck,afinn_vader_manual
afinn_very_negative,sucks,afinn_vader_manual
afinn_very_negative,swindle,afinn_vader_manual
afinn_very_negative,swindles,afinn_vader_manual
afinn_very_negative,swindling,afinn_vader_manual
afinn_very_negative,terrible,afinn_vader_manual
afinn_very_negative,terribly,afinn_vader_manual
afinn_very_negative,terrified,afinn_vader_manual
afinn_very_negative,terror,afinn_vader_manual
afinn_very_negative,terrorize,afinn_vader_manual
afinn_very_negative,terrorized,afinn_vader_manual
afinn_very_negative,terrorizes,afinn_vader_manual
afinn_very_negative,torture,afinn_vader_manual
afinn_very_negative,tortured,afinn_vader_manual
afinn_very_negative,tortures,afinn_vader_manual
afinn_very_negative,torturing,afinn_vader_manual
afinn_very_negative,toxic,afinn_vader_manual
afinn_very_negative,trauma,afinn_vader_manual
afinn_very_negative,traumatic,afinn_vader_manual
afinn_very_negative,treason,afinn_vader_manual
afinn_very_negative,treasonous,afinn_vader_manual
afinn_very_negative,twat,afinn_vader_manual
afinn_very_negative,tyrannical,afinn_vader_manual
afinn_very_negative,ugliness,afinn_vader_manual
afinn_very_negative,ugly,afinn_vader_manual
afinn_very_negative,ungrateful,afinn_vader_manual
afinn_very_negative,uproar,afinn_vader_manual
afinn_very_negative,victim,afinn_vader_manual
afinn_very_negative,victimization,afinn_vader_manual
afinn_very_negative,victimize,afinn_vader_manual
afinn_very_negative,victimized,afinn_vader_manual
afinn_very_negative,victimizes,afinn_vader_manual
afinn_very_negative,victimizing,afinn_vader_manual
afinn_very_negative,victims,afinn_vader_manual
afinn_very_negative,vile,afinn_vader_manual
afinn_very_negative,violence,afinn_vader_manual
afinn_very_negative,violent,afinn_vader_manual
afinn_very_negative,violently,afinn_vader_manual
afinn_very_negative,vitriolic,afinn_vader_manual
afinn_very_negative,vomit,afinn_vader_manual
afinn_very_negative,vomiting,afinn_vader_manual
afinn_very_negative,wanker,afinn_vader_manual
afinn_very_negative,warning,afinn_vader_manual
afinn_very_negative,warnings,afinn_vader_manual
afinn_very_negative,whitewash,afinn_vader_manual
afinn_very_negative,whore,afinn_vader_manual
afinn_very_negative,withdrawal,afinn_vader_manual
afinn_very_negative,woeful,afinn_vader_manual
afinn_very_negative,worried,afinn_vader_manual
afinn_very_negative,worries,afinn_vader_manual
afinn_very_negative,worry,afinn_vader_manual
afinn_very_negative,worrying,afinn_vader_manual
afinn_very_negative,worse,afinn_vader_manual
afinn_very_negative,worsen,afinn_vader_manual
afinn_very_negative,worsened,afinn_vader_manual
afinn_very_negative,worsening,afinn_vader_manual
afinn_very_negative,worsens,afinn_vader_manual
afinn_very_negative,worst,afinn_vader_manual
afinn_very_negative,wrathful,afinn_vader_manual
afinn_very_negative,wtf,afinn_vader_manual
afinn_very_positive,admire,afinn_vader_manual
afinn_very_positive,admired,afinn_vader_manual
afinn_very_positive,admires,afinn_vader_manual
afinn_very_positive,admiring,afinn_vader_manual
afinn_very_positive,adorable,afinn_vader_manual
afinn_very_positive,adoration,afinn_vader_manual
afinn_very_positive,adore,afinn_vader_manual
afinn_very_positive,adored,afinn_vader_manual
afinn_very_positive,adores,afinn_vader_manual
afinn_very_positive,adoring,afinn_vader_manual
afinn_very_positive,adoringly,afinn_vader_manual
afinn_very_positive,affection,afinn_vader_manual
afinn_very_positive,affectionate,afinn_vader_manual
afinn_very_positive,amazing,afinn_vader_manual
afinn_very_positive,amuse,afinn_vader_manual
afinn_very_positive,amused,afinn_vader_manual
afinn_very_positive,amusement,afinn_vader_manual
afinn_very_positive,amusements,afinn_vader_manual
afinn_very_positive,astound,afinn_vader_manual
afinn_very_positive,astounded,afinn_vader_manual
afinn_very_positive,astounding,afinn_vader_manual
afinn_very_positive,astoundingly,afinn_vader_manual
afinn_very_positive,astounds,afinn_vader_manual
afinn_very_positive,audacious,afinn_vader_manual
afinn_very_positive,award,afinn_vader_manual
afinn_very_positive,awarded,afinn_vader_manual
afinn_very_positive,awards,afinn_vader_manual
afinn_very_positive,awesome,afinn_vader_manual
afinn_very_positive,beatific,afinn_vader_manual
afinn_very_positive,beauties,afinn_vader_manual
afinn_very_positive,beautiful,afinn_vader_manual
afinn_very_positive,beautifully,afinn_vader_manual
afinn_very_positive,beautify,afinn_vader_manual
afinn_very_positive,beauty,afinn_vader_manual
afinn_very_positive,beloved,afinn_vader_manual
afinn_very_positive,benevolent,afinn_vader_manual
afinn_very_positive,best,afinn_vader_manual
afinn_very_positive,blessing,afinn_vader_manual
afinn_very_positive,blessings,afinn_vader_manual
afinn_very_positive,bliss,afinn_vader_manual
afinn_very_positive,blissful,afinn_vader_manual
afinn_very_positive,blockbuster,afinn_vader_manual
afinn_very_positive,breathtaking,afinn_vader_manual
afinn_very_positive,brilliance,afinn_vader_manual
afinn_very_positive,brilliances,afinn_vader_manual
afinn_very_positive,brilliant,afinn_vader_manual
afinn_very_positive,captivated,afinn_vader_manual
afinn_very_positive,celebrate,afinn_vader_manual
afinn_very_positive,celebrated,afinn_vader_manual
afinn_very_positive,celebrates,afinn_vader_manual
afinn_very_positive,celebrating,afinn_vader_manual
afinn_very_positive,celebration,afinn_vader_manual
afinn_very_positive,charm,afinn_vader_manual
afinn_very_positive,charming,afinn_vader_manual
afinn_very_positive,charmingly,afinn_vader_manual
afinn_very_positive,cheery,afinn_vader_manual
afinn_very_positive,classy,afinn_vader_manual
afinn_very_positive,dearly,afinn_vader_manual
afinn_very_positive,delectable,afinn_vader_manual
afinn_very_positive,delicious,afinn_vader_manual
afinn_very_positive,delight,afinn_vader_manual
afinn_very_positive,delighted,afinn_vader_manual
afinn_very_positive,delightful,afinn_vader_manual
afinn_very_positive,delightfully,afinn_vader_manual
afinn_very_positive,delighting,afinn_vader_manual
afinn_very_positive,delights,afinn_vader_manual
afinn_very_positive,devoted,afinn_vader_manual
afinn_very_positive,ecstatic,afinn_vader_manual
afinn_very_positive,elated,afinn_vader_manual
afinn_very_positive,elation,afinn_vader_manual
afinn_very_positive,enrapture,afinn_vader_manual
afinn_very_positive,enthral,afinn_vader_manual
afinn_very_positive,enthusiastic,afinn_vader_manual
afinn_very_positive,euphoria,afinn_vader_manual
afinn_very_positive,euphoric,afinn_vader_manual
afinn_very_positive,excellence,afinn_vader_manual
afinn_very_positive,excellent,afinn_vader_manual
afinn_very_positive,excite,afinn_vader_manual
afinn_very_positive,excited,afinn_vader_manual
afinn_very_positive,excitement,afinn_vader_manual
afinn_very_positive,exciting,afinn_vader_manual
afinn_very_positive,exhilarated,afinn_vader_manual
afinn_very_positive,exhilarates,afinn_vader_manual
afinn_very_positive,exhilarating,afinn_vader_manual
afinn_very_positive,exquisite,afinn_vader_manual
afinn_very_positive,exuberant,afinn_vader_manual
afinn_very_positive,exultant,afinn_vader_manual
afinn_very_positive,exultantly,afinn_vader_manual
afinn_very_positive,fabulous,afinn_vader_manual
afinn_very_positive,faithful,afinn_vader_manual
afinn_very_positive,fan,afinn_vader_manual
afinn_very_positive,fantastic,afinn_vader_manual
afinn_very_positive,fascinate,afinn_vader_manual
afinn_very_positive,fascinated,afinn_vader_manual
afinn_very_positive,fascinates,afinn_vader_manual
afinn_very_positive,fascinating,afinn_vader_manual
afinn_very_positive,fascination,afinn_vader_manual
afinn_very_positive,ftw,afinn_vader_manual
afinn_very_positive,fun,afinn_vader_manual
afinn_very_positive,funnier,afinn_vader_manual
afinn_very_positive,funny,afinn_vader_manual
afinn_very_positive,gallant,afinn_vader_manual
afinn_very_positive,gallantly,afinn_vader_manual
afinn_very_positive,gallantry,afinn_vader_manual
afinn_very_positive,gem,afinn_vader_manual
afinn_very_positive,genial,afinn_vader_manual
afinn_very_positive,glad,afinn_vader_manual
afinn_very_positive,glamorous,afinn_vader_manual
afinn_very_positive,glamourous,afinn_vader_manual
afinn_very_positive,glee,afinn_vader_manual
afinn_very_positive,gleeful,afinn_vader_manual
afinn_very_positive,godsend,afinn_vader_manual
afinn_very_positive,good,afinn_vader_manual
afinn_very_positive,goodness,afinn_vader_manual
afinn_very_positive,goodwill,afinn_vader_manual
afinn_very_positive,gr8,afinn_vader_manual
afinn_very_positive,gracious,afinn_vader_manual
afinn_very_positive,grand,afinn_vader_manual
afinn_very_positive,grateful,afinn_vader_manual
afinn_very_positive,great,afinn_vader_manual
afinn_very_positive,greater,afinn_vader_manual
afinn_very_positive,greatest,afinn_vader_manual
afinn_very_positive,haha,afinn_vader_manual
afinn_very_positive,hahaha,afinn_vader_manual
afinn_very_positive,hallelujah,afinn_vader_manual
afinn_very_positive,handsome,afinn_vader_manual
afinn_very_positive,happiest,afinn_vader_manual
afinn_very_positive,happiness,afinn_vader_manual
afinn_very_positive,happy,afinn_vader_manual
afinn_very_positive,heartfelt,afinn_vader_manual
afinn_very_positive,heartwarming,afinn_vader_manual
afinn_very_positive,heavenly,afinn_vader_manual
afinn_very_positive,heroic,afinn_vader_manual
afinn_very_positive,humerous,afinn_vader_manual
afinn_very_positive,hurrah,afinn_vader_manual
afinn_very_positive,impress,afinn_vader_manual
afinn_very_positive,impressed,afinn_vader_manual
afinn_very_positive,impresses,afinn_vader_manual
afinn_very_positive,impressive,afinn_vader_manual
afinn_very_positive,inspiring,afinn_vader_manual
afinn_very_positive,joy,afinn_vader_manual
afinn_very_positive,joyful,afinn_vader_manual
afinn_very_positive,joyfully,afinn_vader_manual
afinn_very_positive,joyous,afinn_vader_manual
afinn_very_positive,jubilant,afinn_vader_manual
afinn_very_positive,kudos,afinn_vader_manual
afinn_very_positive,lawl,afinn_vader_manual
afinn_very_positive,lifesaver,afinn_vader_manual
afinn_very_positive,lmao,afinn_vader_manual
afinn_very_positive,lmfao,afinn_vader_manual
afinn_very_positive,lol,afinn_vader_manual
afinn_very_positive,lovable,afinn_vader_manual
afinn_very_positive,love,afinn_vader_manual
afinn_very_positive,loved,afinn_vader_manual
afinn_very_positive,lovelies,afinn_vader_manual
afinn_very_positive,lovely,afinn_vader_manual
afinn_very_positive,loves,afinn_vader_manual
afinn_very_positive,loyal,afinn_vader_manual
afinn_very_positive,loyalty,afinn_vader_manual
afinn_very_positive,luck,afinn_vader_manual
afinn_very_positive,luckily,afinn_vader_manual
afinn_very_positive,lucky,afinn_vader_manual
afinn_very_positive,magnificent,afinn_vader_manual
afinn_very_positive,marvel,afinn_vader_manual
afinn_very_positive,marvelous,afinn_vader_manual
afinn_very_positive,marvels,afinn_vader_manual
afinn_very_positive,masterpiece,afinn_vader_manual
afinn_very_positive,masterpieces,afinn_vader_manual
afinn_very_positive,medal,afinn_vader_manual
afinn_very_positive,merry,afinn_vader_manual
afinn_very_positive,miracle,afinn_vader_manual
afinn_very_positive,mirth,afinn_vader_manual
afinn_very_positive,mirthful,afinn_vader_manual
afinn_very_positive,mirthfully,afinn_vader_manual
afinn_very_positive,nice,afinn_vader_manual
afinn_very_positive,ominous,afinn_vader_manual
afinn_very_positive,once-in-a-lifetime,afinn_vader_manual
afinn_very_positive,outstanding,afinn_vader_manual
afinn_very_positive,overjoyed,afinn_vader_manual
afinn_very_positive,paradise,afinn_vader_manual
afinn_very_positive,perfect,afinn_vader_manual
afinn_very_positive,perfection,afinn_vader_manual
afinn_very_positive,perfectly,afinn_vader_manual
afinn_very_positive,pleasant,afinn_vader_manual
afinn_very_positive,pleased,afinn_vader_manual
afinn_very_positive,pleasurable,afinn_vader_manual
afinn_very_positive,pleasure,afinn_vader_manual
afinn_very_positive,popular,afinn_vader_manual
afinn_very_positive,popularity,afinn_vader_manual
afinn_very_positive,praise,afinn_vader_manual
afinn_very_positive,praised,afinn_vader_manual
afinn_very_positive,praises,afinn_vader_manual
afinn_very_positive,praising,afinn_vader_manual
afinn_very_positive,prosperity,afinn_vader_manual
afinn_very_positive,prosperous,afinn_vader_manual
afinn_very_positive,rapturous,afinn_vader_manual
afinn_very_positive,rejoice,afinn_vader_manual
afinn_very_positive,rejoiced,afinn_vader_manual
afinn_very_positive,rejoices,afinn_vader_manual
afinn_very_positive,rejoicing,afinn_vader_manual
afinn_very_positive,rigorous,afinn_vader_manual
afinn_very_positive,rigorously,afinn_vader_manual
afinn_very_positive,riveting,afinn_vader_manual
afinn_very_positive,rofl,afinn_vader_manual
afinn_very_positive,roflcopter,afinn_vader_manual
afinn_very_positive,roflmao,afinn_vader_manual
afinn_very_positive,rotfl,afinn_vader_manual
afinn_very_positive,rotflmfao,afinn_vader_manual
afinn_very_positive,rotflol,afinn_vader_manual
afinn_very_positive,scoop,afinn_vader_manual
afinn_very_positive,sexy,afinn_vader_manual
afinn_very_positive,soothe,afinn_vader_manual
afinn_very_positive,soothed,afinn_vader_manual
afinn_very_positive,soothing,afinn_vader_manual
afinn_very_positive,sparkle,afinn_vader_manual
afinn_very_positive,sparkles,afinn_vader_manual
afinn_very_positive,sparkling,afinn_vader_manual
afinn_very_positive,splendid,afinn_vader_manual
afinn_very_positive,startling,afinn_vader_manual
afinn_very_positive,stunning,afinn_vader_manual
afinn_very_positive,succeed,afinn_vader_manual
afinn_very_positive,succeeded,afinn_vader_manual
afinn_very_positive,succeeding,afinn_vader_manual
afinn_very_positive,succeeds,afinn_vader_manual
afinn_very_positive,successful,afinn_vader_manual
afinn_very_positive,successfully,afinn_vader_manual
afinn_very_positive,super,afinn_vader_manual
afinn_very_positive,superb,afinn_vader_manual
afinn_very_positive,supreme,afinn_vader_manual
afinn_very_positive,terrific,afinn_vader_manual
afinn_very_positive,terrifically,afinn_vader_manual
afinn_very_positive,thrilled,afinn_vader_manual
afinn_very_positive,triumph,afinn_vader_manual
afinn_very_positive,triumphant,afinn_vader_manual
afinn_very_positive,vibrant,afinn_vader_manual
afinn_very_positive,victor,afinn_vader_manual
afinn_very_positive,victory,afinn_vader_manual
afinn_very_positive,vigilant,afinn_vader_manual
afinn_very_positive,vigor,afinn_vader_manual
afinn_very_positive,visionary,afinn_vader_manual
afinn_very_positive,vitality,afinn_vader_manual
afinn_very_positive,vivacious,afinn_vader_manual
afinn_very_positive,wealth,afinn_vader_manual
afinn_very_positive,win,afinn_vader_manual
afinn_very_positive,winner,afinn_vader_manual
afinn_very_positive,winning,afinn_vader_manual
afinn_very_positive,wins,afinn_vader_manual
afinn_very_positive,won,afinn_vader_manual
afinn_very_positive,wonderful,afinn_vader_manual
afinn_very_positive,wonderfully,afinn_vader_manual
afinn_very_positive,woo,afinn_vader_manual
afinn_very_positive,woohoo,afinn_vader_manual
afinn_very_positive,worshiped,afinn_vader_manual
afinn_very_positive,wow,afinn_vader_manual
afinn_very_positive,xoxo,afinn_vader_manual
afinn_very_positive,yummy,afinn_vader_manual
anger_extended,aggravated,afinn_vader_manual
anger_extended,agitated,afinn_vader_manual
anger_extended,angry,afinn_vader_manual
anger_extended,annoyed,afinn_vader_manual
anger_extended,antagonistic,afinn_vader_manual
anger_extended,at the end of one's rope,afinn_vader_manual
anger_extended,belligerent,afinn_vader_manual
anger_extended,bitter,afinn_vader_manual
anger_extended,blowing a fuse,afinn_vader_manual
anger_extended,boiling,afinn_vader_manual
anger_extended,enraged,afinn_vader_manual
anger_extended,exasperated,afinn_vader_manual
anger_extended,fired up,afinn_vader_manual
anger_extended,fit to be tied,afinn_vader_manual
anger_extended,frustrated,afinn_vader_manual
anger_extended,fuming,afinn_vader_manual
anger_extended,furious,afinn_vader_manual
anger_extended,heated,afinn_vader_manual
anger_extended,hostile,afinn_vader_manual
anger_extended,hot under the collar,afinn_vader_manual
anger_extended,incensed,afinn_vader_manual
anger_extended,indignant,afinn_vader_manual
anger_extended,infuriated,afinn_vader_manual
anger_extended,insulted,afinn_vader_manual
anger_extended,irate,afinn_vader_manual
anger_extended,irritated,afinn_vader_manual
anger_extended,livid,afinn_vader_manual
anger_extended,murderous,afinn_vader_manual
anger_extended,offended,afinn_vader_manual
anger_extended,outraged,afinn_vader_manual
anger_extended,provoked,afinn_vader_manual
anger_extended,resentful,afinn_vader_manual
anger_extended,riled up,afinn_vader_manual
anger_extended,seeing red,afinn_vader_manual
anger_extended,seething,afinn_vader_manual
anger_extended,spiteful,afinn_vader_manual
anger_extended,vengeful,afinn_vader_manual
anger_extended,vindictive,afinn_vader_manual
anger_extended,worked up,afinn_vader_manual
anger_extended,wound up,afinn_vader_manual
anger_extended,wrathful,afinn_vader_manual
anticipation_extended,anticipating,afinn_vader_manual
anticipation_extended,anxious,afinn_vader_manual
anticipation_extended,apprehensive,afinn_vader_manual
anticipation_extended,awaiting,afinn_vader_manual
anticipation_extended,can't wait,afinn_vader_manual
anticipation_extended,counting down,afinn_vader_manual
anticipation_extended,craving,afinn_vader_manual
anticipation_extended,desiring,afinn_vader_manual
anticipation_extended,eager,afinn_vader_manual
anticipation_extended,enthusiastic,afinn_vader_manual
anticipation_extended,excited,afinn_vader_manual
anticipation_extended,expecting,afinn_vader_manual
anticipation_extended,hoping,afinn_vader_manual
anticipation_extended,impatient,afinn_vader_manual
anticipation_extended,itching,afinn_vader_manual
anticipation_extended,longing,afinn_vader_manual
anticipation_extended,looking forward,afinn_vader_manual
anticipation_extended,nervous,afinn_vader_manual
anticipation_extended,on the edge of one's seat,afinn_vader_manual
anticipation_extended,optimistic,afinn_vader_manual
anticipation_extended,restless,afinn_vader_manual
anticipation_extended,suspenseful,afinn_vader_manual
anticipation_extended,tense,afinn_vader_manual
anticipation_extended,wanting,afinn_vader_manual
anticipation_extended,wishing,afinn_vader_manual
anticipation_extended,yearning,afinn_vader_manual
boredom_apathy,apathetic,afinn_vader_manual
boredom_apathy,bored,afinn_vader_manual
boredom_apathy,burnt out,afinn_vader_manual
boredom_apathy,detached,afinn_vader_manual
boredom_apathy,disconnected,afinn_vader_manual
boredom_apathy,drained,afinn_vader_manual
boredom_apathy,dull,afinn_vader_manual
boredom_apathy,exhausted,afinn_vader_manual
boredom_apathy,fatigued,afinn_vader_manual
boredom_apathy,indifferent,afinn_vader_manual
boredom_apathy,lethargic,afinn_vader_manual
boredom_apathy,listless,afinn_vader_manual
boredom_apathy,monotonous,afinn_vader_manual
boredom_apathy,numb,afinn_vader_manual
boredom_apathy,sluggish,afinn_vader_manual
boredom_apathy,tedious,afinn_vader_manual
boredom_apathy,uninspired,afinn_vader_manual
boredom_apathy,uninterested,afinn_vader_manual
boredom_apathy,unmotivated,afinn_vader_manual
boredom_apathy,weary,afinn_vader_manual
confusion_uncertainty,ambivalent,afinn_vader_manual
confusion_uncertainty,baffled,afinn_vader_manual
confusion_uncertainty,bewildered,afinn_vader_manual
confusion_uncertainty,conflicted,afinn_vader_manual
confusion_uncertainty,confused,afinn_vader_manual
confusion_uncertainty,discombobulated,afinn_vader_manual
confusion_uncertainty,disoriented,afinn_vader_manual
confusion_uncertainty,doubtful,afinn_vader_manual
confusion_uncertainty,flustered,afinn_vader_manual
confusion_uncertainty,hesitant,afinn_vader_manual
confusion_uncertainty,indecisive,afinn_vader_manual
confusion_uncertainty,lost,afinn_vader_manual
confusion_uncertainty,overwhelmed,afinn_vader_manual
confusion_uncertainty,perplexed,afinn_vader_manual
confusion_uncertainty,puzzled,afinn_vader_manual
confusion_uncertainty,rattled,afinn_vader_manual
confusion_uncertainty,torn,afinn_vader_manual
confusion_uncertainty,uncertain,afinn_vader_manual
confusion_uncertainty,unsure,afinn_vader_manual
disgust_extended,abhorrent,afinn_vader_manual
disgust_extended,appalled,afinn_vader_manual
disgust_extended,contemptuous,afinn_vader_manual
disgust_extended,detesting,afinn_vader_manual
disgust_extended,disdainful,afinn_vader_manual
disgust_extended,disgusted,afinn_vader_manual
disgust_extended,grossed out,afinn_vader_manual
disgust_extended,horrified,afinn_vader_manual
disgust_extended,loathing,afinn_vader_manual
disgust_extended,nauseated,afinn_vader_manual
disgust_extended,put off,afinn_vader_manual
disgust_extended,queasy,afinn_vader_manual
disgust_extended,repelled,afinn_vader_manual
disgust_extended,repulsed,afinn_vader_manual
disgust_extended,revolted,afinn_vader_manual
disgust_extended,scornful,afinn_vader_manual
disgust_extended,sick to one's stomach,afinn_vader_manual
disgust_extended,sickened,afinn_vader_manual
disgust_extended,sneering,afinn_vader_manual
disgust_extended,squeamish,afinn_vader_manual
disgust_extended,turned off,afinn_vader_manual
fear_extended,afraid,afinn_vader_manual
fear_extended,agoraphobic,afinn_vader_manual
fear_extended,alarmed,afinn_vader_manual
fear_extended,anxious,afinn_vader_manual
fear_extended,apprehensive,afinn_vader_manual
fear_extended,butterflies in stomach,afinn_vader_manual
fear_extended,claustrophobic,afinn_vader_manual
fear_extended,creeped out,afinn_vader_manual
fear_extended,dreadful,afinn_vader_manual
fear_extended,dreading,afinn_vader_manual
fear_extended,fearing,afinn_vader_manual
fear_extended,freaked out,afinn_vader_manual
fear_extended,frightened,afinn_vader_manual
fear_extended,frozen with fear,afinn_vader_manual
fear_extended,horrified,afinn_vader_manual
fear_extended,hysterical,afinn_vader_manual
fear_extended,insecure,afinn_vader_manual
fear_extended,intimidated,afinn_vader_manual
fear_extended,nervous,afinn_vader_manual
fear_extended,on edge,afinn_vader_manual
fear_extended,panic-stricken,afinn_vader_manual
fear_extended,panicked,afinn_vader_manual
fear_extended,paranoid,afinn_vader_manual
fear_extended,petrified,afinn_vader_manual
fear_extended,phobic,afinn_vader_manual
fear_extended,scared,afinn_vader_manual
fear_extended,scared stiff,afinn_vader_manual
fear_extended,shaking,afinn_vader_manual
fear_extended,shaking in one's boots,afinn_vader_manual
fear_extended,shocked,afinn_vader_manual
fear_extended,spooked,afinn_vader_manual
fear_extended,startled,afinn_vader_manual
fear_extended,terrified,afinn_vader_manual
fear_extended,threatened,afinn_vader_manual
fear_extended,trembling,afinn_vader_manual
fear_extended,uneasy,afinn_vader_manual
fear_extended,vulnerable,afinn_vader_manual
fear_extended,walking on eggshells,afinn_vader_manual
fear_extended,worried,afinn_vader_manual
gratitude_appreciation,appreciative,afinn_vader_manual
gratitude_appreciation,blessed,afinn_vader_manual
gratitude_appreciation,grateful,afinn_vader_manual
gratitude_appreciation,honored,afinn_vader_manual
gratitude_appreciation,humbled,afinn_vader_manual
gratitude_appreciation,indebted,afinn_vader_manual
gratitude_appreciation,moved,afinn_vader_manual
gratitude_appreciation,privileged,afinn_vader_manual
gratitude_appreciation,thankful,afinn_vader_manual
gratitude_appreciation,touched,afinn_vader_manual
jealousy_envy,begrudging,afinn_vader_manual
jealousy_envy,covetous,afinn_vader_manual
jealousy_envy,envious,afinn_vader_manual
jealousy_envy,green with envy,afinn_vader_manual
jealousy_envy,green-eyed,afinn_vader_manual
jealousy_envy,jealous,afinn_vader_manual
jealousy_envy,possessive,afinn_vader_manual
jealousy_envy,resentful,afinn_vader_manual
joy_extended,alive,afinn_vader_manual
joy_extended,amazing,afinn_vader_manual
joy_extended,amused,afinn_vader_manual
joy_extended,awesome,afinn_vader_manual
joy_extended,beaming,afinn_vader_manual
joy_extended,blessed,afinn_vader_manual
joy_extended,blissful,afinn_vader_manual
joy_extended,carefree,afinn_vader_manual
joy_extended,cheerful,afinn_vader_manual
joy_extended,content,afinn_vader_manual
joy_extended,delighted,afinn_vader_manual
joy_extended,ecstatic,afinn_vader_manual
joy_extended,elated,afinn_vader_manual
joy_extended,encouraged,afinn_vader_manual
joy_extended,energized,afinn_vader_manual
joy_extended,entertained,afinn_vader_manual
joy_extended,euphoric,afinn_vader_manual
joy_extended,exhilarated,afinn_vader_manual
joy_extended,fantastic,afinn_vader_manual
joy_extended,fortunate,afinn_vader_manual
joy_extended,gleeful,afinn_vader_manual
joy_extended,grateful,afinn_vader_manual
joy_extended,great,afinn_vader_manual
joy_extended,grinning,afinn_vader_manual
joy_extended,happy,afinn_vader_manual
joy_extended,hopeful,afinn_vader_manual
joy_extended,in high spirits,afinn_vader_manual
joy_extended,inspired,afinn_vader_manual
joy_extended,joyful,afinn_vader_manual
joy_extended,jubilant,afinn_vader_manual
joy_extended,laughing,afinn_vader_manual
joy_extended,lighthearted,afinn_vader_manual
joy_extended,lucky,afinn_vader_manual
joy_extended,merry,afinn_vader_manual
joy_extended,motivated,afinn_vader_manual
joy_extended,on cloud nine,afinn_vader_manual
joy_extended,on top of the world,afinn_vader_manual
joy_extended,optimistic,afinn_vader_manual
joy_extended,over the moon,afinn_vader_manual
joy_extended,overjoyed,afinn_vader_manual
joy_extended,playful,afinn_vader_manual
joy_extended,pleased,afinn_vader_manual
joy_extended,radiant,afinn_vader_manual
joy_extended,satisfied,afinn_vader_manual
joy_extended,superb,afinn_vader_manual
joy_extended,terrific,afinn_vader_manual
joy_extended,thankful,afinn_vader_manual
joy_extended,thrilled,afinn_vader_manual
joy_extended,tickled pink,afinn_vader_manual
joy_extended,upbeat,afinn_vader_manual
joy_extended,walking on air,afinn_vader_manual
joy_extended,wonderful,afinn_vader_manual
loneliness_isolation,abandoned,afinn_vader_manual
loneliness_isolation,alienated,afinn_vader_manual
loneliness_isolation,alone,afinn_vader_manual
loneliness_isolation,cut off,afinn_vader_manual
loneliness_isolation,desolate,afinn_vader_manual
loneliness_isolation,disconnected,afinn_vader_manual
loneliness_isolation,estranged,afinn_vader_manual
loneliness_isolation,excluded,afinn_vader_manual
loneliness_isolation,forsaken,afinn_vader_manual
loneliness_isolation,homesick,afinn_vader_manual
loneliness_isolation,isolated,afinn_vader_manual
loneliness_isolation,lonely,afinn_vader_manual
loneliness_isolation,missing someone,afinn_vader_manual
loneliness_isolation,ostracized,afinn_vader_manual
loneliness_isolation,rejected,afinn_vader_manual
loneliness_isolation,solitary,afinn_vader_manual
love_affection,adoring,afinn_vader_manual
love_affection,affectionate,afinn_vader_manual
love_affection,attached,afinn_vader_manual
love_affection,besotted,afinn_vader_manual
love_affection,bonded,afinn_vader_manual
love_affection,caring,afinn_vader_manual
love_affection,cherishing,afinn_vader_manual
love_affection,compassionate,afinn_vader_manual
love_affection,connected,afinn_vader_manual
love_affection,crazy about,afinn_vader_manual
love_affection,devoted,afinn_vader_manual
love_affection,empathetic,afinn_vader_manual
love_affection,falling for,afinn_vader_manual
love_affection,fond,afinn_vader_manual
love_affection,head over heels,afinn_vader_manual
love_affection,infatuated,afinn_vader_manual
love_affection,love,afinn_vader_manual
love_affection,loving,afinn_vader_manual
love_affection,madly in love,afinn_vader_manual
love_affection,passionate,afinn_vader_manual
love_affection,romantic,afinn_vader_manual
love_affection,smitten,afinn_vader_manual
love_affection,swept off feet,afinn_vader_manual
love_affection,tender,afinn_vader_manual
love_affection,warm,afinn_vader_manual
pride_confidence,accomplished,afinn_vader_manual
pride_confidence,admired,afinn_vader_manual
pride_confidence,bold,afinn_vader_manual
pride_confidence,brave,afinn_vader_manual
pride_confidence,capable,afinn_vader_manual
pride_confidence,competent,afinn_vader_manual
pride_confidence,confident,afinn_vader_manual
pride_confidence,courageous,afinn_vader_manual
pride_confidence,dignified,afinn_vader_manual
pride_confidence,empowered,afinn_vader_manual
pride_confidence,esteemed,afinn_vader_manual
pride_confidence,honored,afinn_vader_manual
pride_confidence,proud,afinn_vader_manual
pride_confidence,respected,afinn_vader_manual
pride_confidence,self-assured,afinn_vader_manual
pride_confidence,strong,afinn_vader_manual
pride_confidence,successful,afinn_vader_manual
pride_confidence,triumphant,afinn_vader_manual
pride_confidence,victorious,afinn_vader_manual
pride_confidence,worthy,afinn_vader_manual
sadness_extended,abandoned,afinn_vader_manual
sadness_extended,bleak,afinn_vader_manual
sadness_extended,broken,afinn_vader_manual
sadness_extended,brokenhearted,afinn_vader_manual
sadness_extended,crestfallen,afinn_vader_manual
sadness_extended,crushed,afinn_vader_manual
sadness_extended,crying,afinn_vader_manual
sadness_extended,dejected,afinn_vader_manual
sadness_extended,depressed,afinn_vader_manual
sadness_extended,despairing,afinn_vader_manual
sadness_extended,despondent,afinn_vader_manual
sadness_extended,devastated,afinn_vader_manual
sadness_extended,disappointed,afinn_vader_manual
sadness_extended,disillusioned,afinn_vader_manual
sadness_extended,dismal,afinn_vader_manual
sadness_extended,down in the dumps,afinn_vader_manual
sadness_extended,downhearted,afinn_vader_manual
sadness_extended,feeling blue,afinn_vader_manual
sadness_extended,forsaken,afinn_vader_manual
sadness_extended,fragile,afinn_vader_manual
sadness_extended,gloomy,afinn_vader_manual
sadness_extended,grieving,afinn_vader_manual
sadness_extended,heartbroken,afinn_vader_manual
sadness_extended,heavy-hearted,afinn_vader_manual
sadness_extended,helpless,afinn_vader_manual
sadness_extended,homesick,afinn_vader_manual
sadness_extended,hopeless,afinn_vader_manual
sadness_extended,isolated,afinn_vader_manual
sadness_extended,let down,afinn_vader_manual
sadness_extended,lonely,afinn_vader_manual
sadness_extended,longing,afinn_vader_manual
sadness_extended,melancholy,afinn_vader_manual
sadness_extended,miserable,afinn_vader_manual
sadness_extended,mournful,afinn_vader_manual
sadness_extended,neglected,afinn_vader_manual
sadness_extended,nostalgic,afinn_vader_manual
sadness_extended,pathetic,afinn_vader_manual
sadness_extended,pining,afinn_vader_manual
sadness_extended,pitiful,afinn_vader_manual
sadness_extended,powerless,afinn_vader_manual
sadness_extended,sad,afinn_vader_manual
sadness_extended,sobbing,afinn_vader_manual
sadness_extended,somber,afinn_vader_manual
sadness_extended,sorrowful,afinn_vader_manual
sadness_extended,tearful,afinn_vader_manual
sadness_extended,unhappy,afinn_vader_manual
sadness_extended,vulnerable,afinn_vader_manual
sadness_extended,weeping,afinn_vader_manual
sadness_extended,whimpering,afinn_vader_manual
sadness_extended,woeful,afinn_vader_manual
sadness_extended,wretched,afinn_vader_manual
sadness_extended,yearning,afinn_vader_manual
shame_guilt,apologetic,afinn_vader_manual
shame_guilt,ashamed,afinn_vader_manual
shame_guilt,degraded,afinn_vader_manual
shame_guilt,disgraced,afinn_vader_manual
shame_guilt,dishonored,afinn_vader_manual
shame_guilt,embarrassed,afinn_vader_manual
shame_guilt,exposed,afinn_vader_manual
shame_guilt,guilty,afinn_vader_manual
shame_guilt,humiliated,afinn_vader_manual
shame_guilt,inadequate,afinn_vader_manual
shame_guilt,judged,afinn_vader_manual
shame_guilt,mortified,afinn_vader_manual
shame_guilt,regretful,afinn_vader_manual
shame_guilt,remorseful,afinn_vader_manual
shame_guilt,self-conscious,afinn_vader_manual
shame_guilt,sheepish,afinn_vader_manual
shame_guilt,sorry,afinn_vader_manual
shame_guilt,stigmatized,afinn_vader_manual
shame_guilt,unworthy,afinn_vader_manual
stress_anxiety,anxious,afinn_vader_manual
stress_anxiety,at wit's end,afinn_vader_manual
stress_anxiety,burned out,afinn_vader_manual
stress_anxiety,cold sweat,afinn_vader_manual
stress_anxiety,frantic,afinn_vader_manual
stress_anxiety,frazzled,afinn_vader_manual
stress_anxiety,heart racing,afinn_vader_manual
stress_anxiety,hyperventilating,afinn_vader_manual
stress_anxiety,overloaded,afinn_vader_manual
stress_anxiety,overwhelmed,afinn_vader_manual
stress_anxiety,panicky,afinn_vader_manual
stress_anxiety,pressured,afinn_vader_manual
stress_anxiety,strained,afinn_vader_manual
stress_anxiety,stressed,afinn_vader_manual
stress_anxiety,stressed out,afinn_vader_manual
stress_anxiety,stretched thin,afinn_vader_manual
stress_anxiety,swamped,afinn_vader_manual
stress_anxiety,tense,afinn_vader_manual
stress_anxiety,worried sick,afinn_vader_manual
surprise_extended,amazed,afinn_vader_manual
surprise_extended,astonished,afinn_vader_manual
surprise_extended,astounded,afinn_vader_manual
surprise_extended,baffled,afinn_vader_manual
surprise_extended,bewildered,afinn_vader_manual
surprise_extended,blindsided,afinn_vader_manual
surprise_extended,caught off guard,afinn_vader_manual
surprise_extended,confounded,afinn_vader_manual
surprise_extended,disbelieving,afinn_vader_manual
surprise_extended,dumbfounded,afinn_vader_manual
surprise_extended,eye-opening,afinn_vader_manual
surprise_extended,flabbergasted,afinn_vader_manual
surprise_extended,floored,afinn_vader_manual
surprise_extended,gobsmacked,afinn_vader_manual
surprise_extended,incredulous,afinn_vader_manual
surprise_extended,jaw-dropping,afinn_vader_manual
surprise_extended,jolted,afinn_vader_manual
surprise_extended,mind-blowing,afinn_vader_manual
surprise_extended,mind-boggling,afinn_vader_manual
surprise_extended,mystified,afinn_vader_manual
surprise_extended,perplexed,afinn_vader_manual
surprise_extended,shell-shocked,afinn_vader_manual
surprise_extended,speechless,afinn_vader_manual
surprise_extended,startled,afinn_vader_manual
surprise_extended,stunned,afinn_vader_manual
surprise_extended,surprised,afinn_vader_manual
surprise_extended,taken aback,afinn_vader_manual
surprise_extended,thunderstruck,afinn_vader_manual
surprise_extended,unexpected,afinn_vader_manual
surprise_extended,wide-eyed,afinn_vader_manual
trust_extended,assured,afinn_vader_manual
trust_extended,at ease,afinn_vader_manual
trust_extended,believing,afinn_vader_manual
trust_extended,calm,afinn_vader_manual
trust_extended,certain,afinn_vader_manual
trust_extended,comfortable,afinn_vader_manual
trust_extended,committed,afinn_vader_manual
trust_extended,confident,afinn_vader_manual
trust_extended,convinced,afinn_vader_manual
trust_extended,dependable,afinn_vader_manual
trust_extended,devoted,afinn_vader_manual
trust_extended,faithful,afinn_vader_manual
trust_extended,genuine,afinn_vader_manual
trust_extended,honest,afinn_vader_manual
trust_extended,loyal,afinn_vader_manual
trust_extended,peaceful,afinn_vader_manual
trust_extended,positive,afinn_vader_manual
trust_extended,relaxed,afinn_vader_manual
trust_extended,reliable,afinn_vader_manual
trust_extended,safe,afinn_vader_manual
trust_extended,secure,afinn_vader_manual
trust_extended,sincere,afinn_vader_manual
trust_extended,sure,afinn_vader_manual
trust_extended,trusting,afinn_vader_manual
trust_extended,trustworthy,afinn_vader_manual
vader_negative,abandon,afinn_vader_manual
vader_negative,abandons,afinn_vader_manual
vader_negative,absentee,afinn_vader_manual
vader_negative,absentees,afinn_vader_manual
vader_negative,accidental,afinn_vader_manual
vader_negative,accidentally,afinn_vader_manual
vader_negative,accidents,afinn_vader_manual
vader_negative,accusation,afinn_vader_manual
vader_negative,accusations,afinn_vader_manual
vader_negative,accuse,afinn_vader_manual
vader_negative,accused,afinn_vader_manual
vader_negative,accuses,afinn_vader_manual
vader_negative,accusing,afinn_vader_manual
vader_negative,ache,afinn_vader_manual
vader_negative,acrimonious,afinn_vader_manual
vader_negative,admonished,afinn_vader_manual
vader_negative,adversary,afinn_vader_manual
vader_negative,adverse,afinn_vader_manual
vader_negative,adversity,afinn_vader_manual
vader_negative,affected,afinn_vader_manual
vader_negative,afflicted,afinn_vader_manual
vader_negative,aggravated,afinn_vader_manual
vader_negative,aggravates,afinn_vader_manual
vader_negative,aggravating,afinn_vader_manual
vader_negative,aggression,afinn_vader_manual
vader_negative,aggressions,afinn_vader_manual
vader_negative,aggressive,afinn_vader_manual
vader_negative,aggressiveness,afinn_vader_manual
vader_negative,aggressor,afinn_vader_manual
vader_negative,aghast,afinn_vader_manual
vader_negative,agitation,afinn_vader_manual
vader_negative,agonising,afinn_vader_manual
vader_negative,agony,afinn_vader_manual
vader_negative,alarm,afinn_vader_manual
vader_negative,alarmed,afinn_vader_manual
vader_negative,alarming,afinn_vader_manual
vader_negative,alarmists,afinn_vader_manual
vader_negative,alas,afinn_vader_manual
vader_negative,alienation,afinn_vader_manual
vader_negative,allergic,afinn_vader_manual
vader_negative,alone,afinn_vader_manual
vader_negative,anguished,afinn_vader_manual
vader_negative,animosity,afinn_vader_manual
vader_negative,annoy,afinn_vader_manual
vader_negative,annoyance,afinn_vader_manual
vader_negative,annoyed,afinn_vader_manual
vader_negative,annoying,afinn_vader_manual
vader_negative,annoys,afinn_vader_manual
vader_negative,antagonism,afinn_vader_manual
vader_negative,antagonist,afinn_vader_manual
vader_negative,antagonistic,afinn_vader_manual
vader_negative,anti,afinn_vader_manual
vader_negative,anxiety,afinn_vader_manual
vader_negative,anxious,afinn_vader_manual
vader_negative,apathetic,afinn_vader_manual
vader_negative,apathy,afinn_vader_manual
vader_negative,apeshit,afinn_vader_manual
vader_negative,apologizing,afinn_vader_manual
vader_negative,appalling,afinn_vader_manual
vader_negative,argue,afinn_vader_manual
vader_negative,argument,afinn_vader_manual
vader_negative,argumentative,afinn_vader_manual
vader_negative,arguments,afinn_vader_manual
vader_negative,arrest,afinn_vader_manual
vader_negative,arrests,afinn_vader_manual
vader_negative,attacks,afinn_vader_manual
vader_negative,aversion,afinn_vader_manual
vader_negative,avert,afinn_vader_manual
vader_negative,averted,afinn_vader_manual
vader_negative,averts,afinn_vader_manual
vader_negative,avoid,afinn_vader_manual
vader_negative,avoidance,afinn_vader_manual
vader_negative,avoided,afinn_vader_manual
vader_negative,avoiding,afinn_vader_manual
vader_negative,avoids,afinn_vader_manual
vader_negative,awaited,afinn_vader_manual
vader_negative,awkward,afinn_vader_manual
vader_negative,awkwardness,afinn_vader_manual
vader_negative,axe,afinn_vader_manual
vader_negative,axed,afinn_vader_manual
vader_negative,backs,afinn_vader_manual
vader_negative,bailout,afinn_vader_manual
vader_negative,bamboozle,afinn_vader_manual
vader_negative,bamboozled,afinn_vader_manual
vader_negative,bamboozles,afinn_vader_manual
vader_negative,banish,afinn_vader_manual
vader_negative,barrier,afinn_vader_manual
vader_negative,battle,afinn_vader_manual
vader_negative,battled,afinn_vader_manual
vader_negative,battlefield,afinn_vader_manual
vader_negative,battles,afinn_vader_manual
vader_negative,battling,afinn_vader_manual
vader_negative,beaten,afinn_vader_manual
vader_negative,belittle,afinn_vader_manual
vader_negative,bereaves,afinn_vader_manual
vader_negative,bereaving,afinn_vader_manual
vader_negative,bias,afinn_vader_manual
vader_negative,biased,afinn_vader_manual
vader_negative,bitter,afinn_vader_manual
vader_negative,bitterness,afinn_vader_manual
vader_negative,bizarre,afinn_vader_manual
vader_negative,blah,afinn_vader_manual
vader_negative,blame,afinn_vader_manual
vader_negative,blames,afinn_vader_manual
vader_negative,blind,afinn_vader_manual
vader_negative,block,afinn_vader_manual
vader_negative,blocked,afinn_vader_manual
vader_negative,blocking,afinn_vader_manual
vader_negative,blocks,afinn_vader_manual
vader_negative,bloody,afinn_vader_manual
vader_negative,blurry,afinn_vader_manual
vader_negative,bore,afinn_vader_manual
vader_negative,bored,afinn_vader_manual
vader_negative,boredom,afinn_vader_manual
vader_negative,boring,afinn_vader_manual
vader_negative,bother,afinn_vader_manual
vader_negative,bothered,afinn_vader_manual
vader_negative,bothering,afinn_vader_manual
vader_negative,bothers,afinn_vader_manual
vader_negative,bothersome,afinn_vader_manual
vader_negative,boycott,afinn_vader_manual
vader_negative,boycotted,afinn_vader_manual
vader_negative,boycotting,afinn_vader_manual
vader_negative,boycotts,afinn_vader_manual
vader_negative,brainwashing,afinn_vader_manual
vader_negative,bribe,afinn_vader_manual
vader_negative,broke,afinn_vader_manual
vader_negative,bummer,afinn_vader_manual
vader_negative,burden,afinn_vader_manual
vader_negative,burdened,afinn_vader_manual
vader_negative,burdening,afinn_vader_manual
vader_negative,burdens,afinn_vader_manual
vader_negative,burdensome,afinn_vader_manual
vader_negative,cancel,afinn_vader_manual
vader_negative,cancelled,afinn_vader_manual
vader_negative,cancelling,afinn_vader_manual
vader_negative,cancels,afinn_vader_manual
vader_negative,careless,afinn_vader_manual
vader_negative,carelessness,afinn_vader_manual
vader_negative,cautious,afinn_vader_manual
vader_negative,censored,afinn_vader_manual
vader_negative,censors,afinn_vader_manual
vader_negative,chagrin,afinn_vader_manual
vader_negative,chagrined,afinn_vader_manual
vader_negative,charged,afinn_vader_manual
vader_negative,charges,afinn_vader_manual
vader_negative,charmless,afinn_vader_manual
vader_negative,chastises,afinn_vader_manual
vader_negative,chastising,afinn_vader_manual
vader_negative,cheaters,afinn_vader_manual
vader_negative,cheats,afinn_vader_manual
vader_negative,cheerless,afinn_vader_manual
vader_negative,childish,afinn_vader_manual
vader_negative,chilling,afinn_vader_manual
vader_negative,clouded,afinn_vader_manual
vader_negative,clueless,afinn_vader_manual
vader_negative,cock,afinn_vader_manual
vader_negative,cocky,afinn_vader_manual
vader_negative,coerced,afinn_vader_manual
vader_negative,collapsed,afinn_vader_manual
vader_negative,collapses,afinn_vader_manual
vader_negative,collapsing,afinn_vader_manual
vader_negative,collide,afinn_vader_manual
vader_negative,collides,afinn_vader_manual
vader_negative,colliding,afinn_vader_manual
vader_negative,collision,afinn_vader_manual
vader_negative,collisions,afinn_vader_manual
vader_negative,colluding,afinn_vader_manual
vader_negative,combat,afinn_vader_manual
vader_negative,combats,afinn_vader_manual
vader_negative,complacent,afinn_vader_manual
vader_negative,complain,afinn_vader_manual
vader_negative,complained,afinn_vader_manual
vader_negative,complaining,afinn_vader_manual
vader_negative,complains,afinn_vader_manual
vader_negative,complaint,afinn_vader_manual
vader_negative,complaints,afinn_vader_manual
vader_negative,condemn,afinn_vader_manual
vader_negative,condemned,afinn_vader_manual
vader_negative,conflict,afinn_vader_manual
vader_negative,conflicting,afinn_vader_manual
vader_negative,conflictive,afinn_vader_manual
vader_negative,conflicts,afinn_vader_manual
vader_negative,confront,afinn_vader_manual
vader_negative,confuse,afinn_vader_manual
vader_negative,confused,afinn_vader_manual
vader_negative,confusing,afinn_vader_manual
vader_negative,confusion,afinn_vader_manual
vader_negative,constrained,afinn_vader_manual
vader_negative,contagions,afinn_vader_manual
vader_negative,contagious,afinn_vader_manual
vader_negative,contemptible,afinn_vader_manual
vader_negative,contentious,afinn_vader_manual
vader_negative,contradict,afinn_vader_manual
vader_negative,contradiction,afinn_vader_manual
vader_negative,contradictory,afinn_vader_manual
vader_negative,controversial,afinn_vader_manual
vader_negative,controversially,afinn_vader_manual
vader_negative,cornered,afinn_vader_manual
vader_negative,costly,afinn_vader_manual
vader_negative,cover-up,afinn_vader_manual
vader_negative,cowardly,afinn_vader_manual
vader_negative,cramp,afinn_vader_manual
vader_negative,crap,afinn_vader_manual
vader_negative,crash,afinn_vader_manual
vader_negative,crazed,afinn_vader_manual
vader_negative,crazier,afinn_vader_manual
vader_negative,craziest,afinn_vader_manual
vader_negative,crazy,afinn_vader_manual
vader_negative,cried,afinn_vader_manual
vader_negative,cries,afinn_vader_manual
vader_negative,critic,afinn_vader_manual
vader_negative,criticise,afinn_vader_manual
vader_negative,criticised,afinn_vader_manual
vader_negative,criticises,afinn_vader_manual
vader_negative,criticising,afinn_vader_manual
vader_negative,criticism,afinn_vader_manual
vader_negative,criticize,afinn_vader_manual
vader_negative,criticized,afinn_vader_manual
vader_negative,criticizes,afinn_vader_manual
vader_negative,criticizing,afinn_vader_manual
vader_negative,critics,afinn_vader_manual
vader_negative,crush,afinn_vader_manual
vader_negative,crushed,afinn_vader_manual
vader_negative,crushes,afinn_vader_manual
vader_negative,crushing,afinn_vader_manual
vader_negative,cut,afinn_vader_manual
vader_negative,cuts,afinn_vader_manual
vader_negative,cutting,afinn_vader_manual
vader_negative,cynic,afinn_vader_manual
vader_negative,cynical,afinn_vader_manual
vader_negative,cynicism,afinn_vader_manual
vader_negative,damaged,afinn_vader_manual
vader_negative,damages,afinn_vader_manual
vader_negative,damn,afinn_vader_manual
vader_negative,damned,afinn_vader_manual
vader_negative,darkness,afinn_vader_manual
vader_negative,dazed,afinn_vader_manual
vader_negative,deadlock,afinn_vader_manual
vader_negative,deafening,afinn_vader_manual
vader_negative,debt,afinn_vader_manual
vader_negative,decay,afinn_vader_manual
vader_negative,decayed,afinn_vader_manual
vader_negative,deceitful,afinn_vader_manual
vader_negative,deceive,afinn_vader_manual
vader_negative,deceived,afinn_vader_manual
vader_negative,deceives,afinn_vader_manual
vader_negative,deceiving,afinn_vader_manual
vader_negative,deception,afinn_vader_manual
vader_negative,defect,afinn_vader_manual
vader_negative,defection,afinn_vader_manual
vader_negative,defective,afinn_vader_manual
vader_negative,defects,afinn_vader_manual
vader_negative,defenseless,afinn_vader_manual
vader_negative,defer,afinn_vader_manual
vader_negative,deferring,afinn_vader_manual
vader_negative,defiant,afinn_vader_manual
vader_negative,deficit,afinn_vader_manual
vader_negative,degrade,afinn_vader_manual
vader_negative,degraded,afinn_vader_manual
vader_negative,dehumanize,afinn_vader_manual
vader_negative,dehumanized,afinn_vader_manual
vader_negative,dehumanizes,afinn_vader_manual
vader_negative,delay,afinn_vader_manual
vader_negative,delayed,afinn_vader_manual
vader_negative,demand,afinn_vader_manual
vader_negative,demanded,afinn_vader_manual
vader_negative,demanding,afinn_vader_manual
vader_negative,demoralized,afinn_vader_manual
vader_negative,denied,afinn_vader_manual
vader_negative,denier,afinn_vader_manual
vader_negative,deniers,afinn_vader_manual
vader_negative,denies,afinn_vader_manual
vader_negative,denounce,afinn_vader_manual
vader_negative,denounces,afinn_vader_manual
vader_negative,deny,afinn_vader_manual
vader_negative,denying,afinn_vader_manual
vader_negative,depressing,afinn_vader_manual
vader_negative,depressive,afinn_vader_manual
vader_negative,deprivation,afinn_vader_manual
vader_negative,derail,afinn_vader_manual
vader_negative,derailed,afinn_vader_manual
vader_negative,derails,afinn_vader_manual
vader_negative,deride,afinn_vader_manual
vader_negative,derided,afinn_vader_manual
vader_negative,derides,afinn_vader_manual
vader_negative,deriding,afinn_vader_manual
vader_negative,derision,afinn_vader_manual
vader_negative,despair,afinn_vader_manual
vader_negative,desperate,afinn_vader_manual
vader_negative,desperately,afinn_vader_manual
vader_negative,despise,afinn_vader_manual
vader_negative,detached,afinn_vader_manual
vader_negative,detain,afinn_vader_manual
vader_negative,detained,afinn_vader_manual
vader_negative,detention,afinn_vader_manual
vader_negative,devastation,afinn_vader_manual
vader_negative,devastations,afinn_vader_manual
vader_negative,difficult,afinn_vader_manual
vader_negative,difficulties,afinn_vader_manual
vader_negative,difficulty,afinn_vader_manual
vader_negative,diffident,afinn_vader_manual
vader_negative,dilemma,afinn_vader_manual
vader_negative,dirt,afinn_vader_manual
vader_negative,dirtier,afinn_vader_manual
vader_negative,dirty,afinn_vader_manual
vader_negative,disadvantage,afinn_vader_manual
vader_negative,disadvantaged,afinn_vader_manual
vader_negative,disagree,afinn_vader_manual
vader_negative,disagreeable,afinn_vader_manual
vader_negative,disagreeing,afinn_vader_manual
vader_negative,disagreement,afinn_vader_manual
vader_negative,disappear,afinn_vader_manual
vader_negative,disappeared,afinn_vader_manual
vader_negative,disappears,afinn_vader_manual
vader_negative,disappoint,afinn_vader_manual
vader_negative,disappoints,afinn_vader_manual
vader_negative,disbelieve,afinn_vader_manual
vader_negative,discard,afinn_vader_manual
vader_negative,discarded,afinn_vader_manual
vader_negative,discarding,afinn_vader_manual
vader_negative,discards,afinn_vader_manual
vader_negative,discomfort,afinn_vader_manual
vader_negative,disconsolation,afinn_vader_manual
vader_negative,discontented,afinn_vader_manual
vader_negative,discord,afinn_vader_manual
vader_negative,discourage,afinn_vader_manual
vader_negative,discouraged,afinn_vader_manual
vader_negative,discredited,afinn_vader_manual
vader_negative,disguise,afinn_vader_manual
vader_negative,disguised,afinn_vader_manual
vader_negative,disguises,afinn_vader_manual
vader_negative,disguising,afinn_vader_manual
vader_negative,disheartening,afinn_vader_manual
vader_negative,disillusioned,afinn_vader_manual
vader_negative,disillusionment,afinn_vader_manual
vader_negative,disinclined,afinn_vader_manual
vader_negative,disjointed,afinn_vader_manual
vader_negative,dislike,afinn_vader_manual
vader_negative,disliked,afinn_vader_manual
vader_negative,dislikes,afinn_vader_manual
vader_negative,dismay,afinn_vader_manual
vader_negative,dismayed,afinn_vader_manual
vader_negative,disorder,afinn_vader_manual
vader_negative,disorganized,afinn_vader_manual
vader_negative,disoriented,afinn_vader_manual
vader_negative,disparaged,afinn_vader_manual
vader_negative,disparages,afinn_vader_manual
vader_negative,displeased,afinn_vader_manual
vader_negative,dispute,afinn_vader_manual
vader_negative,disputed,afinn_vader_manual
vader_negative,disputes,afinn_vader_manual
vader_negative,disputing,afinn_vader_manual
vader_negative,disqualified,afinn_vader_manual
vader_negative,disquiet,afinn_vader_manual
vader_negative,disregard,afinn_vader_manual
vader_negative,disregarded,afinn_vader_manual
vader_negative,disregarding,afinn_vader_manual
vader_negative,disregards,afinn_vader_manual
vader_negative,disrespect,afinn_vader_manual
vader_negative,disruption,afinn_vader_manual
vader_negative,disruptions,afinn_vader_manual
vader_negative,disruptive,afinn_vader_manual
vader_negative,dissatisfied,afinn_vader_manual
vader_negative,distort,afinn_vader_manual
vader_negative,distorted,afinn_vader_manual
vader_negative,distorting,afinn_vader_manual
vader_negative,distorts,afinn_vader_manual
vader_negative,distract,afinn_vader_manual
vader_negative,distracted,afinn_vader_manual
vader_negative,distracting,afinn_vader_manual
vader_negative,distraction,afinn_vader_manual
vader_negative,distracts,afinn_vader_manual
vader_negative,distressed,afinn_vader_manual
vader_negative,distresses,afinn_vader_manual
vader_negative,distressing,afinn_vader_manual
vader_negative,distrust,afinn_vader_manual
vader_negative,disturb,afinn_vader_manual
vader_negative,disturbance,afinn_vader_manual
vader_negative,disturbed,afinn_vader_manual
vader_negative,disturbs,afinn_vader_manual
vader_negative,dithering,afinn_vader_manual
vader_negative,dizzy,afinn_vader_manual
vader_negative,dodging,afinn_vader_manual
vader_negative,dodgy,afinn_vader_manual
vader_negative,dominate,afinn_vader_manual
vader_negative,domination,afinn_vader_manual
vader_negative,doom,afinn_vader_manual
vader_negative,doubt,afinn_vader_manual
vader_negative,doubted,afinn_vader_manual
vader_negative,doubtful,afinn_vader_manual
vader_negative,doubting,afinn_vader_manual
vader_negative,doubts,afinn_vader_manual
vader_negative,douche,afinn_vader_manual
vader_negative,downcast,afinn_vader_manual
vader_negative,downside,afinn_vader_manual
vader_negative,drag,afinn_vader_manual
vader_negative,dragged,afinn_vader_manual
vader_negative,drags,afinn_vader_manual
vader_negative,drained,afinn_vader_manual
vader_negative,dreadful,afinn_vader_manual
vader_negative,dreary,afinn_vader_manual
vader_negative,droopy,afinn_vader_manual
vader_negative,drop,afinn_vader_manual
vader_negative,drunk,afinn_vader_manual
vader_negative,dubious,afinn_vader_manual
vader_negative,dud,afinn_vader_manual
vader_negative,dull,afinn_vader_manual
vader_negative,dumbfounded,afinn_vader_manual
vader_negative,dump,afinn_vader_manual
vader_negative,dumped,afinn_vader_manual
vader_negative,dumps,afinn_vader_manual
vader_negative,dupe,afinn_vader_manual
vader_negative,duped,afinn_vader_manual
vader_negative,dysfunction,afinn_vader_manual
vader_negative,eerie,afinn_vader_manual
vader_negative,eery,afinn_vader_manual
vader_negative,egotistical,afinn_vader_manual
vader_negative,embarrass,afinn_vader_manual
vader_negative,embarrassed,afinn_vader_manual
vader_negative,embarrasses,afinn_vader_manual
vader_negative,embarrassing,afinn_vader_manual
vader_negative,embarrassment,afinn_vader_manual
vader_negative,embittered,afinn_vader_manual
vader_negative,emergency,afinn_vader_manual
vader_negative,emptiness,afinn_vader_manual
vader_negative,empty,afinn_vader_manual
vader_negative,ennui,afinn_vader_manual
vader_negative,enraged,afinn_vader_manual
vader_negative,enrages,afinn_vader_manual
vader_negative,enslaved,afinn_vader_manual
vader_negative,enslaves,afinn_vader_manual
vader_negative,envies,afinn_vader_manual
vader_negative,envious,afinn_vader_manual
vader_negative,envy,afinn_vader_manual
vader_negative,envying,afinn_vader_manual
vader_negative,erroneous,afinn_vader_manual
vader_negative,error,afinn_vader_manual
vader_negative,errors,afinn_vader_manual
vader_negative,exaggerate,afinn_vader_manual
vader_negative,exaggerated,afinn_vader_manual
vader_negative,exaggerates,afinn_vader_manual
vader_negative,exaggerating,afinn_vader_manual
vader_negative,exasperated,afinn_vader_manual
vader_negative,exclude,afinn_vader_manual
vader_negative,excluded,afinn_vader_manual
vader_negative,exclusion,afinn_vader_manual
vader_negative,exhaust,afinn_vader_manual
vader_negative,exhausted,afinn_vader_manual
vader_negative,exhaustion,afinn_vader_manual
vader_negative,exhaustive,afinn_vader_manual
vader_negative,expel,afinn_vader_manual
vader_negative,expelled,afinn_vader_manual
vader_negative,expelling,afinn_vader_manual
vader_negative,expels,afinn_vader_manual
vader_negative,exploit,afinn_vader_manual
vader_negative,exploiting,afinn_vader_manual
vader_negative,exploits,afinn_vader_manual
vader_negative,expose,afinn_vader_manual
vader_negative,exposed,afinn_vader_manual
vader_negative,exposes,afinn_vader_manual
vader_negative,exposing,afinn_vader_manual
vader_negative,fails,afinn_vader_manual
vader_negative,fainthearted,afinn_vader_manual
vader_negative,faithless,afinn_vader_manual
vader_negative,fakes,afinn_vader_manual
vader_negative,faking,afinn_vader_manual
vader_negative,fallen,afinn_vader_manual
vader_negative,falling,afinn_vader_manual
vader_negative,falsified,afinn_vader_manual
vader_negative,farce,afinn_vader_manual
vader_negative,fascists,afinn_vader_manual
vader_negative,fatigue,afinn_vader_manual
vader_negative,fatigued,afinn_vader_manual
vader_negative,fatigues,afinn_vader_manual
vader_negative,fatiguing,afinn_vader_manual
vader_negative,fault,afinn_vader_manual
vader_negative,faulty,afinn_vader_manual
vader_negative,fearsome,afinn_vader_manual
vader_negative,fed up,afinn_vader_manual
vader_negative,feeble,afinn_vader_manual
vader_negative,ferocious,afinn_vader_manual
vader_negative,ferocity,afinn_vader_manual
vader_negative,feud,afinn_vader_manual
vader_negative,feudal,afinn_vader_manual
vader_negative,feudalism,afinn_vader_manual
vader_negative,fidgety,afinn_vader_manual
vader_negative,fight,afinn_vader_manual
vader_negative,fighting,afinn_vader_manual
vader_negative,fire,afinn_vader_manual
vader_negative,firing,afinn_vader_manual
vader_negative,flees,afinn_vader_manual
vader_negative,flop,afinn_vader_manual
vader_negative,flops,afinn_vader_manual
vader_negative,flu,afinn_vader_manual
vader_negative,flustered,afinn_vader_manual
vader_negative,foe,afinn_vader_manual
vader_negative,fool,afinn_vader_manual
vader_negative,foolish,afinn_vader_manual
vader_negative,foolishness,afinn_vader_manual
vader_negative,forbid,afinn_vader_manual
vader_negative,forbidden,afinn_vader_manual
vader_negative,forbidding,afinn_vader_manual
vader_negative,foreclosure,afinn_vader_manual
vader_negative,forget,afinn_vader_manual
vader_negative,forgetful,afinn_vader_manual
vader_negative,forgotten,afinn_vader_manual
vader_negative,frantic,afinn_vader_manual
vader_negative,freak,afinn_vader_manual
vader_negative,freezing,afinn_vader_manual
vader_negative,frenzy,afinn_vader_manual
vader_negative,fright,afinn_vader_manual
vader_negative,frighten,afinn_vader_manual
vader_negative,frightened,afinn_vader_manual
vader_negative,frowning,afinn_vader_manual
vader_negative,frustrates,afinn_vader_manual
vader_negative,frustrating,afinn_vader_manual
vader_negative,fud,afinn_vader_manual
vader_negative,fume,afinn_vader_manual
vader_negative,funeral,afinn_vader_manual
vader_negative,funerals,afinn_vader_manual
vader_negative,funky,afinn_vader_manual
vader_negative,furiously,afinn_vader_manual
vader_negative,futile,afinn_vader_manual
vader_negative,gag,afinn_vader_manual
vader_negative,gagged,afinn_vader_manual
vader_negative,ghost,afinn_vader_manual
vader_negative,giddy,afinn_vader_manual
vader_negative,gloomy,afinn_vader_manual
vader_negative,gossip,afinn_vader_manual
vader_negative,grating,afinn_vader_manual
vader_negative,grave,afinn_vader_manual
vader_negative,greed,afinn_vader_manual
vader_negative,greedy,afinn_vader_manual
vader_negative,greenwash,afinn_vader_manual
vader_negative,greenwashing,afinn_vader_manual
vader_negative,grieve,afinn_vader_manual
vader_negative,grime,afinn_vader_manual
vader_negative,grimy,afinn_vader_manual
vader_negative,guilt,afinn_vader_manual
vader_negative,guilty,afinn_vader_manual
vader_negative,gullibility,afinn_vader_manual
vader_negative,gullible,afinn_vader_manual
vader_negative,gun,afinn_vader_manual
vader_negative,hacked,afinn_vader_manual
vader_negative,hapless,afinn_vader_manual
vader_negative,haplessness,afinn_vader_manual
vader_negative,hard,afinn_vader_manual
vader_negative,hardier,afinn_vader_manual
vader_negative,hardship,afinn_vader_manual
vader_negative,harried,afinn_vader_manual
vader_negative,harsh,afinn_vader_manual
vader_negative,hater,afinn_vader_manual
vader_negative,hates,afinn_vader_manual
vader_negative,haunt,afinn_vader_manual
vader_negative,haunting,afinn_vader_manual
vader_negative,haunts,afinn_vader_manual
vader_negative,hesitant,afinn_vader_manual
vader_negative,hesitate,afinn_vader_manual
vader_negative,hesitation,afinn_vader_manual
vader_negative,hid,afinn_vader_manual
vader_negative,hide,afinn_vader_manual
vader_negative,hides,afinn_vader_manual
vader_negative,hiding,afinn_vader_manual
vader_negative,hindrance,afinn_vader_manual
vader_negative,hoax,afinn_vader_manual
vader_negative,homesick,afinn_vader_manual
vader_negative,hooligan,afinn_vader_manual
vader_negative,hooligans,afinn_vader_manual
vader_negative,hostile,afinn_vader_manual
vader_negative,huckster,afinn_vader_manual
vader_negative,humiliated,afinn_vader_manual
vader_negative,humiliating,afinn_vader_manual
vader_negative,hunger,afinn_vader_manual
vader_negative,hurting,afinn_vader_manual
vader_negative,hysteria,afinn_vader_manual
vader_negative,hysterical,afinn_vader_manual
vader_negative,hysterics,afinn_vader_manual
vader_negative,ignorance,afinn_vader_manual
vader_negative,ignorant,afinn_vader_manual
vader_negative,ignore,afinn_vader_manual
vader_negative,ignored,afinn_vader_manual
vader_negative,ignores,afinn_vader_manual
vader_negative,ill,afinn_vader_manual
vader_negative,illiteracy,afinn_vader_manual
vader_negative,illness,afinn_vader_manual
vader_negative,immobilized,afinn_vader_manual
vader_negative,immorality,afinn_vader_manual
vader_negative,impatience,afinn_vader_manual
vader_negative,impatient,afinn_vader_manual
vader_negative,imperfect,afinn_vader_manual
vader_negative,impolite,afinn_vader_manual
vader_negative,impose,afinn_vader_manual
vader_negative,imposed,afinn_vader_manual
vader_negative,imposes,afinn_vader_manual
vader_negative,imposing,afinn_vader_manual
vader_negative,impotent,afinn_vader_manual
vader_negative,inability,afinn_vader_manual
vader_negative,inaction,afinn_vader_manual
vader_negative,inadequacy,afinn_vader_manual
vader_negative,inadequate,afinn_vader_manual
vader_negative,incapable,afinn_vader_manual
vader_negative,incapacitated,afinn_vader_manual
vader_negative,inconsiderate,afinn_vader_manual
vader_negative,inconvenience,afinn_vader_manual
vader_negative,inconvenient,afinn_vader_manual
vader_negative,indecision,afinn_vader_manual
vader_negative,indecisive,afinn_vader_manual
vader_negative,indifference,afinn_vader_manual
vader_negative,indifferent,afinn_vader_manual
vader_negative,indignant,afinn_vader_manual
vader_negative,indoctrinate,afinn_vader_manual
vader_negative,indoctrinated,afinn_vader_manual
vader_negative,indoctrinates,afinn_vader_manual
vader_negative,indoctrinating,afinn_vader_manual
vader_negative,ineffective,afinn_vader_manual
vader_negative,ineffectively,afinn_vader_manual
vader_negative,ineffectual,afinn_vader_manual
vader_negative,inferior,afinn_vader_manual
vader_negative,inferiority,afinn_vader_manual
vader_negative,inflamed,afinn_vader_manual
vader_negative,inhibit,afinn_vader_manual
vader_negative,injured,afinn_vader_manual
vader_negative,injury,afinn_vader_manual
vader_negative,inquisition,afinn_vader_manual
vader_negative,insane,afinn_vader_manual
vader_negative,insecure,afinn_vader_manual
vader_negative,insecurity,afinn_vader_manual
vader_negative,insensitive,afinn_vader_manual
vader_negative,insensitivity,afinn_vader_manual
vader_negative,insignificant,afinn_vader_manual
vader_negative,insults,afinn_vader_manual
vader_negative,interrogated,afinn_vader_manual
vader_negative,interrupt,afinn_vader_manual
vader_negative,interrupted,afinn_vader_manual
vader_negative,interrupting,afinn_vader_manual
vader_negative,interruption,afinn_vader_manual
vader_negative,interrupts,afinn_vader_manual
vader_negative,intimidate,afinn_vader_manual
vader_negative,intimidated,afinn_vader_manual
vader_negative,intimidates,afinn_vader_manual
vader_negative,intimidating,afinn_vader_manual
vader_negative,intimidation,afinn_vader_manual
vader_negative,ironic,afinn_vader_manual
vader_negative,irony,afinn_vader_manual
vader_negative,irrational,afinn_vader_manual
vader_negative,irrationality,afinn_vader_manual
vader_negative,irresolute,afinn_vader_manual
vader_negative,irresponsible,afinn_vader_manual
vader_negative,irreversible,afinn_vader_manual
vader_negative,irritability,afinn_vader_manual
vader_negative,irritate,afinn_vader_manual
vader_negative,irritates,afinn_vader_manual
vader_negative,isolate,afinn_vader_manual
vader_negative,isolated,afinn_vader_manual
vader_negative,isolation,afinn_vader_manual
vader_negative,itchy,afinn_vader_manual
vader_negative,jackass,afinn_vader_manual
vader_negative,jealousy,afinn_vader_manual
vader_negative,jerk,afinn_vader_manual
vader_negative,jumpy,afinn_vader_manual
vader_negative,lack,afinn_vader_manual
vader_negative,lackadaisical,afinn_vader_manual
vader_negative,lag,afinn_vader_manual
vader_negative,lagged,afinn_vader_manual
vader_negative,lagging,afinn_vader_manual
vader_negative,lags,afinn_vader_manual
vader_negative,lame,afinn_vader_manual
vader_negative,lawsuit,afinn_vader_manual
vader_negative,lawsuits,afinn_vader_manual
vader_negative,lazy,afinn_vader_manual
vader_negative,leak,afinn_vader_manual
vader_negative,leaked,afinn_vader_manual
vader_negative,leave,afinn_vader_manual
vader_negative,lethargic,afinn_vader_manual
vader_negative,lethargy,afinn_vader_manual
vader_negative,lied,afinn_vader_manual
vader_negative,limitation,afinn_vader_manual
vader_negative,limited,afinn_vader_manual
vader_negative,litigation,afinn_vader_manual
vader_negative,litigious,afinn_vader_manual
vader_negative,loathes,afinn_vader_manual
vader_negative,lobbying,afinn_vader_manual
vader_negative,lone,afinn_vader_manual
vader_negative,loneliness,afinn_vader_manual
vader_negative,lonely,afinn_vader_manual
vader_negative,lonesome,afinn_vader_manual
vader_negative,longing,afinn_vader_manual
vader_negative,loom,afinn_vader_manual
vader_negative,loomed,afinn_vader_manual
vader_negative,looming,afinn_vader_manual
vader_negative,looms,afinn_vader_manual
vader_negative,loose,afinn_vader_manual
vader_negative,looses,afinn_vader_manual
vader_negative,lose,afinn_vader_manual
vader_negative,losing,afinn_vader_manual
vader_negative,loss,afinn_vader_manual
vader_negative,losses,afinn_vader_manual
vader_negative,lost,afinn_vader_manual
vader_negative,louse,afinn_vader_manual
vader_negative,lower,afinn_vader_manual
vader_negative,lowering,afinn_vader_manual
vader_negative,lowest,afinn_vader_manual
vader_negative,lowlands,afinn_vader_manual
vader_negative,lowly,afinn_vader_manual
vader_negative,ludicrous,afinn_vader_manual
vader_negative,lunatics,afinn_vader_manual
vader_negative,lurk,afinn_vader_manual
vader_negative,lurking,afinn_vader_manual
vader_negative,lurks,afinn_vader_manual
vader_negative,madly,afinn_vader_manual
vader_negative,madness,afinn_vader_manual
vader_negative,maniacal,afinn_vader_manual
vader_negative,manipulated,afinn_vader_manual
vader_negative,manipulating,afinn_vader_manual
vader_negative,manipulation,afinn_vader_manual
vader_negative,masochism,afinn_vader_manual
vader_negative,meaningless,afinn_vader_manual
vader_negative,mediocrity,afinn_vader_manual
vader_negative,melancholic,afinn_vader_manual
vader_negative,melancholy,afinn_vader_manual
vader_negative,menaced,afinn_vader_manual
vader_negative,mess,afinn_vader_manual
vader_negative,messed,afinn_vader_manual
vader_negative,messy,afinn_vader_manual
vader_negative,mindless,afinn_vader_manual
vader_negative,misbehave,afinn_vader_manual
vader_negative,misbehaved,afinn_vader_manual
vader_negative,misbehaves,afinn_vader_manual
vader_negative,misbehaving,afinn_vader_manual
vader_negative,mischief,afinn_vader_manual
vader_negative,mischiefs,afinn_vader_manual
vader_negative,misgiving,afinn_vader_manual
vader_negative,misinformation,afinn_vader_manual
vader_negative,misinformed,afinn_vader_manual
vader_negative,misinterpreted,afinn_vader_manual
vader_negative,misleading,afinn_vader_manual
vader_negative,misread,afinn_vader_manual
vader_negative,misreporting,afinn_vader_manual
vader_negative,miss,afinn_vader_manual
vader_negative,missed,afinn_vader_manual
vader_negative,missing,afinn_vader_manual
vader_negative,mistake,afinn_vader_manual
vader_negative,mistaken,afinn_vader_manual
vader_negative,mistakes,afinn_vader_manual
vader_negative,mistaking,afinn_vader_manual
vader_negative,misunderstand,afinn_vader_manual
vader_negative,misunderstanding,afinn_vader_manual
vader_negative,misunderstands,afinn_vader_manual
vader_negative,misunderstood,afinn_vader_manual
vader_negative,moan,afinn_vader_manual
vader_negative,moaned,afinn_vader_manual
vader_negative,moaning,afinn_vader_manual
vader_negative,moans,afinn_vader_manual
vader_negative,mock,afinn_vader_manual
vader_negative,mocked,afinn_vader_manual
vader_negative,mockery,afinn_vader_manual
vader_negative,mocking,afinn_vader_manual
vader_negative,molestation,afinn_vader_manual
vader_negative,mongering,afinn_vader_manual
vader_negative,monopolize,afinn_vader_manual
vader_negative,monopolized,afinn_vader_manual
vader_negative,monopolizes,afinn_vader_manual
vader_negative,monopolizing,afinn_vader_manual
vader_negative,moody,afinn_vader_manual
vader_negative,mope,afinn_vader_manual
vader_negative,moping,afinn_vader_manual
vader_negative,mourn,afinn_vader_manual
vader_negative,mourned,afinn_vader_manual
vader_negative,mournful,afinn_vader_manual
vader_negative,mourning,afinn_vader_manual
vader_negative,mumpish,afinn_vader_manual
vader_negative,n00b,afinn_vader_manual
vader_negative,nag,afinn_vader_manual
vader_negative,naive,afinn_vader_manual
vader_negative,needy,afinn_vader_manual
vader_negative,neglecting,afinn_vader_manual
vader_negative,nerves,afinn_vader_manual
vader_negative,nervous,afinn_vader_manual
vader_negative,nervously,afinn_vader_manual
vader_negative,nervousness,afinn_vader_manual
vader_negative,neurotic,afinn_vader_manual
vader_negative,niggas,afinn_vader_manual
vader_negative,no,afinn_vader_manual
vader_negative,noisy,afinn_vader_manual
vader_negative,nonsense,afinn_vader_manual
vader_negative,noob,afinn_vader_manual
vader_negative,nosey,afinn_vader_manual
vader_negative,notorious,afinn_vader_manual
vader_negative,numb,afinn_vader_manual
vader_negative,numbness,afinn_vader_manual
vader_negative,nuts,afinn_vader_manual
vader_negative,obsessed,afinn_vader_manual
vader_negative,obsolete,afinn_vader_manual
vader_negative,obstacle,afinn_vader_manual
vader_negative,obstacles,afinn_vader_manual
vader_negative,obstinate,afinn_vader_manual
vader_negative,odd,afinn_vader_manual
vader_negative,offence,afinn_vader_manual
vader_negative,offences,afinn_vader_manual
vader_negative,offend,afinn_vader_manual
vader_negative,offended,afinn_vader_manual
vader_negative,offender,afinn_vader_manual
vader_negative,offense,afinn_vader_manual
vader_negative,offenses,afinn_vader_manual
vader_negative,offline,afinn_vader_manual
vader_negative,ominous,afinn_vader_manual
vader_negative,oppressive,afinn_vader_manual
vader_negative,optionless,afinn_vader_manual
vader_negative,overload,afinn_vader_manual
vader_negative,overlooked,afinn_vader_manual
vader_negative,overreact,afinn_vader_manual
vader_negative,overreacted,afinn_vader_manual
vader_negative,overreaction,afinn_vader_manual
vader_negative,oversell,afinn_vader_manual
vader_negative,overselling,afinn_vader_manual
vader_negative,oversimplify,afinn_vader_manual
vader_negative,overstatement,afinn_vader_manual
vader_negative,overstatements,afinn_vader_manual
vader_negative,overweight,afinn_vader_manual
vader_negative,overwhelm,afinn_vader_manual
vader_negative,oxymoron,afinn_vader_manual
vader_negative,pained,afinn_vader_manual
vader_negative,painful,afinn_vader_manual
vader_negative,pains,afinn_vader_manual
vader_negative,panicky,afinn_vader_manual
vader_negative,panics,afinn_vader_manual
vader_negative,paradox,afinn_vader_manual
vader_negative,paranoia,afinn_vader_manual
vader_negative,paranoid,afinn_vader_manual
vader_negative,parley,afinn_vader_manual
vader_negative,passively,afinn_vader_manual
vader_negative,pay,afinn_vader_manual
vader_negative,peril,afinn_vader_manual
vader_negative,perjury,afinn_vader_manual
vader_negative,perpetrators,afinn_vader_manual
vader_negative,perplexed,afinn_vader_manual
vader_negative,persecuted,afinn_vader_manual
vader_negative,persecutes,afinn_vader_manual
vader_negative,persecuting,afinn_vader_manual
vader_negative,perturbed,afinn_vader_manual
vader_negative,perverse,afinn_vader_manual
vader_negative,perversion,afinn_vader_manual
vader_negative,pesky,afinn_vader_manual
vader_negative,pessimism,afinn_vader_manual
vader_negative,pessimist,afinn_vader_manual
vader_negative,pessimistic,afinn_vader_manual
vader_negative,petty,afinn_vader_manual
vader_negative,phobic,afinn_vader_manual
vader_negative,pileup,afinn_vader_manual
vader_negative,pique,afinn_vader_manual
vader_negative,piss,afinn_vader_manual
vader_negative,pissing,afinn_vader_manual
vader_negative,piteous,afinn_vader_manual
vader_negative,pitied,afinn_vader_manual
vader_negative,pity,afinn_vader_manual
vader_negative,polluter,afinn_vader_manual
vader_negative,poorer,afinn_vader_manual
vader_negative,possessive,afinn_vader_manual
vader_negative,postpone,afinn_vader_manual
vader_negative,postponed,afinn_vader_manual
vader_negative,postpones,afinn_vader_manual
vader_negative,postponing,afinn_vader_manual
vader_negative,prblm,afinn_vader_manual
vader_negative,prejudiced,afinn_vader_manual
vader_negative,pressure,afinn_vader_manual
vader_negative,pressured,afinn_vader_manual
vader_negative,pretend,afinn_vader_manual
vader_negative,pretends,afinn_vader_manual
vader_negative,preventing,afinn_vader_manual
vader_negative,prick,afinn_vader_manual
vader_negative,prickly,afinn_vader_manual
vader_negative,problem,afinn_vader_manual
vader_negative,problems,afinn_vader_manual
vader_negative,promiscuous,afinn_vader_manual
vader_negative,propaganda,afinn_vader_manual
vader_negative,prosecute,afinn_vader_manual
vader_negative,prosecuted,afinn_vader_manual
vader_negative,prosecutes,afinn_vader_manual
vader_negative,protest,afinn_vader_manual
vader_negative,protesters,afinn_vader_manual
vader_negative,protesting,afinn_vader_manual
vader_negative,protests,afinn_vader_manual
vader_negative,provoke,afinn_vader_manual
vader_negative,provoked,afinn_vader_manual
vader_negative,provokes,afinn_vader_manual
vader_negative,provoking,afinn_vader_manual
vader_negative,pseudoscience,afinn_vader_manual
vader_negative,pushy,afinn_vader_manual
vader_negative,puzzled,afinn_vader_manual
vader_negative,quaking,afinn_vader_manual
vader_negative,questionable,afinn_vader_manual
vader_negative,questioned,afinn_vader_manual
vader_negative,questioning,afinn_vader_manual
vader_negative,rainy,afinn_vader_manual
vader_negative,rant,afinn_vader_manual
vader_negative,ranter,afinn_vader_manual
vader_negative,ranters,afinn_vader_manual
vader_negative,rants,afinn_vader_manual
vader_negative,rash,afinn_vader_manual
vader_negative,rebel,afinn_vader_manual
vader_negative,rebellion,afinn_vader_manual
vader_negative,rebels,afinn_vader_manual
vader_negative,recession,afinn_vader_manual
vader_negative,reckless,afinn_vader_manual
vader_negative,refuse,afinn_vader_manual
vader_negative,refused,afinn_vader_manual
vader_negative,refusing,afinn_vader_manual
vader_negative,regret,afinn_vader_manual
vader_negative,regretful,afinn_vader_manual
vader_negative,regrets,afinn_vader_manual
vader_negative,regretted,afinn_vader_manual
vader_negative,regretting,afinn_vader_manual
vader_negative,reject,afinn_vader_manual
vader_negative,reluctant,afinn_vader_manual
vader_negative,remorse,afinn_vader_manual
vader_negative,remorseful,afinn_vader_manual
vader_negative,repress,afinn_vader_manual
vader_negative,repression,afinn_vader_manual
vader_negative,resent,afinn_vader_manual
vader_negative,resentment,afinn_vader_manual
vader_negative,resign,afinn_vader_manual
vader_negative,resignation,afinn_vader_manual
vader_negative,resigned,afinn_vader_manual
vader_negative,resigning,afinn_vader_manual
vader_negative,resigns,afinn_vader_manual
vader_negative,restless,afinn_vader_manual
vader_negative,restlessness,afinn_vader_manual
vader_negative,restrict,afinn_vader_manual
vader_negative,restricted,afinn_vader_manual
vader_negative,restricting,afinn_vader_manual
vader_negative,restriction,afinn_vader_manual
vader_negative,restricts,afinn_vader_manual
vader_negative,ridiculous,afinn_vader_manual
vader_negative,rig,afinn_vader_manual
vader_negative,rigged,afinn_vader_manual
vader_negative,rigid,afinn_vader_manual
vader_negative,rigidity,afinn_vader_manual
vader_negative,rigorous,afinn_vader_manual
vader_negative,rigorously,afinn_vader_manual
vader_negative,risk,afinn_vader_manual
vader_negative,risks,afinn_vader_manual
vader_negative,risky,afinn_vader_manual
vader_negative,robed,afinn_vader_manual
vader_negative,robing,afinn_vader_manual
vader_negative,ruining,afinn_vader_manual
vader_negative,ruins,afinn_vader_manual
vader_negative,sadly,afinn_vader_manual
vader_negative,sadness,afinn_vader_manual
vader_negative,sappy,afinn_vader_manual
vader_negative,sarcasm,afinn_vader_manual
vader_negative,sarcastic,afinn_vader_manual
vader_negative,scandal,afinn_vader_manual
vader_negative,scapegoat,afinn_vader_manual
vader_negative,scapegoats,afinn_vader_manual
vader_negative,scarecrow,afinn_vader_manual
vader_negative,scared,afinn_vader_manual
vader_negative,sceptical,afinn_vader_manual
vader_negative,scold,afinn_vader_manual
vader_negative,scorn,afinn_vader_manual
vader_negative,scornful,afinn_vader_manual
vader_negative,scream,afinn_vader_manual
vader_negative,screamed,afinn_vader_manual
vader_negative,screaming,afinn_vader_manual
vader_negative,screams,afinn_vader_manual
vader_negative,screwed up,afinn_vader_manual
vader_negative,sedition,afinn_vader_manual
vader_negative,seditious,afinn_vader_manual
vader_negative,seduced,afinn_vader_manual
vader_negative,selfishness,afinn_vader_manual
vader_negative,sentenced,afinn_vader_manual
vader_negative,sentencing,afinn_vader_manual
vader_negative,seriousness,afinn_vader_manual
vader_negative,severe,afinn_vader_manual
vader_negative,shaking,afinn_vader_manual
vader_negative,shaky,afinn_vader_manual
vader_negative,shameless,afinn_vader_manual
vader_negative,shock,afinn_vader_manual
vader_negative,shocked,afinn_vader_manual
vader_negative,shocking,afinn_vader_manual
vader_negative,shockingly,afinn_vader_manual
vader_negative,shocks,afinn_vader_manual
vader_negative,shoot,afinn_vader_manual
vader_negative,short-sighted,afinn_vader_manual
vader_negative,short-sightedness,afinn_vader_manual
vader_negative,shortage,afinn_vader_manual
vader_negative,shortages,afinn_vader_manual
vader_negative,shrew,afinn_vader_manual
vader_negative,shy,afinn_vader_manual
vader_negative,silencing,afinn_vader_manual
vader_negative,skeptic,afinn_vader_manual
vader_negative,skeptical,afinn_vader_manual
vader_negative,skepticism,afinn_vader_manual
vader_negative,skeptics,afinn_vader_manual
vader_negative,slam,afinn_vader_manual
vader_negative,slash,afinn_vader_manual
vader_negative,slashed,afinn_vader_manual
vader_negative,slashes,afinn_vader_manual
vader_negative,slashing,afinn_vader_manual
vader_negative,sleeplessness,afinn_vader_manual
vader_negative,sluggish,afinn_vader_manual
vader_negative,smear,afinn_vader_manual
vader_negative,smog,afinn_vader_manual
vader_negative,smother,afinn_vader_manual
vader_negative,smuggle,afinn_vader_manual
vader_negative,smuggled,afinn_vader_manual
vader_negative,smuggles,afinn_vader_manual
vader_negative,sneaky,afinn_vader_manual
vader_negative,snub,afinn_vader_manual
vader_negative,snubbing,afinn_vader_manual
vader_negative,sob,afinn_vader_manual
vader_negative,sobbing,afinn_vader_manual
vader_negative,sobering,afinn_vader_manual
vader_negative,solemn,afinn_vader_manual
vader_negative,somber,afinn_vader_manual
vader_negative,sore,afinn_vader_manual
vader_negative,sorry,afinn_vader_manual
vader_negative,spam,afinn_vader_manual
vader_negative,spammers,afinn_vader_manual
vader_negative,spiritless,afinn_vader_manual
vader_negative,spiteful,afinn_vader_manual
vader_negative,squelched,afinn_vader_manual
vader_negative,stabbed,afinn_vader_manual
vader_negative,stabs,afinn_vader_manual
vader_negative,stall,afinn_vader_manual
vader_negative,stalled,afinn_vader_manual
vader_negative,stalling,afinn_vader_manual
vader_negative,stampede,afinn_vader_manual
vader_negative,stank,afinn_vader_manual
vader_negative,startle,afinn_vader_manual
vader_negative,startled,afinn_vader_manual
vader_negative,starve,afinn_vader_manual
vader_negative,starving,afinn_vader_manual
vader_negative,stealth,afinn_vader_manual
vader_negative,stealthy,afinn_vader_manual
vader_negative,stereotype,afinn_vader_manual
vader_negative,stereotyped,afinn_vader_manual
vader_negative,stifled,afinn_vader_manual
vader_negative,stingy,afinn_vader_manual
vader_negative,stink,afinn_vader_manual
vader_negative,stinker,afinn_vader_manual
vader_negative,stinks,afinn_vader_manual
vader_negative,stinky,afinn_vader_manual
vader_negative,stop,afinn_vader_manual
vader_negative,stopped,afinn_vader_manual
vader_negative,stopping,afinn_vader_manual
vader_negative,stops,afinn_vader_manual
vader_negative,strained,afinn_vader_manual
vader_negative,strange,afinn_vader_manual
vader_negative,strangely,afinn_vader_manual
vader_negative,stress,afinn_vader_manual
vader_negative,stressed,afinn_vader_manual
vader_negative,stressor,afinn_vader_manual
vader_negative,strike,afinn_vader_manual
vader_negative,strikers,afinn_vader_manual
vader_negative,strikes,afinn_vader_manual
vader_negative,struck,afinn_vader_manual
vader_negative,struggle,afinn_vader_manual
vader_negative,struggled,afinn_vader_manual
vader_negative,struggles,afinn_vader_manual
vader_negative,struggling,afinn_vader_manual
vader_negative,stubborn,afinn_vader_manual
vader_negative,stuck,afinn_vader_manual
vader_negative,stunned,afinn_vader_manual
vader_negative,stupidity,afinn_vader_manual
vader_negative,subversive,afinn_vader_manual
vader_negative,suck,afinn_vader_manual
vader_negative,sucks,afinn_vader_manual
vader_negative,suing,afinn_vader_manual
vader_negative,sulking,afinn_vader_manual
vader_negative,sulky,afinn_vader_manual
vader_negative,sullen,afinn_vader_manual
vader_negative,suspect,afinn_vader_manual
vader_negative,suspected,afinn_vader_manual
vader_negative,suspecting,afinn_vader_manual
vader_negative,suspects,afinn_vader_manual
vader_negative,suspend,afinn_vader_manual
vader_negative,suspicion,afinn_vader_manual
vader_negative,suspicious,afinn_vader_manual
vader_negative,swear,afinn_vader_manual
vader_negative,swearing,afinn_vader_manual
vader_negative,swindles,afinn_vader_manual
vader_negative,tears,afinn_vader_manual
vader_negative,tease,afinn_vader_manual
vader_negative,teasing,afinn_vader_manual
vader_negative,tense,afinn_vader_manual
vader_negative,tension,afinn_vader_manual
vader_negative,thorny,afinn_vader_manual
vader_negative,threaten,afinn_vader_manual
vader_negative,threatens,afinn_vader_manual
vader_negative,threats,afinn_vader_manual
vader_negative,thwarted,afinn_vader_manual
vader_negative,thwarting,afinn_vader_manual
vader_negative,thwarts,afinn_vader_manual
vader_negative,timid,afinn_vader_manual
vader_negative,timidity,afinn_vader_manual
vader_negative,timorous,afinn_vader_manual
vader_negative,tired,afinn_vader_manual
vader_negative,tits,afinn_vader_manual
vader_negative,toothless,afinn_vader_manual
vader_negative,torn,afinn_vader_manual
vader_negative,tough,afinn_vader_manual
vader_negative,toughness,afinn_vader_manual
vader_negative,tout,afinn_vader_manual
vader_negative,touted,afinn_vader_manual
vader_negative,touting,afinn_vader_manual
vader_negative,touts,afinn_vader_manual
vader_negative,tragedies,afinn_vader_manual
vader_negative,trap,afinn_vader_manual
vader_negative,trauma,afinn_vader_manual
vader_negative,treason,afinn_vader_manual
vader_negative,trembling,afinn_vader_manual
vader_negative,tremulous,afinn_vader_manual
vader_negative,trick,afinn_vader_manual
vader_negative,tricked,afinn_vader_manual
vader_negative,trickery,afinn_vader_manual
vader_negative,trouble,afinn_vader_manual
vader_negative,tumor,afinn_vader_manual
vader_negative,turmoil,afinn_vader_manual
vader_negative,ugh,afinn_vader_manual
vader_negative,unappreciated,afinn_vader_manual
vader_negative,unapproved,afinn_vader_manual
vader_negative,unattractive,afinn_vader_manual
vader_negative,unaware,afinn_vader_manual
vader_negative,unbelieving,afinn_vader_manual
vader_negative,unbiased,afinn_vader_manual
vader_negative,uncertain,afinn_vader_manual
vader_negative,unclear,afinn_vader_manual
vader_negative,uncomfortable,afinn_vader_manual
vader_negative,unconcerned,afinn_vader_manual
vader_negative,unconfirmed,afinn_vader_manual
vader_negative,uncontrollable,afinn_vader_manual
vader_negative,uncontrolled,afinn_vader_manual
vader_negative,unconvinced,afinn_vader_manual
vader_negative,uncredited,afinn_vader_manual
vader_negative,undecided,afinn_vader_manual
vader_negative,underestimate,afinn_vader_manual
vader_negative,underestimated,afinn_vader_manual
vader_negative,underestimates,afinn_vader_manual
vader_negative,undermine,afinn_vader_manual
vader_negative,undermined,afinn_vader_manual
vader_negative,undermines,afinn_vader_manual
vader_negative,undermining,afinn_vader_manual
vader_negative,undeserving,afinn_vader_manual
vader_negative,undesirable,afinn_vader_manual
vader_negative,uneasiness,afinn_vader_manual
vader_negative,uneasy,afinn_vader_manual
vader_negative,unemployment,afinn_vader_manual
vader_negative,unequal,afinn_vader_manual
vader_negative,unfocused,afinn_vader_manual
vader_negative,unfriendly,afinn_vader_manual
vader_negative,unfulfilled,afinn_vader_manual
vader_negative,unhappy,afinn_vader_manual
vader_negative,unimportant,afinn_vader_manual
vader_negative,unimpressed,afinn_vader_manual
vader_negative,unkind,afinn_vader_manual
vader_negative,unloved,afinn_vader_manual
vader_negative,unmatched,afinn_vader_manual
vader_negative,unmotivated,afinn_vader_manual
vader_negative,unprotected,afinn_vader_manual
vader_negative,unresearched,afinn_vader_manual
vader_negative,unsatisfied,afinn_vader_manual
vader_negative,unsavory,afinn_vader_manual
vader_negative,unsecured,afinn_vader_manual
vader_negative,unsettled,afinn_vader_manual
vader_negative,unsophisticated,afinn_vader_manual
vader_negative,unstable,afinn_vader_manual
vader_negative,unstoppable,afinn_vader_manual
vader_negative,unsuccessful,afinn_vader_manual
vader_negative,unsuccessfully,afinn_vader_manual
vader_negative,unsupported,afinn_vader_manual
vader_negative,unsure,afinn_vader_manual
vader_negative,unwanted,afinn_vader_manual
vader_negative,unwelcome,afinn_vader_manual
vader_negative,upset,afinn_vader_manual
vader_negative,upsets,afinn_vader_manual
vader_negative,uptight,afinn_vader_manual
vader_negative,useless,afinn_vader_manual
vader_negative,uselessness,afinn_vader_manual
vader_negative,vague,afinn_vader_manual
vader_negative,vanity,afinn_vader_manual
vader_negative,vexation,afinn_vader_manual
vader_negative,vicious,afinn_vader_manual
vader_negative,victim,afinn_vader_manual
vader_negative,victimized,afinn_vader_manual
vader_negative,victimizes,afinn_vader_manual
vader_negative,victims,afinn_vader_manual
vader_negative,vindicating,afinn_vader_manual
vader_negative,vociferous,afinn_vader_manual
vader_negative,vulnerability,afinn_vader_manual
vader_negative,vulnerable,afinn_vader_manual
vader_negative,walkout,afinn_vader_manual
vader_negative,walkouts,afinn_vader_manual
vader_negative,warfare,afinn_vader_manual
vader_negative,warn,afinn_vader_manual
vader_negative,warned,afinn_vader_manual
vader_negative,warning,afinn_vader_manual
vader_negative,warnings,afinn_vader_manual
vader_negative,warns,afinn_vader_manual
vader_negative,waste,afinn_vader_manual
vader_negative,wasting,afinn_vader_manual
vader_negative,wavering,afinn_vader_manual
vader_negative,weak,afinn_vader_manual
vader_negative,weakened,afinn_vader_manual
vader_negative,weakly,afinn_vader_manual
vader_negative,weakness,afinn_vader_manual
vader_negative,weaknesses,afinn_vader_manual
vader_negative,weary,afinn_vader_manual
vader_negative,weeping,afinn_vader_manual
vader_negative,weird,afinn_vader_manual
vader_negative,weirdo,afinn_vader_manual
vader_negative,whine,afinn_vader_manual
vader_negative,wimp,afinn_vader_manual
vader_negative,wimpy,afinn_vader_manual
vader_negative,witch,afinn_vader_manual
vader_negative,woe,afinn_vader_manual
vader_negative,woeful,afinn_vader_manual
vader_negative,woefully,afinn_vader_manual
vader_negative,worn,afinn_vader_manual
vader_negative,worried,afinn_vader_manual
vader_negative,worries,afinn_vader_manual
vader_negative,worry,afinn_vader_manual
vader_negative,worrying,afinn_vader_manual
vader_negative,worsened,afinn_vader_manual
vader_negative,worthless,afinn_vader_manual
vader_negative,wreck,afinn_vader_manual
vader_negative,wronged,afinn_vader_manual
vader_negative,yucky,afinn_vader_manual
vader_negative,zealot,afinn_vader_manual
vader_negative,zealots,afinn_vader_manual
vader_positive,abilities,afinn_vader_manual
vader_positive,ability,afinn_vader_manual
vader_positive,aboard,afinn_vader_manual
vader_positive,absolve,afinn_vader_manual
vader_positive,absolved,afinn_vader_manual
vader_positive,absolves,afinn_vader_manual
vader_positive,absolving,afinn_vader_manual
vader_positive,accept,afinn_vader_manual
vader_positive,acceptable,afinn_vader_manual
vader_positive,accepted,afinn_vader_manual
vader_positive,accepting,afinn_vader_manual
vader_positive,accepts,afinn_vader_manual
vader_positive,accomplish,afinn_vader_manual
vader_positive,accomplished,afinn_vader_manual
vader_positive,accomplishes,afinn_vader_manual
vader_positive,achievable,afinn_vader_manual
vader_positive,acquit,afinn_vader_manual
vader_positive,acquits,afinn_vader_manual
vader_positive,acquitted,afinn_vader_manual
vader_positive,acquitting,afinn_vader_manual
vader_positive,active,afinn_vader_manual
vader_positive,adequate,afinn_vader_manual
vader_positive,admiral,afinn_vader_manual
vader_positive,admirer,afinn_vader_manual
vader_positive,admires,afinn_vader_manual
vader_positive,admiring,afinn_vader_manual
vader_positive,admit,afinn_vader_manual
vader_positive,admits,afinn_vader_manual
vader_positive,admitted,afinn_vader_manual
vader_positive,adopt,afinn_vader_manual
vader_positive,adopts,afinn_vader_manual
vader_positive,adored,afinn_vader_manual
vader_positive,adores,afinn_vader_manual
vader_positive,advanced,afinn_vader_manual
vader_positive,advantage,afinn_vader_manual
vader_positive,advantageous,afinn_vader_manual
vader_positive,advantageously,afinn_vader_manual
vader_positive,advantages,afinn_vader_manual
vader_positive,adventure,afinn_vader_manual
vader_positive,adventures,afinn_vader_manual
vader_positive,adventurous,afinn_vader_manual
vader_positive,affectionate,afinn_vader_manual
vader_positive,affronted,afinn_vader_manual
vader_positive,agog,afinn_vader_manual
vader_positive,agree,afinn_vader_manual
vader_positive,agreeable,afinn_vader_manual
vader_positive,agreed,afinn_vader_manual
vader_positive,agreeing,afinn_vader_manual
vader_positive,agrees,afinn_vader_manual
vader_positive,alert,afinn_vader_manual
vader_positive,alive,afinn_vader_manual
vader_positive,allow,afinn_vader_manual
vader_positive,ambivalent,afinn_vader_manual
vader_positive,amortization,afinn_vader_manual
vader_positive,amuse,afinn_vader_manual
vader_positive,amused,afinn_vader_manual
vader_positive,amusement,afinn_vader_manual
vader_positive,amusements,afinn_vader_manual
vader_positive,amusing,afinn_vader_manual
vader_positive,anticipation,afinn_vader_manual
vader_positive,apologise,afinn_vader_manual
vader_positive,apologised,afinn_vader_manual
vader_positive,apologises,afinn_vader_manual
vader_positive,apologising,afinn_vader_manual
vader_positive,apologize,afinn_vader_manual
vader_positive,apologized,afinn_vader_manual
vader_positive,apologizes,afinn_vader_manual
vader_positive,apology,afinn_vader_manual
vader_positive,appease,afinn_vader_manual
vader_positive,appeased,afinn_vader_manual
vader_positive,appeases,afinn_vader_manual
vader_positive,appeasing,afinn_vader_manual
vader_positive,applauded,afinn_vader_manual
vader_positive,applauds,afinn_vader_manual
vader_positive,applause,afinn_vader_manual
vader_positive,appreciate,afinn_vader_manual
vader_positive,appreciating,afinn_vader_manual
vader_positive,approved,afinn_vader_manual
vader_positive,approves,afinn_vader_manual
vader_positive,asset,afinn_vader_manual
vader_positive,assets,afinn_vader_manual
vader_positive,assurance,afinn_vader_manual
vader_positive,assure,afinn_vader_manual
vader_positive,assured,afinn_vader_manual
vader_positive,assuredly,afinn_vader_manual
vader_positive,astonished,afinn_vader_manual
vader_positive,astound,afinn_vader_manual
vader_positive,astounded,afinn_vader_manual
vader_positive,astounding,afinn_vader_manual
vader_positive,attachment,afinn_vader_manual
vader_positive,attract,afinn_vader_manual
vader_positive,attracted,afinn_vader_manual
vader_positive,attractions,afinn_vader_manual
vader_positive,attractive,afinn_vader_manual
vader_positive,attractiveness,afinn_vader_manual
vader_positive,attracts,afinn_vader_manual
vader_positive,audacious,afinn_vader_manual
vader_positive,authority,afinn_vader_manual
vader_positive,avid,afinn_vader_manual
vader_positive,await,afinn_vader_manual
vader_positive,awaits,afinn_vader_manual
vader_positive,awarded,afinn_vader_manual
vader_positive,backed,afinn_vader_manual
vader_positive,backing,afinn_vader_manual
vader_positive,badass,afinn_vader_manual
vader_positive,bargain,afinn_vader_manual
vader_positive,beatific,afinn_vader_manual
vader_positive,beautification,afinn_vader_manual
vader_positive,beneficial,afinn_vader_manual
vader_positive,benefits,afinn_vader_manual
vader_positive,benefitted,afinn_vader_manual
vader_positive,benefitting,afinn_vader_manual
vader_positive,benevolence,afinn_vader_manual
vader_positive,benign,afinn_vader_manual
vader_positive,better,afinn_vader_manual
vader_positive,blameless,afinn_vader_manual
vader_positive,bless,afinn_vader_manual
vader_positive,blithe,afinn_vader_manual
vader_positive,bold,afinn_vader_manual
vader_positive,boldly,afinn_vader_manual
vader_positive,boldness,afinn_vader_manual
vader_positive,boost,afinn_vader_manual
vader_positive,boosted,afinn_vader_manual
vader_positive,boosting,afinn_vader_manual
vader_positive,boosts,afinn_vader_manual
vader_positive,bright,afinn_vader_manual
vader_positive,brighten,afinn_vader_manual
vader_positive,brightness,afinn_vader_manual
vader_positive,brisk,afinn_vader_manual
vader_positive,brooding,afinn_vader_manual
vader_positive,buoyant,afinn_vader_manual
vader_positive,calm,afinn_vader_manual
vader_positive,calmed,afinn_vader_manual
vader_positive,calming,afinn_vader_manual
vader_positive,calms,afinn_vader_manual
vader_positive,capable,afinn_vader_manual
vader_positive,captivated,afinn_vader_manual
vader_positive,carefree,afinn_vader_manual
vader_positive,careful,afinn_vader_manual
vader_positive,carefully,afinn_vader_manual
vader_positive,certain,afinn_vader_manual
vader_positive,certainty,afinn_vader_manual
vader_positive,challenge,afinn_vader_manual
vader_positive,championed,afinn_vader_manual
vader_positive,chance,afinn_vader_manual
vader_positive,chances,afinn_vader_manual
vader_positive,charitable,afinn_vader_manual
vader_positive,charity,afinn_vader_manual
vader_positive,charm,afinn_vader_manual
vader_positive,cherish,afinn_vader_manual
vader_positive,chic,afinn_vader_manual
vader_positive,chuckle,afinn_vader_manual
vader_positive,clarifies,afinn_vader_manual
vader_positive,clarity,afinn_vader_manual
vader_positive,classy,afinn_vader_manual
vader_positive,clean,afinn_vader_manual
vader_positive,cleaner,afinn_vader_manual
vader_positive,clear,afinn_vader_manual
vader_positive,cleared,afinn_vader_manual
vader_positive,clearly,afinn_vader_manual
vader_positive,clears,afinn_vader_manual
vader_positive,comedy,afinn_vader_manual
vader_positive,comfort,afinn_vader_manual
vader_positive,comfortably,afinn_vader_manual
vader_positive,comforting,afinn_vader_manual
vader_positive,commend,afinn_vader_manual
vader_positive,commended,afinn_vader_manual
vader_positive,commit,afinn_vader_manual
vader_positive,commitment,afinn_vader_manual
vader_positive,commits,afinn_vader_manual
vader_positive,committed,afinn_vader_manual
vader_positive,committing,afinn_vader_manual
vader_positive,compelled,afinn_vader_manual
vader_positive,compelling,afinn_vader_manual
vader_positive,competent,afinn_vader_manual
vader_positive,competitive,afinn_vader_manual
vader_positive,complimented,afinn_vader_manual
vader_positive,compliments,afinn_vader_manual
vader_positive,comprehensive,afinn_vader_manual
vader_positive,conciliate,afinn_vader_manual
vader_positive,conciliated,afinn_vader_manual
vader_positive,conciliates,afinn_vader_manual
vader_positive,conciliating,afinn_vader_manual
vader_positive,consent,afinn_vader_manual
vader_positive,consents,afinn_vader_manual
vader_positive,considerate,afinn_vader_manual
vader_positive,consolable,afinn_vader_manual
vader_positive,contend,afinn_vader_manual
vader_positive,contender,afinn_vader_manual
vader_positive,contestable,afinn_vader_manual
vader_positive,convince,afinn_vader_manual
vader_positive,convinced,afinn_vader_manual
vader_positive,convinces,afinn_vader_manual
vader_positive,convincing,afinn_vader_manual
vader_positive,convivial,afinn_vader_manual
vader_positive,cool,afinn_vader_manual
vader_positive,courtesy,afinn_vader_manual
vader_positive,coziness,afinn_vader_manual
vader_positive,create,afinn_vader_manual
vader_positive,creative,afinn_vader_manual
vader_positive,credit,afinn_vader_manual
vader_positive,creditable,afinn_vader_manual
vader_positive,credited,afinn_vader_manual
vader_positive,curious,afinn_vader_manual
vader_positive,daredevil,afinn_vader_manual
vader_positive,daring,afinn_vader_manual
vader_positive,dear,afinn_vader_manual
vader_positive,dearly,afinn_vader_manual
vader_positive,debonair,afinn_vader_manual
vader_positive,decisive,afinn_vader_manual
vader_positive,defender,afinn_vader_manual
vader_positive,defenders,afinn_vader_manual
vader_positive,defense,afinn_vader_manual
vader_positive,delighting,afinn_vader_manual
vader_positive,demonstration,afinn_vader_manual
vader_positive,desirable,afinn_vader_manual
vader_positive,desire,afinn_vader_manual
vader_positive,desired,afinn_vader_manual
vader_positive,desirous,afinn_vader_manual
vader_positive,determinate,afinn_vader_manual
vader_positive,determination,afinn_vader_manual
vader_positive,determined,afinn_vader_manual
vader_positive,devoted,afinn_vader_manual
vader_positive,devotional,afinn_vader_manual
vader_positive,diamond,afinn_vader_manual
vader_positive,dignity,afinn_vader_manual
vader_positive,discounted,afinn_vader_manual
vader_positive,divination,afinn_vader_manual
vader_positive,doubtless,afinn_vader_manual
vader_positive,dream,afinn_vader_manual
vader_positive,dreams,afinn_vader_manual
vader_positive,dynamic,afinn_vader_manual
vader_positive,eager,afinn_vader_manual
vader_positive,eagerness,afinn_vader_manual
vader_positive,ease,afinn_vader_manual
vader_positive,easement,afinn_vader_manual
vader_positive,easy,afinn_vader_manual
vader_positive,easygoing,afinn_vader_manual
vader_positive,effectively,afinn_vader_manual
vader_positive,efficiency,afinn_vader_manual
vader_positive,efficient,afinn_vader_manual
vader_positive,elation,afinn_vader_manual
vader_positive,elegantly,afinn_vader_manual
vader_positive,embrace,afinn_vader_manual
vader_positive,empathetic,afinn_vader_manual
vader_positive,enchanted,afinn_vader_manual
vader_positive,encouraged,afinn_vader_manual
vader_positive,encouragement,afinn_vader_manual
vader_positive,encourages,afinn_vader_manual
vader_positive,endorse,afinn_vader_manual
vader_positive,endorsed,afinn_vader_manual
vader_positive,endorsement,afinn_vader_manual
vader_positive,endorses,afinn_vader_manual
vader_positive,energetic,afinn_vader_manual
vader_positive,engage,afinn_vader_manual
vader_positive,engaged,afinn_vader_manual
vader_positive,engages,afinn_vader_manual
vader_positive,engaging,afinn_vader_manual
vader_positive,engrossed,afinn_vader_manual
vader_positive,enjoyable,afinn_vader_manual
vader_positive,enlightens,afinn_vader_manual
vader_positive,ensure,afinn_vader_manual
vader_positive,ensuring,afinn_vader_manual
vader_positive,entertain,afinn_vader_manual
vader_positive,entertained,afinn_vader_manual
vader_positive,entertaining,afinn_vader_manual
vader_positive,entertainment,afinn_vader_manual
vader_positive,enthral,afinn_vader_manual
vader_positive,enthusiasm,afinn_vader_manual
vader_positive,enthusiast,afinn_vader_manual
vader_positive,entitled,afinn_vader_manual
vader_positive,entrusted,afinn_vader_manual
vader_positive,escape,afinn_vader_manual
vader_positive,escapes,afinn_vader_manual
vader_positive,escaping,afinn_vader_manual
vader_positive,esteemed,afinn_vader_manual
vader_positive,excitable,afinn_vader_manual
vader_positive,excitation,afinn_vader_manual
vader_positive,excited,afinn_vader_manual
vader_positive,exclusive,afinn_vader_manual
vader_positive,excuse,afinn_vader_manual
vader_positive,exempt,afinn_vader_manual
vader_positive,exhilarating,afinn_vader_manual
vader_positive,exonerate,afinn_vader_manual
vader_positive,exonerated,afinn_vader_manual
vader_positive,exonerates,afinn_vader_manual
vader_positive,exonerating,afinn_vader_manual
vader_positive,expand,afinn_vader_manual
vader_positive,expands,afinn_vader_manual
vader_positive,exploration,afinn_vader_manual
vader_positive,explorations,afinn_vader_manual
vader_positive,extend,afinn_vader_manual
vader_positive,extends,afinn_vader_manual
vader_positive,exultantly,afinn_vader_manual
vader_positive,fad,afinn_vader_manual
vader_positive,fair,afinn_vader_manual
vader_positive,faith,afinn_vader_manual
vader_positive,faithful,afinn_vader_manual
vader_positive,fame,afinn_vader_manual
vader_positive,fan,afinn_vader_manual
vader_positive,favor,afinn_vader_manual
vader_positive,favorably,afinn_vader_manual
vader_positive,favored,afinn_vader_manual
vader_positive,favorited,afinn_vader_manual
vader_positive,favorites,afinn_vader_manual
vader_positive,favoritism,afinn_vader_manual
vader_positive,favors,afinn_vader_manual
vader_positive,favour,afinn_vader_manual
vader_positive,favoured,afinn_vader_manual
vader_positive,favours,afinn_vader_manual
vader_positive,fearless,afinn_vader_manual
vader_positive,fearlessness,afinn_vader_manual
vader_positive,feeling,afinn_vader_manual
vader_positive,fervent,afinn_vader_manual
vader_positive,fervid,afinn_vader_manual
vader_positive,fine,afinn_vader_manual
vader_positive,fit,afinn_vader_manual
vader_positive,fitness,afinn_vader_manual
vader_positive,flagship,afinn_vader_manual
vader_positive,flattering,afinn_vader_manual
vader_positive,flawlessly,afinn_vader_manual
vader_positive,flexibility,afinn_vader_manual
vader_positive,focused,afinn_vader_manual
vader_positive,fond,afinn_vader_manual
vader_positive,forgive,afinn_vader_manual
vader_positive,forgiven,afinn_vader_manual
vader_positive,forgiving,afinn_vader_manual
vader_positive,fortunate,afinn_vader_manual
vader_positive,freedoms,afinn_vader_manual
vader_positive,freely,afinn_vader_manual
vader_positive,fresh,afinn_vader_manual
vader_positive,friendship,afinn_vader_manual
vader_positive,frisky,afinn_vader_manual
vader_positive,fulfill,afinn_vader_manual
vader_positive,fulfilled,afinn_vader_manual
vader_positive,fulfills,afinn_vader_manual
vader_positive,funnier,afinn_vader_manual
vader_positive,funny,afinn_vader_manual
vader_positive,gained,afinn_vader_manual
vader_positive,gaining,afinn_vader_manual
vader_positive,gains,afinn_vader_manual
vader_positive,gallant,afinn_vader_manual
vader_positive,gallantly,afinn_vader_manual
vader_positive,generously,afinn_vader_manual
vader_positive,genial,afinn_vader_manual
vader_positive,gift,afinn_vader_manual
vader_positive,giggle,afinn_vader_manual
vader_positive,giving,afinn_vader_manual
vader_positive,god,afinn_vader_manual
vader_positive,good,afinn_vader_manual
vader_positive,grace,afinn_vader_manual
vader_positive,grant,afinn_vader_manual
vader_positive,granted,afinn_vader_manual
vader_positive,granting,afinn_vader_manual
vader_positive,grants,afinn_vader_manual
vader_positive,gratification,afinn_vader_manual
vader_positive,gratify,afinn_vader_manual
vader_positive,greater,afinn_vader_manual
vader_positive,greet,afinn_vader_manual
vader_positive,greeted,afinn_vader_manual
vader_positive,greeting,afinn_vader_manual
vader_positive,greetings,afinn_vader_manual
vader_positive,greets,afinn_vader_manual
vader_positive,grey,afinn_vader_manual
vader_positive,grinning,afinn_vader_manual
vader_positive,growing,afinn_vader_manual
vader_positive,growth,afinn_vader_manual
vader_positive,guarantee,afinn_vader_manual
vader_positive,ha,afinn_vader_manual
vader_positive,hail,afinn_vader_manual
vader_positive,hailed,afinn_vader_manual
vader_positive,hardy,afinn_vader_manual
vader_positive,harmoniously,afinn_vader_manual
vader_positive,harmony,afinn_vader_manual
vader_positive,healthy,afinn_vader_manual
vader_positive,heavens,afinn_vader_manual
vader_positive,help,afinn_vader_manual
vader_positive,helper,afinn_vader_manual
vader_positive,helpful,afinn_vader_manual
vader_positive,helping,afinn_vader_manual
vader_positive,helps,afinn_vader_manual
vader_positive,highlight,afinn_vader_manual
vader_positive,hilarious,afinn_vader_manual
vader_positive,holiday,afinn_vader_manual
vader_positive,hope,afinn_vader_manual
vader_positive,hopefully,afinn_vader_manual
vader_positive,hopes,afinn_vader_manual
vader_positive,hoping,afinn_vader_manual
vader_positive,huge,afinn_vader_manual
vader_positive,humerous,afinn_vader_manual
vader_positive,humor,afinn_vader_manual
vader_positive,humorist,afinn_vader_manual
vader_positive,humorous,afinn_vader_manual
vader_positive,idealism,afinn_vader_manual
vader_positive,immortal,afinn_vader_manual
vader_positive,immune,afinn_vader_manual
vader_positive,importance,afinn_vader_manual
vader_positive,important,afinn_vader_manual
vader_positive,impress,afinn_vader_manual
vader_positive,impression,afinn_vader_manual
vader_positive,impressionable,afinn_vader_manual
vader_positive,improve,afinn_vader_manual
vader_positive,improves,afinn_vader_manual
vader_positive,improving,afinn_vader_manual
vader_positive,increase,afinn_vader_manual
vader_positive,increased,afinn_vader_manual
vader_positive,indestructible,afinn_vader_manual
vader_positive,infatuated,afinn_vader_manual
vader_positive,infatuation,afinn_vader_manual
vader_positive,influential,afinn_vader_manual
vader_positive,innocence,afinn_vader_manual
vader_positive,innocent,afinn_vader_manual
vader_positive,innocently,afinn_vader_manual
vader_positive,innovation,afinn_vader_manual
vader_positive,innovative,afinn_vader_manual
vader_positive,inquisitive,afinn_vader_manual
vader_positive,inspires,afinn_vader_manual
vader_positive,inspiring,afinn_vader_manual
vader_positive,intact,afinn_vader_manual
vader_positive,integrity,afinn_vader_manual
vader_positive,intense,afinn_vader_manual
vader_positive,interested,afinn_vader_manual
vader_positive,interesting,afinn_vader_manual
vader_positive,interests,afinn_vader_manual
vader_positive,intricate,afinn_vader_manual
vader_positive,intrigues,afinn_vader_manual
vader_positive,invigorate,afinn_vader_manual
vader_positive,invite,afinn_vader_manual
vader_positive,inviting,afinn_vader_manual
vader_positive,invulnerable,afinn_vader_manual
vader_positive,irresistible,afinn_vader_manual
vader_positive,jaunty,afinn_vader_manual
vader_positive,jewel,afinn_vader_manual
vader_positive,jocular,afinn_vader_manual
vader_positive,join,afinn_vader_manual
vader_positive,joke,afinn_vader_manual
vader_positive,joker,afinn_vader_manual
vader_positive,jokes,afinn_vader_manual
vader_positive,joking,afinn_vader_manual
vader_positive,jovial,afinn_vader_manual
vader_positive,justifiably,afinn_vader_manual
vader_positive,justified,afinn_vader_manual
vader_positive,keen,afinn_vader_manual
vader_positive,kiss,afinn_vader_manual
vader_positive,landmark,afinn_vader_manual
vader_positive,laughable,afinn_vader_manual
vader_positive,launched,afinn_vader_manual
vader_positive,lawl,afinn_vader_manual
vader_positive,legal,afinn_vader_manual
vader_positive,legally,afinn_vader_manual
vader_positive,lenient,afinn_vader_manual
vader_positive,lighthearted,afinn_vader_manual
vader_positive,like,afinn_vader_manual
vader_positive,liked,afinn_vader_manual
vader_positive,likes,afinn_vader_manual
vader_positive,liking,afinn_vader_manual
vader_positive,lively,afinn_vader_manual
vader_positive,lobby,afinn_vader_manual
vader_positive,lol,afinn_vader_manual
vader_positive,lucky,afinn_vader_manual
vader_positive,mandatory,afinn_vader_manual
vader_positive,marvel,afinn_vader_manual
vader_positive,matter,afinn_vader_manual
vader_positive,matters,afinn_vader_manual
vader_positive,mature,afinn_vader_manual
vader_positive,meaningful,afinn_vader_manual
vader_positive,meditative,afinn_vader_manual
vader_positive,mercy,afinn_vader_manual
vader_positive,merit,afinn_vader_manual
vader_positive,methodical,afinn_vader_manual
vader_positive,motivate,afinn_vader_manual
vader_positive,motivation,afinn_vader_manual
vader_positive,natural,afinn_vader_manual
vader_positive,neatly,afinn_vader_manual
vader_positive,nice,afinn_vader_manual
vader_positive,nifty,afinn_vader_manual
vader_positive,novel,afinn_vader_manual
vader_positive,nurture,afinn_vader_manual
vader_positive,once-in-a-lifetime,afinn_vader_manual
vader_positive,openness,afinn_vader_manual
vader_positive,opportune,afinn_vader_manual
vader_positive,opportunities,afinn_vader_manual
vader_positive,opportunity,afinn_vader_manual
vader_positive,optimistic,afinn_vader_manual
vader_positive,outmaneuvered,afinn_vader_manual
vader_positive,outreach,afinn_vader_manual
vader_positive,oversells,afinn_vader_manual
vader_positive,oversimplification,afinn_vader_manual
vader_positive,oversimplifies,afinn_vader_manual
vader_positive,overwhelmed,afinn_vader_manual
vader_positive,palatable,afinn_vader_manual
vader_positive,pardon,afinn_vader_manual
vader_positive,pardoned,afinn_vader_manual
vader_positive,pardoning,afinn_vader_manual
vader_positive,pardons,afinn_vader_manual
vader_positive,passive,afinn_vader_manual
vader_positive,peaceable,afinn_vader_manual
vader_positive,peculiarities,afinn_vader_manual
vader_positive,peculiarity,afinn_vader_manual
vader_positive,pensive,afinn_vader_manual
vader_positive,perfects,afinn_vader_manual
vader_positive,picturesque,afinn_vader_manual
vader_positive,piqued,afinn_vader_manual
vader_positive,playful,afinn_vader_manual
vader_positive,please,afinn_vader_manual
vader_positive,pleased,afinn_vader_manual
vader_positive,poised,afinn_vader_manual
vader_positive,popular,afinn_vader_manual
vader_positive,popularized,afinn_vader_manual
vader_positive,powerful,afinn_vader_manual
vader_positive,pray,afinn_vader_manual
vader_positive,praying,afinn_vader_manual
vader_positive,prays,afinn_vader_manual
vader_positive,prepared,afinn_vader_manual
vader_positive,pretending,afinn_vader_manual
vader_positive,prevent,afinn_vader_manual
vader_positive,prevented,afinn_vader_manual
vader_positive,prevents,afinn_vader_manual
vader_positive,pride,afinn_vader_manual
vader_positive,privileged,afinn_vader_manual
vader_positive,proactive,afinn_vader_manual
vader_positive,profit,afinn_vader_manual
vader_positive,profitable,afinn_vader_manual
vader_positive,profiteer,afinn_vader_manual
vader_positive,profits,afinn_vader_manual
vader_positive,progress,afinn_vader_manual
vader_positive,prominent,afinn_vader_manual
vader_positive,promise,afinn_vader_manual
vader_positive,promised,afinn_vader_manual
vader_positive,promises,afinn_vader_manual
vader_positive,promising,afinn_vader_manual
vader_positive,promote,afinn_vader_manual
vader_positive,promoted,afinn_vader_manual
vader_positive,promotes,afinn_vader_manual
vader_positive,promoting,afinn_vader_manual
vader_positive,prospect,afinn_vader_manual
vader_positive,prospects,afinn_vader_manual
vader_positive,protect,afinn_vader_manual
vader_positive,protected,afinn_vader_manual
vader_positive,protects,afinn_vader_manual
vader_positive,radiance,afinn_vader_manual
vader_positive,rapture,afinn_vader_manual
vader_positive,raptured,afinn_vader_manual
vader_positive,raptures,afinn_vader_manual
vader_positive,rapturous,afinn_vader_manual
vader_positive,ratified,afinn_vader_manual
vader_positive,reach,afinn_vader_manual
vader_positive,reached,afinn_vader_manual
vader_positive,reaches,afinn_vader_manual
vader_positive,reaching,afinn_vader_manual
vader_positive,readiness,afinn_vader_manual
vader_positive,ready,afinn_vader_manual
vader_positive,reassurance,afinn_vader_manual
vader_positive,reassure,afinn_vader_manual
vader_positive,reassured,afinn_vader_manual
vader_positive,reassures,afinn_vader_manual
vader_positive,reassuring,afinn_vader_manual
vader_positive,recommend,afinn_vader_manual
vader_positive,recommended,afinn_vader_manual
vader_positive,recommends,afinn_vader_manual
vader_positive,redeemed,afinn_vader_manual
vader_positive,rejoice,afinn_vader_manual
vader_positive,relentless,afinn_vader_manual
vader_positive,reliant,afinn_vader_manual
vader_positive,relieve,afinn_vader_manual
vader_positive,relieved,afinn_vader_manual
vader_positive,relieves,afinn_vader_manual
vader_positive,relieving,afinn_vader_manual
vader_positive,relishing,afinn_vader_manual
vader_positive,rescued,afinn_vader_manual
vader_positive,rescues,afinn_vader_manual
vader_positive,resolute,afinn_vader_manual
vader_positive,resolve,afinn_vader_manual
vader_positive,resolved,afinn_vader_manual
vader_positive,resolves,afinn_vader_manual
vader_positive,resolving,afinn_vader_manual
vader_positive,respectable,afinn_vader_manual
vader_positive,respects,afinn_vader_manual
vader_positive,responsible,afinn_vader_manual
vader_positive,responsive,afinn_vader_manual
vader_positive,restful,afinn_vader_manual
vader_positive,restore,afinn_vader_manual
vader_positive,restored,afinn_vader_manual
vader_positive,restores,afinn_vader_manual
vader_positive,restoring,afinn_vader_manual
vader_positive,retained,afinn_vader_manual
vader_positive,retreat,afinn_vader_manual
vader_positive,revive,afinn_vader_manual
vader_positive,revives,afinn_vader_manual
vader_positive,richly,afinn_vader_manual
vader_positive,robust,afinn_vader_manual
vader_positive,romantic,afinn_vader_manual
vader_positive,romantically,afinn_vader_manual
vader_positive,safe,afinn_vader_manual
vader_positive,safeguard,afinn_vader_manual
vader_positive,safekeeping,afinn_vader_manual
vader_positive,safer,afinn_vader_manual
vader_positive,safety,afinn_vader_manual
vader_positive,salient,afinn_vader_manual
vader_positive,satisfactorily,afinn_vader_manual
vader_positive,satisfied,afinn_vader_manual
vader_positive,saved,afinn_vader_manual
vader_positive,scoop,afinn_vader_manual
vader_positive,secure,afinn_vader_manual
vader_positive,secured,afinn_vader_manual
vader_positive,secures,afinn_vader_manual
vader_positive,securities,afinn_vader_manual
vader_positive,sentence,afinn_vader_manual
vader_positive,sentences,afinn_vader_manual
vader_positive,sentimental,afinn_vader_manual
vader_positive,sentimentality,afinn_vader_manual
vader_positive,share,afinn_vader_manual
vader_positive,shared,afinn_vader_manual
vader_positive,shares,afinn_vader_manual
vader_positive,sigh,afinn_vader_manual
vader_positive,significance,afinn_vader_manual
vader_positive,significant,afinn_vader_manual
vader_positive,silly,afinn_vader_manual
vader_positive,sincere,afinn_vader_manual
vader_positive,singleminded,afinn_vader_manual
vader_positive,slap,afinn_vader_manual
vader_positive,slicker,afinn_vader_manual
vader_positive,slickest,afinn_vader_manual
vader_positive,smart,afinn_vader_manual
vader_positive,smile,afinn_vader_manual
vader_positive,smug,afinn_vader_manual
vader_positive,sociable,afinn_vader_manual
vader_positive,solid,afinn_vader_manual
vader_positive,solidarity,afinn_vader_manual
vader_positive,solution,afinn_vader_manual
vader_positive,solutions,afinn_vader_manual
vader_positive,solve,afinn_vader_manual
vader_positive,solved,afinn_vader_manual
vader_positive,solves,afinn_vader_manual
vader_positive,solving,afinn_vader_manual
vader_positive,soothe,afinn_vader_manual
vader_positive,soothed,afinn_vader_manual
vader_positive,soothing,afinn_vader_manual
vader_positive,spark,afinn_vader_manual
vader_positive,sparkle,afinn_vader_manual
vader_positive,sparkles,afinn_vader_manual
vader_positive,sparkling,afinn_vader_manual
vader_positive,special,afinn_vader_manual
vader_positive,speculative,afinn_vader_manual
vader_positive,spirit,afinn_vader_manual
vader_positive,spirited,afinn_vader_manual
vader_positive,stable,afinn_vader_manual
vader_positive,stamina,afinn_vader_manual
vader_positive,startling,afinn_vader_manual
vader_positive,steadfast,afinn_vader_manual
vader_positive,stealthily,afinn_vader_manual
vader_positive,stimulate,afinn_vader_manual
vader_positive,stimulated,afinn_vader_manual
vader_positive,stimulates,afinn_vader_manual
vader_positive,stimulating,afinn_vader_manual
vader_positive,stout,afinn_vader_manual
vader_positive,straight,afinn_vader_manual
vader_positive,strengthen,afinn_vader_manual
vader_positive,strengthened,afinn_vader_manual
vader_positive,strengths,afinn_vader_manual
vader_positive,stronger,afinn_vader_manual
vader_positive,strongest,afinn_vader_manual
vader_positive,strongly,afinn_vader_manual
vader_positive,stunning,afinn_vader_manual
vader_positive,substantial,afinn_vader_manual
vader_positive,succeeded,afinn_vader_manual
vader_positive,sunny,afinn_vader_manual
vader_positive,superiority,afinn_vader_manual
vader_positive,support,afinn_vader_manual
vader_positive,supported,afinn_vader_manual
vader_positive,supporter,afinn_vader_manual
vader_positive,supporters,afinn_vader_manual
vader_positive,supporting,afinn_vader_manual
vader_positive,supportive,afinn_vader_manual
vader_positive,supports,afinn_vader_manual
vader_positive,supremacy,afinn_vader_manual
vader_positive,sure,afinn_vader_manual
vader_positive,surety,afinn_vader_manual
vader_positive,surprise,afinn_vader_manual
vader_positive,surprised,afinn_vader_manual
vader_positive,surprising,afinn_vader_manual
vader_positive,surprisingly,afinn_vader_manual
vader_positive,surviving,afinn_vader_manual
vader_positive,survivor,afinn_vader_manual
vader_positive,swears,afinn_vader_manual
vader_positive,swift,afinn_vader_manual
vader_positive,swiftly,afinn_vader_manual
vader_positive,sympathy,afinn_vader_manual
vader_positive,talent,afinn_vader_manual
vader_positive,tenderness,afinn_vader_manual
vader_positive,terrifically,afinn_vader_manual
vader_positive,thank,afinn_vader_manual
vader_positive,thanks,afinn_vader_manual
vader_positive,thoughtful,afinn_vader_manual
vader_positive,thoughtfulness,afinn_vader_manual
vader_positive,thrill,afinn_vader_manual
vader_positive,thrilled,afinn_vader_manual
vader_positive,tolerance,afinn_vader_manual
vader_positive,tolerant,afinn_vader_manual
vader_positive,top,afinn_vader_manual
vader_positive,tranquil,afinn_vader_manual
vader_positive,tranquility,afinn_vader_manual
vader_positive,treasure,afinn_vader_manual
vader_positive,treasurer,afinn_vader_manual
vader_positive,treasures,afinn_vader_manual
vader_positive,treat,afinn_vader_manual
vader_positive,true,afinn_vader_manual
vader_positive,trustee,afinn_vader_manual
vader_positive,trusting,afinn_vader_manual
vader_positive,truth,afinn_vader_manual
vader_positive,truthfulness,afinn_vader_manual
vader_positive,unbelievable,afinn_vader_manual
vader_positive,unequaled,afinn_vader_manual
vader_positive,unified,afinn_vader_manual
vader_positive,united,afinn_vader_manual
vader_positive,untarnished,afinn_vader_manual
vader_positive,urgent,afinn_vader_manual
vader_positive,useful,afinn_vader_manual
vader_positive,usefulness,afinn_vader_manual
vader_positive,validate,afinn_vader_manual
vader_positive,validated,afinn_vader_manual
vader_positive,validates,afinn_vader_manual
vader_positive,validating,afinn_vader_manual
vader_positive,verdict,afinn_vader_manual
vader_positive,verdicts,afinn_vader_manual
vader_positive,vested,afinn_vader_manual
vader_positive,vigilant,afinn_vader_manual
vader_positive,vigor,afinn_vader_manual
vader_positive,vindicate,afinn_vader_manual
vader_positive,vindicated,afinn_vader_manual
vader_positive,vindicates,afinn_vader_manual
vader_positive,virtue,afinn_vader_manual
vader_positive,vision,afinn_vader_manual
vader_positive,visioning,afinn_vader_manual
vader_positive,visions,afinn_vader_manual
vader_positive,vital,afinn_vader_manual
vader_positive,vitality,afinn_vader_manual
vader_positive,vitamin,afinn_vader_manual
vader_positive,vivacious,afinn_vader_manual
vader_positive,want,afinn_vader_manual
vader_positive,warm,afinn_vader_manual
vader_positive,warmhearted,afinn_vader_manual
vader_positive,warmness,afinn_vader_manual
vader_positive,wealthy,afinn_vader_manual
vader_positive,welcomed,afinn_vader_manual
vader_positive,welcomes,afinn_vader_manual
vader_positive,whimsical,afinn_vader_manual
vader_positive,whitewash,afinn_vader_manual
vader_positive,willingness,afinn_vader_manual
vader_positive,wish,afinn_vader_manual
vader_positive,wishes,afinn_vader_manual
vader_positive,wishing,afinn_vader_manual
vader_positive,withdrawal,afinn_vader_manual
vader_positive,worship,afinn_vader_manual
vader_positive,worth,afinn_vader_manual
vader_positive,worthy,afinn_vader_manual
vader_positive,yeah,afinn_vader_manual
vader_positive,yearning,afinn_vader_manual
vader_positive,yeees,afinn_vader_manual
vader_positive,yes,afinn_vader_manual
vader_positive,youthful,afinn_vader_manual
vader_positive,zealous,afinn_vader_manual
vader_very_negative,abandoned,afinn_vader_manual
vader_very_negative,abandonment,afinn_vader_manual
vader_very_negative,abducted,afinn_vader_manual
vader_very_negative,abduction,afinn_vader_manual
vader_very_negative,abductions,afinn_vader_manual
vader_very_negative,abhor,afinn_vader_manual
vader_very_negative,abhorred,afinn_vader_manual
vader_very_negative,abhorrent,afinn_vader_manual
vader_very_negative,abhors,afinn_vader_manual
vader_very_negative,abuse,afinn_vader_manual
vader_very_negative,abused,afinn_vader_manual
vader_very_negative,abuses,afinn_vader_manual
vader_very_negative,abusing,afinn_vader_manual
vader_very_negative,abusive,afinn_vader_manual
vader_very_negative,accident,afinn_vader_manual
vader_very_negative,aching,afinn_vader_manual
vader_very_negative,aggravate,afinn_vader_manual
vader_very_negative,agitated,afinn_vader_manual
vader_very_negative,agonise,afinn_vader_manual
vader_very_negative,agonised,afinn_vader_manual
vader_very_negative,agonises,afinn_vader_manual
vader_very_negative,agonize,afinn_vader_manual
vader_very_negative,agonized,afinn_vader_manual
vader_very_negative,agonizes,afinn_vader_manual
vader_very_negative,agonizing,afinn_vader_manual
vader_very_negative,anger,afinn_vader_manual
vader_very_negative,angered,afinn_vader_manual
vader_very_negative,angers,afinn_vader_manual
vader_very_negative,angry,afinn_vader_manual
vader_very_negative,anguish,afinn_vader_manual
vader_very_negative,apocalyptic,afinn_vader_manual
vader_very_negative,appalled,afinn_vader_manual
vader_very_negative,apprehension,afinn_vader_manual
vader_very_negative,arrested,afinn_vader_manual
vader_very_negative,arrogance,afinn_vader_manual
vader_very_negative,arrogant,afinn_vader_manual
vader_very_negative,ashamed,afinn_vader_manual
vader_very_negative,ass,afinn_vader_manual
vader_very_negative,assassination,afinn_vader_manual
vader_very_negative,assassinations,afinn_vader_manual
vader_very_negative,assault,afinn_vader_manual
vader_very_negative,assaults,afinn_vader_manual
vader_very_negative,assfucking,afinn_vader_manual
vader_very_negative,attack,afinn_vader_manual
vader_very_negative,attacked,afinn_vader_manual
vader_very_negative,attacking,afinn_vader_manual
vader_very_negative,awful,afinn_vader_manual
vader_very_negative,bad,afinn_vader_manual
vader_very_negative,badly,afinn_vader_manual
vader_very_negative,ban,afinn_vader_manual
vader_very_negative,bankrupt,afinn_vader_manual
vader_very_negative,bankster,afinn_vader_manual
vader_very_negative,banned,afinn_vader_manual
vader_very_negative,bastard,afinn_vader_manual
vader_very_negative,bastards,afinn_vader_manual
vader_very_negative,beating,afinn_vader_manual
vader_very_negative,belittled,afinn_vader_manual
vader_very_negative,bereave,afinn_vader_manual
vader_very_negative,bereaved,afinn_vader_manual
vader_very_negative,betray,afinn_vader_manual
vader_very_negative,betrayal,afinn_vader_manual
vader_very_negative,betrayed,afinn_vader_manual
vader_very_negative,betraying,afinn_vader_manual
vader_very_negative,betrays,afinn_vader_manual
vader_very_negative,bitch,afinn_vader_manual
vader_very_negative,bitches,afinn_vader_manual
vader_very_negative,bitterest,afinn_vader_manual
vader_very_negative,bitterly,afinn_vader_manual
vader_very_negative,blamed,afinn_vader_manual
vader_very_negative,blaming,afinn_vader_manual
vader_very_negative,bomb,afinn_vader_manual
vader_very_negative,broken,afinn_vader_manual
vader_very_negative,brutal,afinn_vader_manual
vader_very_negative,brutality,afinn_vader_manual
vader_very_negative,brutally,afinn_vader_manual
vader_very_negative,bullied,afinn_vader_manual
vader_very_negative,bullshit,afinn_vader_manual
vader_very_negative,bully,afinn_vader_manual
vader_very_negative,bullying,afinn_vader_manual
vader_very_negative,can't stand,afinn_vader_manual
vader_very_negative,cancer,afinn_vader_manual
vader_very_negative,casualty,afinn_vader_manual
vader_very_negative,catastrophe,afinn_vader_manual
vader_very_negative,catastrophic,afinn_vader_manual
vader_very_negative,censor,afinn_vader_manual
vader_very_negative,chaos,afinn_vader_manual
vader_very_negative,chaotic,afinn_vader_manual
vader_very_negative,chastise,afinn_vader_manual
vader_very_negative,chastised,afinn_vader_manual
vader_very_negative,cheat,afinn_vader_manual
vader_very_negative,cheated,afinn_vader_manual
vader_very_negative,cheater,afinn_vader_manual
vader_very_negative,cheating,afinn_vader_manual
vader_very_negative,choke,afinn_vader_manual
vader_very_negative,choked,afinn_vader_manual
vader_very_negative,chokes,afinn_vader_manual
vader_very_negative,choking,afinn_vader_manual
vader_very_negative,cocksucker,afinn_vader_manual
vader_very_negative,cocksuckers,afinn_vader_manual
vader_very_negative,collapse,afinn_vader_manual
vader_very_negative,condemnation,afinn_vader_manual
vader_very_negative,condemns,afinn_vader_manual
vader_very_negative,conspiracy,afinn_vader_manual
vader_very_negative,contagion,afinn_vader_manual
vader_very_negative,contempt,afinn_vader_manual
vader_very_negative,contemptuous,afinn_vader_manual
vader_very_negative,contemptuously,afinn_vader_manual
vader_very_negative,corpse,afinn_vader_manual
vader_very_negative,coward,afinn_vader_manual
vader_very_negative,crappy,afinn_vader_manual
vader_very_negative,crestfallen,afinn_vader_manual
vader_very_negative,crime,afinn_vader_manual
vader_very_negative,criminal,afinn_vader_manual
vader_very_negative,criminals,afinn_vader_manual
vader_very_negative,crisis,afinn_vader_manual
vader_very_negative,crude,afinn_vader_manual
vader_very_negative,cruel,afinn_vader_manual
vader_very_negative,cruelly,afinn_vader_manual
vader_very_negative,cruelty,afinn_vader_manual
vader_very_negative,cry,afinn_vader_manual
vader_very_negative,crying,afinn_vader_manual
vader_very_negative,cunt,afinn_vader_manual
vader_very_negative,curse,afinn_vader_manual
vader_very_negative,damage,afinn_vader_manual
vader_very_negative,damaging,afinn_vader_manual
vader_very_negative,damnation,afinn_vader_manual
vader_very_negative,damnit,afinn_vader_manual
vader_very_negative,danger,afinn_vader_manual
vader_very_negative,dangerous,afinn_vader_manual
vader_very_negative,dangerously,afinn_vader_manual
vader_very_negative,darkest,afinn_vader_manual
vader_very_negative,dead,afinn_vader_manual
vader_very_negative,death,afinn_vader_manual
vader_very_negative,deceit,afinn_vader_manual
vader_very_negative,defeat,afinn_vader_manual
vader_very_negative,defeated,afinn_vader_manual
vader_very_negative,degradation,afinn_vader_manual
vader_very_negative,degrades,afinn_vader_manual
vader_very_negative,degrading,afinn_vader_manual
vader_very_negative,dehumanizing,afinn_vader_manual
vader_very_negative,deject,afinn_vader_manual
vader_very_negative,dejected,afinn_vader_manual
vader_very_negative,dejecting,afinn_vader_manual
vader_very_negative,dejects,afinn_vader_manual
vader_very_negative,depress,afinn_vader_manual
vader_very_negative,depressed,afinn_vader_manual
vader_very_negative,depression,afinn_vader_manual
vader_very_negative,despairing,afinn_vader_manual
vader_very_negative,despairs,afinn_vader_manual
vader_very_negative,despondent,afinn_vader_manual
vader_very_negative,destroy,afinn_vader_manual
vader_very_negative,destroyed,afinn_vader_manual
vader_very_negative,destroyer,afinn_vader_manual
vader_very_negative,destroying,afinn_vader_manual
vader_very_negative,destroys,afinn_vader_manual
vader_very_negative,destruction,afinn_vader_manual
vader_very_negative,destructive,afinn_vader_manual
vader_very_negative,devastate,afinn_vader_manual
vader_very_negative,devastated,afinn_vader_manual
vader_very_negative,devastating,afinn_vader_manual
vader_very_negative,devil,afinn_vader_manual
vader_very_negative,devilish,afinn_vader_manual
vader_very_negative,dick,afinn_vader_manual
vader_very_negative,dickhead,afinn_vader_manual
vader_very_negative,die,afinn_vader_manual
vader_very_negative,died,afinn_vader_manual
vader_very_negative,dipshit,afinn_vader_manual
vader_very_negative,dire,afinn_vader_manual
vader_very_negative,direful,afinn_vader_manual
vader_very_negative,dirtiest,afinn_vader_manual
vader_very_negative,disabling,afinn_vader_manual
vader_very_negative,disappointed,afinn_vader_manual
vader_very_negative,disappointing,afinn_vader_manual
vader_very_negative,disappointment,afinn_vader_manual
vader_very_negative,disappointments,afinn_vader_manual
vader_very_negative,disaster,afinn_vader_manual
vader_very_negative,disasters,afinn_vader_manual
vader_very_negative,disastrous,afinn_vader_manual
vader_very_negative,disconsolate,afinn_vader_manual
vader_very_negative,discouragement,afinn_vader_manual
vader_very_negative,disdain,afinn_vader_manual
vader_very_negative,disgrace,afinn_vader_manual
vader_very_negative,disgraced,afinn_vader_manual
vader_very_negative,disgust,afinn_vader_manual
vader_very_negative,disgusted,afinn_vader_manual
vader_very_negative,disgustful,afinn_vader_manual
vader_very_negative,disgusting,afinn_vader_manual
vader_very_negative,disheartened,afinn_vader_manual
vader_very_negative,dishonest,afinn_vader_manual
vader_very_negative,dismal,afinn_vader_manual
vader_very_negative,disparage,afinn_vader_manual
vader_very_negative,disparaging,afinn_vader_manual
vader_very_negative,disrespected,afinn_vader_manual
vader_very_negative,dissatisfaction,afinn_vader_manual
vader_very_negative,distraught,afinn_vader_manual
vader_very_negative,distress,afinn_vader_manual
vader_very_negative,distrustful,afinn_vader_manual
vader_very_negative,disturbing,afinn_vader_manual
vader_very_negative,dolorous,afinn_vader_manual
vader_very_negative,doomed,afinn_vader_manual
vader_very_negative,doomsday,afinn_vader_manual
vader_very_negative,douchebag,afinn_vader_manual
vader_very_negative,downhearted,afinn_vader_manual
vader_very_negative,dread,afinn_vader_manual
vader_very_negative,dreaded,afinn_vader_manual
vader_very_negative,dreadfully,afinn_vader_manual
vader_very_negative,dreading,afinn_vader_manual
vader_very_negative,drown,afinn_vader_manual
vader_very_negative,drowned,afinn_vader_manual
vader_very_negative,drowns,afinn_vader_manual
vader_very_negative,dumb,afinn_vader_manual
vader_very_negative,dumbass,afinn_vader_manual
vader_very_negative,enemies,afinn_vader_manual
vader_very_negative,enemy,afinn_vader_manual
vader_very_negative,enrage,afinn_vader_manual
vader_very_negative,enraging,afinn_vader_manual
vader_very_negative,enslave,afinn_vader_manual
vader_very_negative,eviction,afinn_vader_manual
vader_very_negative,evil,afinn_vader_manual
vader_very_negative,excruciating,afinn_vader_manual
vader_very_negative,excruciatingly,afinn_vader_manual
vader_very_negative,exploited,afinn_vader_manual
vader_very_negative,fag,afinn_vader_manual
vader_very_negative,faggot,afinn_vader_manual
vader_very_negative,faggots,afinn_vader_manual
vader_very_negative,fail,afinn_vader_manual
vader_very_negative,failed,afinn_vader_manual
vader_very_negative,failing,afinn_vader_manual
vader_very_negative,failure,afinn_vader_manual
vader_very_negative,failures,afinn_vader_manual
vader_very_negative,fake,afinn_vader_manual
vader_very_negative,falsify,afinn_vader_manual
vader_very_negative,fascist,afinn_vader_manual
vader_very_negative,fatal,afinn_vader_manual
vader_very_negative,fatalities,afinn_vader_manual
vader_very_negative,fatality,afinn_vader_manual
vader_very_negative,fear,afinn_vader_manual
vader_very_negative,fearful,afinn_vader_manual
vader_very_negative,fearfully,afinn_vader_manual
vader_very_negative,fearing,afinn_vader_manual
vader_very_negative,felonies,afinn_vader_manual
vader_very_negative,felony,afinn_vader_manual
vader_very_negative,fiasco,afinn_vader_manual
vader_very_negative,fired,afinn_vader_manual
vader_very_negative,flawed,afinn_vader_manual
vader_very_negative,fools,afinn_vader_manual
vader_very_negative,forced,afinn_vader_manual
vader_very_negative,foreclosures,afinn_vader_manual
vader_very_negative,fraud,afinn_vader_manual
vader_very_negative,frauds,afinn_vader_manual
vader_very_negative,fraudster,afinn_vader_manual
vader_very_negative,fraudsters,afinn_vader_manual
vader_very_negative,fraudulence,afinn_vader_manual
vader_very_negative,fraudulent,afinn_vader_manual
vader_very_negative,freakish,afinn_vader_manual
vader_very_negative,frightening,afinn_vader_manual
vader_very_negative,frightful,afinn_vader_manual
vader_very_negative,frustrate,afinn_vader_manual
vader_very_negative,frustrated,afinn_vader_manual
vader_very_negative,frustration,afinn_vader_manual
vader_very_negative,fuck,afinn_vader_manual
vader_very_negative,fucked,afinn_vader_manual
vader_very_negative,fucker,afinn_vader_manual
vader_very_negative,fuckers,afinn_vader_manual
vader_very_negative,fuckface,afinn_vader_manual
vader_very_negative,fuckhead,afinn_vader_manual
vader_very_negative,fucktard,afinn_vader_manual
vader_very_negative,fuked,afinn_vader_manual
vader_very_negative,fuking,afinn_vader_manual
vader_very_negative,fuming,afinn_vader_manual
vader_very_negative,furious,afinn_vader_manual
vader_very_negative,fury,afinn_vader_manual
vader_very_negative,gloom,afinn_vader_manual
vader_very_negative,glum,afinn_vader_manual
vader_very_negative,goddamn,afinn_vader_manual
vader_very_negative,grief,afinn_vader_manual
vader_very_negative,grievance,afinn_vader_manual
vader_very_negative,grieved,afinn_vader_manual
vader_very_negative,grieving,afinn_vader_manual
vader_very_negative,grievous,afinn_vader_manual
vader_very_negative,grim,afinn_vader_manual
vader_very_negative,gross,afinn_vader_manual
vader_very_negative,harass,afinn_vader_manual
vader_very_negative,harassed,afinn_vader_manual
vader_very_negative,harasses,afinn_vader_manual
vader_very_negative,harassing,afinn_vader_manual
vader_very_negative,harassment,afinn_vader_manual
vader_very_negative,harm,afinn_vader_manual
vader_very_negative,harmed,afinn_vader_manual
vader_very_negative,harming,afinn_vader_manual
vader_very_negative,harms,afinn_vader_manual
vader_very_negative,harsher,afinn_vader_manual
vader_very_negative,harshest,afinn_vader_manual
vader_very_negative,hate,afinn_vader_manual
vader_very_negative,hated,afinn_vader_manual
vader_very_negative,hateful,afinn_vader_manual
vader_very_negative,haters,afinn_vader_manual
vader_very_negative,hating,afinn_vader_manual
vader_very_negative,hatred,afinn_vader_manual
vader_very_negative,haunted,afinn_vader_manual
vader_very_negative,havoc,afinn_vader_manual
vader_very_negative,heartbreaking,afinn_vader_manual
vader_very_negative,heartbroken,afinn_vader_manual
vader_very_negative,heartless,afinn_vader_manual
vader_very_negative,heavyhearted,afinn_vader_manual
vader_very_negative,hell,afinn_vader_manual
vader_very_negative,hellish,afinn_vader_manual
vader_very_negative,helpless,afinn_vader_manual
vader_very_negative,helplessness,afinn_vader_manual
vader_very_negative,heroin,afinn_vader_manual
vader_very_negative,hooliganism,afinn_vader_manual
vader_very_negative,hopeless,afinn_vader_manual
vader_very_negative,hopelessness,afinn_vader_manual
vader_very_negative,horrendous,afinn_vader_manual
vader_very_negative,horrible,afinn_vader_manual
vader_very_negative,horribly,afinn_vader_manual
vader_very_negative,horrid,afinn_vader_manual
vader_very_negative,horrific,afinn_vader_manual
vader_very_negative,horrified,afinn_vader_manual
vader_very_negative,horrifying,afinn_vader_manual
vader_very_negative,horror,afinn_vader_manual
vader_very_negative,horrors,afinn_vader_manual
vader_very_negative,hostilities,afinn_vader_manual
vader_very_negative,hostility,afinn_vader_manual
vader_very_negative,humiliate,afinn_vader_manual
vader_very_negative,humiliation,afinn_vader_manual
vader_very_negative,hurt,afinn_vader_manual
vader_very_negative,hurtful,afinn_vader_manual
vader_very_negative,hurts,afinn_vader_manual
vader_very_negative,hypocritical,afinn_vader_manual
vader_very_negative,idiot,afinn_vader_manual
vader_very_negative,idiotic,afinn_vader_manual
vader_very_negative,illegal,afinn_vader_manual
vader_very_negative,illnesses,afinn_vader_manual
vader_very_negative,imbecile,afinn_vader_manual
vader_very_negative,immoral,afinn_vader_manual
vader_very_negative,imprisoned,afinn_vader_manual
vader_very_negative,incensed,afinn_vader_manual
vader_very_negative,incompetence,afinn_vader_manual
vader_very_negative,incompetent,afinn_vader_manual
vader_very_negative,indignation,afinn_vader_manual
vader_very_negative,infected,afinn_vader_manual
vader_very_negative,infringement,afinn_vader_manual
vader_very_negative,infuriate,afinn_vader_manual
vader_very_negative,infuriated,afinn_vader_manual
vader_very_negative,infuriates,afinn_vader_manual
vader_very_negative,infuriating,afinn_vader_manual
vader_very_negative,injustice,afinn_vader_manual
vader_very_negative,insanity,afinn_vader_manual
vader_very_negative,insipid,afinn_vader_manual
vader_very_negative,insult,afinn_vader_manual
vader_very_negative,insulted,afinn_vader_manual
vader_very_negative,insulting,afinn_vader_manual
vader_very_negative,irate,afinn_vader_manual
vader_very_negative,irritable,afinn_vader_manual
vader_very_negative,irritated,afinn_vader_manual
vader_very_negative,irritating,afinn_vader_manual
vader_very_negative,irritation,afinn_vader_manual
vader_very_negative,jackasses,afinn_vader_manual
vader_very_negative,jailed,afinn_vader_manual
vader_very_negative,jealous,afinn_vader_manual
vader_very_negative,jeopardy,afinn_vader_manual
vader_very_negative,joyless,afinn_vader_manual
vader_very_negative,kill,afinn_vader_manual
vader_very_negative,killed,afinn_vader_manual
vader_very_negative,killing,afinn_vader_manual
vader_very_negative,kills,afinn_vader_manual
vader_very_negative,lament,afinn_vader_manual
vader_very_negative,lamenting,afinn_vader_manual
vader_very_negative,liar,afinn_vader_manual
vader_very_negative,liars,afinn_vader_manual
vader_very_negative,libelous,afinn_vader_manual
vader_very_negative,livid,afinn_vader_manual
vader_very_negative,loathe,afinn_vader_manual
vader_very_negative,loathed,afinn_vader_manual
vader_very_negative,loathing,afinn_vader_manual
vader_very_negative,loser,afinn_vader_manual
vader_very_negative,lousy,afinn_vader_manual
vader_very_negative,lugubrious,afinn_vader_manual
vader_very_negative,lunatic,afinn_vader_manual
vader_very_negative,lying,afinn_vader_manual
vader_very_negative,mad,afinn_vader_manual
vader_very_negative,maddening,afinn_vader_manual
vader_very_negative,maniac,afinn_vader_manual
vader_very_negative,menace,afinn_vader_manual
vader_very_negative,miserable,afinn_vader_manual
vader_very_negative,miserably,afinn_vader_manual
vader_very_negative,misery,afinn_vader_manual
vader_very_negative,misrepresentation,afinn_vader_manual
vader_very_negative,mocks,afinn_vader_manual
vader_very_negative,moron,afinn_vader_manual
vader_very_negative,moronic,afinn_vader_manual
vader_very_negative,motherfucker,afinn_vader_manual
vader_very_negative,motherfucking,afinn_vader_manual
vader_very_negative,mourns,afinn_vader_manual
vader_very_negative,murder,afinn_vader_manual
vader_very_negative,murderer,afinn_vader_manual
vader_very_negative,murdering,afinn_vader_manual
vader_very_negative,murderous,afinn_vader_manual
vader_very_negative,murders,afinn_vader_manual
vader_very_negative,nasty,afinn_vader_manual
vader_very_negative,negative,afinn_vader_manual
vader_very_negative,negativity,afinn_vader_manual
vader_very_negative,neglect,afinn_vader_manual
vader_very_negative,neglected,afinn_vader_manual
vader_very_negative,neglects,afinn_vader_manual
vader_very_negative,nigger,afinn_vader_manual
vader_very_negative,obliterate,afinn_vader_manual
vader_very_negative,obliterated,afinn_vader_manual
vader_very_negative,obnoxious,afinn_vader_manual
vader_very_negative,obscene,afinn_vader_manual
vader_very_negative,offending,afinn_vader_manual
vader_very_negative,offends,afinn_vader_manual
vader_very_negative,offensive,afinn_vader_manual
vader_very_negative,offensively,afinn_vader_manual
vader_very_negative,oppressed,afinn_vader_manual
vader_very_negative,outcry,afinn_vader_manual
vader_very_negative,outrage,afinn_vader_manual
vader_very_negative,outraged,afinn_vader_manual
vader_very_negative,outrageous,afinn_vader_manual
vader_very_negative,overreacts,afinn_vader_manual
vader_very_negative,pain,afinn_vader_manual
vader_very_negative,painfully,afinn_vader_manual
vader_very_negative,panic,afinn_vader_manual
vader_very_negative,panicked,afinn_vader_manual
vader_very_negative,pathetic,afinn_vader_manual
vader_very_negative,penalty,afinn_vader_manual
vader_very_negative,perpetrator,afinn_vader_manual
vader_very_negative,persecute,afinn_vader_manual
vader_very_negative,pervert,afinn_vader_manual
vader_very_negative,perverted,afinn_vader_manual
vader_very_negative,petrified,afinn_vader_manual
vader_very_negative,pissed,afinn_vader_manual
vader_very_negative,pitiful,afinn_vader_manual
vader_very_negative,poison,afinn_vader_manual
vader_very_negative,poisoned,afinn_vader_manual
vader_very_negative,poisoning,afinn_vader_manual
vader_very_negative,poisonous,afinn_vader_manual
vader_very_negative,poisons,afinn_vader_manual
vader_very_negative,pollute,afinn_vader_manual
vader_very_negative,polluted,afinn_vader_manual
vader_very_negative,polluters,afinn_vader_manual
vader_very_negative,pollutes,afinn_vader_manual
vader_very_negative,poor,afinn_vader_manual
vader_very_negative,poorest,afinn_vader_manual
vader_very_negative,poverty,afinn_vader_manual
vader_very_negative,powerless,afinn_vader_manual
vader_very_negative,prblms,afinn_vader_manual
vader_very_negative,prejudice,afinn_vader_manual
vader_very_negative,prejudicial,afinn_vader_manual
vader_very_negative,prison,afinn_vader_manual
vader_very_negative,prisoner,afinn_vader_manual
vader_very_negative,prisoners,afinn_vader_manual
vader_very_negative,prosecution,afinn_vader_manual
vader_very_negative,puke,afinn_vader_manual
vader_very_negative,punish,afinn_vader_manual
vader_very_negative,punished,afinn_vader_manual
vader_very_negative,punishes,afinn_vader_manual
vader_very_negative,punishing,afinn_vader_manual
vader_very_negative,punishment,afinn_vader_manual
vader_very_negative,punitive,afinn_vader_manual
vader_very_negative,racism,afinn_vader_manual
vader_very_negative,racist,afinn_vader_manual
vader_very_negative,racists,afinn_vader_manual
vader_very_negative,rage,afinn_vader_manual
vader_very_negative,rageful,afinn_vader_manual
vader_very_negative,raging,afinn_vader_manual
vader_very_negative,rancid,afinn_vader_manual
vader_very_negative,rape,afinn_vader_manual
vader_very_negative,raped,afinn_vader_manual
vader_very_negative,rapist,afinn_vader_manual
vader_very_negative,regrettable,afinn_vader_manual
vader_very_negative,rejected,afinn_vader_manual
vader_very_negative,rejecting,afinn_vader_manual
vader_very_negative,rejection,afinn_vader_manual
vader_very_negative,rejects,afinn_vader_manual
vader_very_negative,repulse,afinn_vader_manual
vader_very_negative,repulsed,afinn_vader_manual
vader_very_negative,resentful,afinn_vader_manual
vader_very_negative,retard,afinn_vader_manual
vader_very_negative,retarded,afinn_vader_manual
vader_very_negative,revenge,afinn_vader_manual
vader_very_negative,revengeful,afinn_vader_manual
vader_very_negative,ridicule,afinn_vader_manual
vader_very_negative,riot,afinn_vader_manual
vader_very_negative,riots,afinn_vader_manual
vader_very_negative,rob,afinn_vader_manual
vader_very_negative,robber,afinn_vader_manual
vader_very_negative,robs,afinn_vader_manual
vader_very_negative,rotten,afinn_vader_manual
vader_very_negative,rude,afinn_vader_manual
vader_very_negative,ruin,afinn_vader_manual
vader_very_negative,ruined,afinn_vader_manual
vader_very_negative,ruinous,afinn_vader_manual
vader_very_negative,sabotage,afinn_vader_manual
vader_very_negative,sad,afinn_vader_manual
vader_very_negative,sadden,afinn_vader_manual
vader_very_negative,saddened,afinn_vader_manual
vader_very_negative,savage,afinn_vader_manual
vader_very_negative,savagery,afinn_vader_manual
vader_very_negative,scam,afinn_vader_manual
vader_very_negative,scams,afinn_vader_manual
vader_very_negative,scandalous,afinn_vader_manual
vader_very_negative,scandals,afinn_vader_manual
vader_very_negative,scare,afinn_vader_manual
vader_very_negative,scary,afinn_vader_manual
vader_very_negative,screwed,afinn_vader_manual
vader_very_negative,scumbag,afinn_vader_manual
vader_very_negative,selfish,afinn_vader_manual
vader_very_negative,severely,afinn_vader_manual
vader_very_negative,shame,afinn_vader_manual
vader_very_negative,shamed,afinn_vader_manual
vader_very_negative,shameful,afinn_vader_manual
vader_very_negative,shattered,afinn_vader_manual
vader_very_negative,shit,afinn_vader_manual
vader_very_negative,shithead,afinn_vader_manual
vader_very_negative,shitty,afinn_vader_manual
vader_very_negative,sick,afinn_vader_manual
vader_very_negative,sickened,afinn_vader_manual
vader_very_negative,sickening,afinn_vader_manual
vader_very_negative,sin,afinn_vader_manual
vader_very_negative,sinful,afinn_vader_manual
vader_very_negative,sinister,afinn_vader_manual
vader_very_negative,sins,afinn_vader_manual
vader_very_negative,slavery,afinn_vader_manual
vader_very_negative,slut,afinn_vader_manual
vader_very_negative,smuggler,afinn_vader_manual
vader_very_negative,smuggling,afinn_vader_manual
vader_very_negative,snob,afinn_vader_manual
vader_very_negative,snubbed,afinn_vader_manual
vader_very_negative,snubs,afinn_vader_manual
vader_very_negative,son-of-a-bitch,afinn_vader_manual
vader_very_negative,sorrow,afinn_vader_manual
vader_very_negative,sorrowful,afinn_vader_manual
vader_very_negative,spammer,afinn_vader_manual
vader_very_negative,spamming,afinn_vader_manual
vader_very_negative,spite,afinn_vader_manual
vader_very_negative,stab,afinn_vader_manual
vader_very_negative,starved,afinn_vader_manual
vader_very_negative,starves,afinn_vader_manual
vader_very_negative,steal,afinn_vader_manual
vader_very_negative,stealing,afinn_vader_manual
vader_very_negative,steals,afinn_vader_manual
vader_very_negative,stinking,afinn_vader_manual
vader_very_negative,stolen,afinn_vader_manual
vader_very_negative,strangled,afinn_vader_manual
vader_very_negative,stressors,afinn_vader_manual
vader_very_negative,stricken,afinn_vader_manual
vader_very_negative,stupid,afinn_vader_manual
vader_very_negative,stupidly,afinn_vader_manual
vader_very_negative,sucker,afinn_vader_manual
vader_very_negative,suffer,afinn_vader_manual
vader_very_negative,suffered,afinn_vader_manual
vader_very_negative,sufferer,afinn_vader_manual
vader_very_negative,sufferers,afinn_vader_manual
vader_very_negative,suffering,afinn_vader_manual
vader_very_negative,suffers,afinn_vader_manual
vader_very_negative,suicidal,afinn_vader_manual
vader_very_negative,suicide,afinn_vader_manual
vader_very_negative,suspended,afinn_vader_manual
vader_very_negative,swindle,afinn_vader_manual
vader_very_negative,swindling,afinn_vader_manual
vader_very_negative,tard,afinn_vader_manual
vader_very_negative,terrible,afinn_vader_manual
vader_very_negative,terribly,afinn_vader_manual
vader_very_negative,terrified,afinn_vader_manual
vader_very_negative,terror,afinn_vader_manual
vader_very_negative,terrorism,afinn_vader_manual
vader_very_negative,terrorist,afinn_vader_manual
vader_very_negative,terrorists,afinn_vader_manual
vader_very_negative,terrorize,afinn_vader_manual
vader_very_negative,terrorized,afinn_vader_manual
vader_very_negative,terrorizes,afinn_vader_manual
vader_very_negative,thief,afinn_vader_manual
vader_very_negative,thoughtless,afinn_vader_manual
vader_very_negative,threat,afinn_vader_manual
vader_very_negative,threatened,afinn_vader_manual
vader_very_negative,threatening,afinn_vader_manual
vader_very_negative,torture,afinn_vader_manual
vader_very_negative,tortured,afinn_vader_manual
vader_very_negative,tortures,afinn_vader_manual
vader_very_negative,torturing,afinn_vader_manual
vader_very_negative,totalitarian,afinn_vader_manual
vader_very_negative,totalitarianism,afinn_vader_manual
vader_very_negative,tragedy,afinn_vader_manual
vader_very_negative,tragic,afinn_vader_manual
vader_very_negative,trapped,afinn_vader_manual
vader_very_negative,traumatic,afinn_vader_manual
vader_very_negative,travesty,afinn_vader_manual
vader_very_negative,treasonous,afinn_vader_manual
vader_very_negative,troubled,afinn_vader_manual
vader_very_negative,troubles,afinn_vader_manual
vader_very_negative,troublesome,afinn_vader_manual
vader_very_negative,troubling,afinn_vader_manual
vader_very_negative,twat,afinn_vader_manual
vader_very_negative,ugliness,afinn_vader_manual
vader_very_negative,ugly,afinn_vader_manual
vader_very_negative,unacceptable,afinn_vader_manual
vader_very_negative,unethical,afinn_vader_manual
vader_very_negative,unfair,afinn_vader_manual
vader_very_negative,unfortunate,afinn_vader_manual
vader_very_negative,ungrateful,afinn_vader_manual
vader_very_negative,unhappiness,afinn_vader_manual
vader_very_negative,unhealthy,afinn_vader_manual
vader_very_negative,unintelligent,afinn_vader_manual
vader_very_negative,uninvolving,afinn_vader_manual
vader_very_negative,unjust,afinn_vader_manual
vader_very_negative,unlovable,afinn_vader_manual
vader_very_negative,unpleasant,afinn_vader_manual
vader_very_negative,unprofessional,afinn_vader_manual
vader_very_negative,unworthy,afinn_vader_manual
vader_very_negative,upsetting,afinn_vader_manual
vader_very_negative,vexing,afinn_vader_manual
vader_very_negative,victimization,afinn_vader_manual
vader_very_negative,victimize,afinn_vader_manual
vader_very_negative,victimizing,afinn_vader_manual
vader_very_negative,vile,afinn_vader_manual
vader_very_negative,villain,afinn_vader_manual
vader_very_negative,villainous,afinn_vader_manual
vader_very_negative,violate,afinn_vader_manual
vader_very_negative,violated,afinn_vader_manual
vader_very_negative,violates,afinn_vader_manual
vader_very_negative,violating,afinn_vader_manual
vader_very_negative,violation,afinn_vader_manual
vader_very_negative,violations,afinn_vader_manual
vader_very_negative,violence,afinn_vader_manual
vader_very_negative,violent,afinn_vader_manual
vader_very_negative,violently,afinn_vader_manual
vader_very_negative,virulent,afinn_vader_manual
vader_very_negative,vitriolic,afinn_vader_manual
vader_very_negative,vulture,afinn_vader_manual
vader_very_negative,wanker,afinn_vader_manual
vader_very_negative,war,afinn_vader_manual
vader_very_negative,wasted,afinn_vader_manual
vader_very_negative,weep,afinn_vader_manual
vader_very_negative,whore,afinn_vader_manual
vader_very_negative,wicked,afinn_vader_manual
vader_very_negative,wickedness,afinn_vader_manual
vader_very_negative,widowed,afinn_vader_manual
vader_very_negative,woebegone,afinn_vader_manual
vader_very_negative,worse,afinn_vader_manual
vader_very_negative,worsen,afinn_vader_manual
vader_very_negative,worsening,afinn_vader_manual
vader_very_negative,worsens,afinn_vader_manual
vader_very_negative,worst,afinn_vader_manual
vader_very_negative,wrathful,afinn_vader_manual
vader_very_negative,wrong,afinn_vader_manual
vader_very_negative,wtf,afinn_vader_manual
vader_very_positive,acceptance,afinn_vader_manual
vader_very_positive,admirable,afinn_vader_manual
vader_very_positive,admiration,afinn_vader_manual
vader_very_positive,admire,afinn_vader_manual
vader_very_positive,admired,afinn_vader_manual
vader_very_positive,adorable,afinn_vader_manual
vader_very_positive,adoration,afinn_vader_manual
vader_very_positive,adore,afinn_vader_manual
vader_very_positive,adoring,afinn_vader_manual
vader_very_positive,adoringly,afinn_vader_manual
vader_very_positive,affection,afinn_vader_manual
vader_very_positive,agreement,afinn_vader_manual
vader_very_positive,amaze,afinn_vader_manual
vader_very_positive,amazed,afinn_vader_manual
vader_very_positive,amazes,afinn_vader_manual
vader_very_positive,amazing,afinn_vader_manual
vader_very_positive,ambitious,afinn_vader_manual
vader_very_positive,applaud,afinn_vader_manual
vader_very_positive,applauding,afinn_vader_manual
vader_very_positive,appreciated,afinn_vader_manual
vader_very_positive,appreciates,afinn_vader_manual
vader_very_positive,appreciation,afinn_vader_manual
vader_very_positive,appreciative,afinn_vader_manual
vader_very_positive,approval,afinn_vader_manual
vader_very_positive,ardent,afinn_vader_manual
vader_very_positive,astoundingly,afinn_vader_manual
vader_very_positive,astounds,afinn_vader_manual
vader_very_positive,attracting,afinn_vader_manual
vader_very_positive,attraction,afinn_vader_manual
vader_very_positive,attractively,afinn_vader_manual
vader_very_positive,award,afinn_vader_manual
vader_very_positive,awards,afinn_vader_manual
vader_very_positive,awesome,afinn_vader_manual
vader_very_positive,beauties,afinn_vader_manual
vader_very_positive,beautiful,afinn_vader_manual
vader_very_positive,beautifully,afinn_vader_manual
vader_very_positive,beautify,afinn_vader_manual
vader_very_positive,beauty,afinn_vader_manual
vader_very_positive,beloved,afinn_vader_manual
vader_very_positive,benefit,afinn_vader_manual
vader_very_positive,benevolent,afinn_vader_manual
vader_very_positive,best,afinn_vader_manual
vader_very_positive,blessed,afinn_vader_manual
vader_very_positive,blesses,afinn_vader_manual
vader_very_positive,blessing,afinn_vader_manual
vader_very_positive,blessings,afinn_vader_manual
vader_very_positive,bliss,afinn_vader_manual
vader_very_positive,blissful,afinn_vader_manual
vader_very_positive,blockbuster,afinn_vader_manual
vader_very_positive,bonus,afinn_vader_manual
vader_very_positive,brave,afinn_vader_manual
vader_very_positive,bravery,afinn_vader_manual
vader_very_positive,breathtaking,afinn_vader_manual
vader_very_positive,brightest,afinn_vader_manual
vader_very_positive,brilliance,afinn_vader_manual
vader_very_positive,brilliances,afinn_vader_manual
vader_very_positive,brilliant,afinn_vader_manual
vader_very_positive,care,afinn_vader_manual
vader_very_positive,carefulness,afinn_vader_manual
vader_very_positive,cares,afinn_vader_manual
vader_very_positive,caring,afinn_vader_manual
vader_very_positive,celebrate,afinn_vader_manual
vader_very_positive,celebrated,afinn_vader_manual
vader_very_positive,celebrates,afinn_vader_manual
vader_very_positive,celebrating,afinn_vader_manual
vader_very_positive,champion,afinn_vader_manual
vader_very_positive,champions,afinn_vader_manual
vader_very_positive,charmed,afinn_vader_manual
vader_very_positive,charming,afinn_vader_manual
vader_very_positive,charmingly,afinn_vader_manual
vader_very_positive,cheer,afinn_vader_manual
vader_very_positive,cheered,afinn_vader_manual
vader_very_positive,cheerful,afinn_vader_manual
vader_very_positive,cheerfully,afinn_vader_manual
vader_very_positive,cheerfulness,afinn_vader_manual
vader_very_positive,cheering,afinn_vader_manual
vader_very_positive,cheers,afinn_vader_manual
vader_very_positive,cheery,afinn_vader_manual
vader_very_positive,cherished,afinn_vader_manual
vader_very_positive,cherishes,afinn_vader_manual
vader_very_positive,cherishing,afinn_vader_manual
vader_very_positive,clever,afinn_vader_manual
vader_very_positive,cleverness,afinn_vader_manual
vader_very_positive,comfortable,afinn_vader_manual
vader_very_positive,comforts,afinn_vader_manual
vader_very_positive,compassion,afinn_vader_manual
vader_very_positive,compassionate,afinn_vader_manual
vader_very_positive,compliment,afinn_vader_manual
vader_very_positive,confidence,afinn_vader_manual
vader_very_positive,confident,afinn_vader_manual
vader_very_positive,confidently,afinn_vader_manual
vader_very_positive,congrats,afinn_vader_manual
vader_very_positive,congratulate,afinn_vader_manual
vader_very_positive,congratulation,afinn_vader_manual
vader_very_positive,congratulations,afinn_vader_manual
vader_very_positive,courage,afinn_vader_manual
vader_very_positive,courageous,afinn_vader_manual
vader_very_positive,courageously,afinn_vader_manual
vader_very_positive,courageousness,afinn_vader_manual
vader_very_positive,courteous,afinn_vader_manual
vader_very_positive,cute,afinn_vader_manual
vader_very_positive,darling,afinn_vader_manual
vader_very_positive,dauntless,afinn_vader_manual
vader_very_positive,dedicated,afinn_vader_manual
vader_very_positive,delectable,afinn_vader_manual
vader_very_positive,delicious,afinn_vader_manual
vader_very_positive,delight,afinn_vader_manual
vader_very_positive,delighted,afinn_vader_manual
vader_very_positive,delightful,afinn_vader_manual
vader_very_positive,delightfully,afinn_vader_manual
vader_very_positive,delights,afinn_vader_manual
vader_very_positive,devotion,afinn_vader_manual
vader_very_positive,dignified,afinn_vader_manual
vader_very_positive,divinity,afinn_vader_manual
vader_very_positive,earnest,afinn_vader_manual
vader_very_positive,ecstasy,afinn_vader_manual
vader_very_positive,ecstatic,afinn_vader_manual
vader_very_positive,effective,afinn_vader_manual
vader_very_positive,elated,afinn_vader_manual
vader_very_positive,elegance,afinn_vader_manual
vader_very_positive,elegant,afinn_vader_manual
vader_very_positive,encourage,afinn_vader_manual
vader_very_positive,encouraging,afinn_vader_manual
vader_very_positive,energized,afinn_vader_manual
vader_very_positive,enjoy,afinn_vader_manual
vader_very_positive,enjoyed,afinn_vader_manual
vader_very_positive,enjoying,afinn_vader_manual
vader_very_positive,enjoys,afinn_vader_manual
vader_very_positive,enlighten,afinn_vader_manual
vader_very_positive,enlightened,afinn_vader_manual
vader_very_positive,enlightening,afinn_vader_manual
vader_very_positive,enrapture,afinn_vader_manual
vader_very_positive,enterprising,afinn_vader_manual
vader_very_positive,enthusiastic,afinn_vader_manual
vader_very_positive,ethical,afinn_vader_manual
vader_very_positive,euphoria,afinn_vader_manual
vader_very_positive,euphoric,afinn_vader_manual
vader_very_positive,excel,afinn_vader_manual
vader_very_positive,excellence,afinn_vader_manual
vader_very_positive,excellent,afinn_vader_manual
vader_very_positive,excite,afinn_vader_manual
vader_very_positive,excitement,afinn_vader_manual
vader_very_positive,exciting,afinn_vader_manual
vader_very_positive,exhilarated,afinn_vader_manual
vader_very_positive,exhilarates,afinn_vader_manual
vader_very_positive,exuberant,afinn_vader_manual
vader_very_positive,exultant,afinn_vader_manual
vader_very_positive,fabulous,afinn_vader_manual
vader_very_positive,fantastic,afinn_vader_manual
vader_very_positive,fascinate,afinn_vader_manual
vader_very_positive,fascinated,afinn_vader_manual
vader_very_positive,fascinates,afinn_vader_manual
vader_very_positive,fascinating,afinn_vader_manual
vader_very_positive,fascination,afinn_vader_manual
vader_very_positive,faultless,afinn_vader_manual
vader_very_positive,favorable,afinn_vader_manual
vader_very_positive,favorite,afinn_vader_manual
vader_very_positive,festival,afinn_vader_manual
vader_very_positive,festive,afinn_vader_manual
vader_very_positive,fiesta,afinn_vader_manual
vader_very_positive,flawless,afinn_vader_manual
vader_very_positive,fondness,afinn_vader_manual
vader_very_positive,free,afinn_vader_manual
vader_very_positive,freedom,afinn_vader_manual
vader_very_positive,friend,afinn_vader_manual
vader_very_positive,friendliness,afinn_vader_manual
vader_very_positive,friendly,afinn_vader_manual
vader_very_positive,ftw,afinn_vader_manual
vader_very_positive,fun,afinn_vader_manual
vader_very_positive,gain,afinn_vader_manual
vader_very_positive,gallantry,afinn_vader_manual
vader_very_positive,generosity,afinn_vader_manual
vader_very_positive,generous,afinn_vader_manual
vader_very_positive,glad,afinn_vader_manual
vader_very_positive,glamorous,afinn_vader_manual
vader_very_positive,glamourous,afinn_vader_manual
vader_very_positive,glee,afinn_vader_manual
vader_very_positive,gleeful,afinn_vader_manual
vader_very_positive,glorification,afinn_vader_manual
vader_very_positive,glorify,afinn_vader_manual
vader_very_positive,glorious,afinn_vader_manual
vader_very_positive,glory,afinn_vader_manual
vader_very_positive,godsend,afinn_vader_manual
vader_very_positive,goodness,afinn_vader_manual
vader_very_positive,gorgeous,afinn_vader_manual
vader_very_positive,gr8,afinn_vader_manual
vader_very_positive,graceful,afinn_vader_manual
vader_very_positive,gracious,afinn_vader_manual
vader_very_positive,graciously,afinn_vader_manual
vader_very_positive,grand,afinn_vader_manual
vader_very_positive,grandeur,afinn_vader_manual
vader_very_positive,grateful,afinn_vader_manual
vader_very_positive,gratitude,afinn_vader_manual
vader_very_positive,great,afinn_vader_manual
vader_very_positive,greatest,afinn_vader_manual
vader_very_positive,grin,afinn_vader_manual
vader_very_positive,haha,afinn_vader_manual
vader_very_positive,hahaha,afinn_vader_manual
vader_very_positive,hallelujah,afinn_vader_manual
vader_very_positive,handsome,afinn_vader_manual
vader_very_positive,happiest,afinn_vader_manual
vader_very_positive,happily,afinn_vader_manual
vader_very_positive,happiness,afinn_vader_manual
vader_very_positive,happy,afinn_vader_manual
vader_very_positive,harmonious,afinn_vader_manual
vader_very_positive,heartfelt,afinn_vader_manual
vader_very_positive,heartwarming,afinn_vader_manual
vader_very_positive,heaven,afinn_vader_manual
vader_very_positive,heavenly,afinn_vader_manual
vader_very_positive,hero,afinn_vader_manual
vader_very_positive,heroes,afinn_vader_manual
vader_very_positive,heroic,afinn_vader_manual
vader_very_positive,heroics,afinn_vader_manual
vader_very_positive,heroine,afinn_vader_manual
vader_very_positive,heroism,afinn_vader_manual
vader_very_positive,honest,afinn_vader_manual
vader_very_positive,honesty,afinn_vader_manual
vader_very_positive,honor,afinn_vader_manual
vader_very_positive,honorable,afinn_vader_manual
vader_very_positive,honored,afinn_vader_manual
vader_very_positive,honoring,afinn_vader_manual
vader_very_positive,honour,afinn_vader_manual
vader_very_positive,honoured,afinn_vader_manual
vader_very_positive,honouring,afinn_vader_manual
vader_very_positive,hopeful,afinn_vader_manual
vader_very_positive,hug,afinn_vader_manual
vader_very_positive,hugs,afinn_vader_manual
vader_very_positive,humour,afinn_vader_manual
vader_very_positive,humourous,afinn_vader_manual
vader_very_positive,hurrah,afinn_vader_manual
vader_very_positive,impressed,afinn_vader_manual
vader_very_positive,impresses,afinn_vader_manual
vader_very_positive,impressive,afinn_vader_manual
vader_very_positive,improved,afinn_vader_manual
vader_very_positive,improvement,afinn_vader_manual
vader_very_positive,innovate,afinn_vader_manual
vader_very_positive,innovates,afinn_vader_manual
vader_very_positive,inspiration,afinn_vader_manual
vader_very_positive,inspirational,afinn_vader_manual
vader_very_positive,inspire,afinn_vader_manual
vader_very_positive,inspired,afinn_vader_manual
vader_very_positive,intellect,afinn_vader_manual
vader_very_positive,intellectual,afinn_vader_manual
vader_very_positive,intelligence,afinn_vader_manual
vader_very_positive,intelligent,afinn_vader_manual
vader_very_positive,interest,afinn_vader_manual
vader_very_positive,invincible,afinn_vader_manual
vader_very_positive,jewels,afinn_vader_manual
vader_very_positive,jolly,afinn_vader_manual
vader_very_positive,joy,afinn_vader_manual
vader_very_positive,joyful,afinn_vader_manual
vader_very_positive,joyfully,afinn_vader_manual
vader_very_positive,joyous,afinn_vader_manual
vader_very_positive,jubilant,afinn_vader_manual
vader_very_positive,justice,afinn_vader_manual
vader_very_positive,kind,afinn_vader_manual
vader_very_positive,kinder,afinn_vader_manual
vader_very_positive,kindness,afinn_vader_manual
vader_very_positive,kudos,afinn_vader_manual
vader_very_positive,laugh,afinn_vader_manual
vader_very_positive,laughed,afinn_vader_manual
vader_very_positive,laughing,afinn_vader_manual
vader_very_positive,laughs,afinn_vader_manual
vader_very_positive,laughter,afinn_vader_manual
vader_very_positive,liberty,afinn_vader_manual
vader_very_positive,lifesaver,afinn_vader_manual
vader_very_positive,likeable,afinn_vader_manual
vader_very_positive,lmao,afinn_vader_manual
vader_very_positive,lmfao,afinn_vader_manual
vader_very_positive,lovable,afinn_vader_manual
vader_very_positive,love,afinn_vader_manual
vader_very_positive,loved,afinn_vader_manual
vader_very_positive,lovelies,afinn_vader_manual
vader_very_positive,lovely,afinn_vader_manual
vader_very_positive,lover,afinn_vader_manual
vader_very_positive,loves,afinn_vader_manual
vader_very_positive,loving,afinn_vader_manual
vader_very_positive,loyal,afinn_vader_manual
vader_very_positive,loyalty,afinn_vader_manual
vader_very_positive,luck,afinn_vader_manual
vader_very_positive,luckily,afinn_vader_manual
vader_very_positive,magnificence,afinn_vader_manual
vader_very_positive,magnificent,afinn_vader_manual
vader_very_positive,marvelous,afinn_vader_manual
vader_very_positive,marvels,afinn_vader_manual
vader_very_positive,masterpiece,afinn_vader_manual
vader_very_positive,masterpieces,afinn_vader_manual
vader_very_positive,medal,afinn_vader_manual
vader_very_positive,meritorious,afinn_vader_manual
vader_very_positive,merriment,afinn_vader_manual
vader_very_positive,merry,afinn_vader_manual
vader_very_positive,miracle,afinn_vader_manual
vader_very_positive,mirth,afinn_vader_manual
vader_very_positive,mirthful,afinn_vader_manual
vader_very_positive,mirthfully,afinn_vader_manual
vader_very_positive,motivated,afinn_vader_manual
vader_very_positive,motivating,afinn_vader_manual
vader_very_positive,noble,afinn_vader_manual
vader_very_positive,nurturing,afinn_vader_manual
vader_very_positive,optimism,afinn_vader_manual
vader_very_positive,optimist,afinn_vader_manual
vader_very_positive,outstanding,afinn_vader_manual
vader_very_positive,overjoyed,afinn_vader_manual
vader_very_positive,paradise,afinn_vader_manual
vader_very_positive,passion,afinn_vader_manual
vader_very_positive,passionate,afinn_vader_manual
vader_very_positive,peace,afinn_vader_manual
vader_very_positive,peaceful,afinn_vader_manual
vader_very_positive,peacefully,afinn_vader_manual
vader_very_positive,perfect,afinn_vader_manual
vader_very_positive,perfected,afinn_vader_manual
vader_very_positive,perfection,afinn_vader_manual
vader_very_positive,perfectly,afinn_vader_manual
vader_very_positive,pleasant,afinn_vader_manual
vader_very_positive,pleasurable,afinn_vader_manual
vader_very_positive,pleasure,afinn_vader_manual
vader_very_positive,popularity,afinn_vader_manual
vader_very_positive,positive,afinn_vader_manual
vader_very_positive,positively,afinn_vader_manual
vader_very_positive,praise,afinn_vader_manual
vader_very_positive,praised,afinn_vader_manual
vader_very_positive,praises,afinn_vader_manual
vader_very_positive,praiseworthy,afinn_vader_manual
vader_very_positive,praising,afinn_vader_manual
vader_very_positive,precious,afinn_vader_manual
vader_very_positive,pretty,afinn_vader_manual
vader_very_positive,prosperous,afinn_vader_manual
vader_very_positive,proud,afinn_vader_manual
vader_very_positive,proudly,afinn_vader_manual
vader_very_positive,radiant,afinn_vader_manual
vader_very_positive,rejoiced,afinn_vader_manual
vader_very_positive,rejoices,afinn_vader_manual
vader_very_positive,rejoicing,afinn_vader_manual
vader_very_positive,relaxation,afinn_vader_manual
vader_very_positive,relaxed,afinn_vader_manual
vader_very_positive,relief,afinn_vader_manual
vader_very_positive,remarkable,afinn_vader_manual
vader_very_positive,rescue,afinn_vader_manual
vader_very_positive,respect,afinn_vader_manual
vader_very_positive,respectability,afinn_vader_manual
vader_very_positive,respected,afinn_vader_manual
vader_very_positive,respectful,afinn_vader_manual
vader_very_positive,respecting,afinn_vader_manual
vader_very_positive,revered,afinn_vader_manual
vader_very_positive,reward,afinn_vader_manual
vader_very_positive,rewarded,afinn_vader_manual
vader_very_positive,rewarding,afinn_vader_manual
vader_very_positive,rewards,afinn_vader_manual
vader_very_positive,rich,afinn_vader_manual
vader_very_positive,richness,afinn_vader_manual
vader_very_positive,rofl,afinn_vader_manual
vader_very_positive,roflcopter,afinn_vader_manual
vader_very_positive,roflmao,afinn_vader_manual
vader_very_positive,romance,afinn_vader_manual
vader_very_positive,romanticism,afinn_vader_manual
vader_very_positive,rotfl,afinn_vader_manual
vader_very_positive,rotflmfao,afinn_vader_manual
vader_very_positive,rotflol,afinn_vader_manual
vader_very_positive,safely,afinn_vader_manual
vader_very_positive,save,afinn_vader_manual
vader_very_positive,scrumptious,afinn_vader_manual
vader_very_positive,self-confident,afinn_vader_manual
vader_very_positive,serene,afinn_vader_manual
vader_very_positive,sexy,afinn_vader_manual
vader_very_positive,sincerely,afinn_vader_manual
vader_very_positive,sincerest,afinn_vader_manual
vader_very_positive,smarter,afinn_vader_manual
vader_very_positive,smartest,afinn_vader_manual
vader_very_positive,smiled,afinn_vader_manual
vader_very_positive,smiles,afinn_vader_manual
vader_very_positive,smiling,afinn_vader_manual
vader_very_positive,sophisticated,afinn_vader_manual
vader_very_positive,soulmate,afinn_vader_manual
vader_very_positive,splendid,afinn_vader_manual
vader_very_positive,splendor,afinn_vader_manual
vader_very_positive,sprightly,afinn_vader_manual
vader_very_positive,strength,afinn_vader_manual
vader_very_positive,strengthening,afinn_vader_manual
vader_very_positive,strengthens,afinn_vader_manual
vader_very_positive,strong,afinn_vader_manual
vader_very_positive,suave,afinn_vader_manual
vader_very_positive,succeed,afinn_vader_manual
vader_very_positive,succeeding,afinn_vader_manual
vader_very_positive,succeeds,afinn_vader_manual
vader_very_positive,success,afinn_vader_manual
vader_very_positive,successful,afinn_vader_manual
vader_very_positive,successfully,afinn_vader_manual
vader_very_positive,sunshine,afinn_vader_manual
vader_very_positive,super,afinn_vader_manual
vader_very_positive,superb,afinn_vader_manual
vader_very_positive,superior,afinn_vader_manual
vader_very_positive,supreme,afinn_vader_manual
vader_very_positive,supremely,afinn_vader_manual
vader_very_positive,survived,afinn_vader_manual
vader_very_positive,sweet,afinn_vader_manual
vader_very_positive,sweetheart,afinn_vader_manual
vader_very_positive,sweetie,afinn_vader_manual
vader_very_positive,sweetness,afinn_vader_manual
vader_very_positive,sweets,afinn_vader_manual
vader_very_positive,sympathetic,afinn_vader_manual
vader_very_positive,terrific,afinn_vader_manual
vader_very_positive,thankful,afinn_vader_manual
vader_very_positive,thrilling,afinn_vader_manual
vader_very_positive,tops,afinn_vader_manual
vader_very_positive,triumph,afinn_vader_manual
vader_very_positive,triumphant,afinn_vader_manual
vader_very_positive,trust,afinn_vader_manual
vader_very_positive,trusted,afinn_vader_manual
vader_very_positive,trusts,afinn_vader_manual
vader_very_positive,trustworthy,afinn_vader_manual
vader_very_positive,trusty,afinn_vader_manual
vader_very_positive,truthful,afinn_vader_manual
vader_very_positive,valuable,afinn_vader_manual
vader_very_positive,vibrant,afinn_vader_manual
vader_very_positive,virtuous,afinn_vader_manual
vader_very_positive,visionary,afinn_vader_manual
vader_very_positive,warmth,afinn_vader_manual
vader_very_positive,wealth,afinn_vader_manual
vader_very_positive,wealthier,afinn_vader_manual
vader_very_positive,welcome,afinn_vader_manual
vader_very_positive,win,afinn_vader_manual
vader_very_positive,winner,afinn_vader_manual
vader_very_positive,winning,afinn_vader_manual
vader_very_positive,winnings,afinn_vader_manual
vader_very_positive,wins,afinn_vader_manual
vader_very_positive,wisdom,afinn_vader_manual
vader_very_positive,wise,afinn_vader_manual
vader_very_positive,won,afinn_vader_manual
vader_very_positive,wonderful,afinn_vader_manual
vader_very_positive,wonderfully,afinn_vader_manual
vader_very_positive,woo,afinn_vader_manual
vader_very_positive,woohoo,afinn_vader_manual
vader_very_positive,worshiped,afinn_vader_manual
vader_very_positive,wow,afinn_vader_manual
vader_very_positive,xoxo,afinn_vader_manual
vader_very_positive,yummy,afinn_vader_manual
nrc_anger,abandoned,nrc_emolex
nrc_anger,abandonment,nrc_emolex
nrc_anger,abhor,nrc_emolex
nrc_anger,abhorrent,nrc_emolex
nrc_anger,abuse,nrc_emolex
nrc_anger,accusation,nrc_emolex
nrc_anger,accused,nrc_emolex
nrc_anger,accusing,nrc_emolex
nrc_anger,adversary,nrc_emolex
nrc_anger,adverse,nrc_emolex
nrc_anger,adversity,nrc_emolex
nrc_anger,aggravated,nrc_emolex
nrc_anger,aggravating,nrc_emolex
nrc_anger,aggression,nrc_emolex
nrc_anger,aggressive,nrc_emolex
nrc_anger,aggressor,nrc_emolex
nrc_anger,agitated,nrc_emolex
nrc_anger,agitation,nrc_emolex
nrc_anger,agony,nrc_emolex
nrc_anger,alienation,nrc_emolex
nrc_anger,allegation,nrc_emolex
nrc_anger,anger,nrc_emolex
nrc_anger,angry,nrc_emolex
nrc_anger,anguish,nrc_emolex
nrc_anger,animosity,nrc_emolex
nrc_anger,annoy,nrc_emolex
nrc_anger,annoyance,nrc_emolex
nrc_anger,annoying,nrc_emolex
nrc_anger,antagonism,nrc_emolex
nrc_anger,antagonist,nrc_emolex
nrc_anger,antagonistic,nrc_emolex
nrc_anger,anxiety,nrc_emolex
nrc_anger,argue,nrc_emolex
nrc_anger,argument,nrc_emolex
nrc_anger,arguments,nrc_emolex
nrc_anger,arrogant,nrc_emolex
nrc_anger,assassination,nrc_emolex
nrc_anger,assault,nrc_emolex
nrc_anger,asshole,nrc_emolex
nrc_anger,atrocious,nrc_emolex
nrc_anger,atrocity,nrc_emolex
nrc_anger,attack,nrc_emolex
nrc_anger,attacking,nrc_emolex
nrc_anger,avenger,nrc_emolex
nrc_anger,aversion,nrc_emolex
nrc_anger,awful,nrc_emolex
nrc_anger,bad,nrc_emolex
nrc_anger,badness,nrc_emolex
nrc_anger,banish,nrc_emolex
nrc_anger,bankruptcy,nrc_emolex
nrc_anger,barbaric,nrc_emolex
nrc_anger,barrier,nrc_emolex
nrc_anger,battle,nrc_emolex
nrc_anger,battled,nrc_emolex
nrc_anger,beating,nrc_emolex
nrc_anger,belittle,nrc_emolex
nrc_anger,belligerent,nrc_emolex
nrc_anger,betray,nrc_emolex
nrc_anger,betrayal,nrc_emolex
nrc_anger,bias,nrc_emolex
nrc_anger,bitch,nrc_emolex
nrc_anger,bitterly,nrc_emolex
nrc_anger,bitterness,nrc_emolex
nrc_anger,blackmail,nrc_emolex
nrc_anger,blame,nrc_emolex
nrc_anger,blockade,nrc_emolex
nrc_anger,bloody,nrc_emolex
nrc_anger,bomb,nrc_emolex
nrc_anger,bothering,nrc_emolex
nrc_anger,broken,nrc_emolex
nrc_anger,brutal,nrc_emolex
nrc_anger,brutality,nrc_emolex
nrc_anger,bully,nrc_emolex
nrc_anger,bummer,nrc_emolex
nrc_anger,cancer,nrc_emolex
nrc_anger,carelessness,nrc_emolex
nrc_anger,casualty,nrc_emolex
nrc_anger,catastrophe,nrc_emolex
nrc_anger,censor,nrc_emolex
nrc_anger,challenge,nrc_emolex
nrc_anger,chaos,nrc_emolex
nrc_anger,chaotic,nrc_emolex
nrc_anger,cheat,nrc_emolex
nrc_anger,choke,nrc_emolex
nrc_anger,clash,nrc_emolex
nrc_anger,coercion,nrc_emolex
nrc_anger,collision,nrc_emolex
nrc_anger,combat,nrc_emolex
nrc_anger,complain,nrc_emolex
nrc_anger,complaint,nrc_emolex
nrc_anger,condemn,nrc_emolex
nrc_anger,condemnation,nrc_emolex
nrc_anger,conflict,nrc_emolex
nrc_anger,confront,nrc_emolex
nrc_anger,confusion,nrc_emolex
nrc_anger,contempt,nrc_emolex
nrc_anger,contemptible,nrc_emolex
nrc_anger,contemptuous,nrc_emolex
nrc_anger,contentious,nrc_emolex
nrc_anger,contradict,nrc_emolex
nrc_anger,controversial,nrc_emolex
nrc_anger,corrupting,nrc_emolex
nrc_anger,crazed,nrc_emolex
nrc_anger,crazy,nrc_emolex
nrc_anger,crime,nrc_emolex
nrc_anger,criminal,nrc_emolex
nrc_anger,criticism,nrc_emolex
nrc_anger,criticize,nrc_emolex
nrc_anger,cruel,nrc_emolex
nrc_anger,cruelly,nrc_emolex
nrc_anger,cruelty,nrc_emolex
nrc_anger,crushed,nrc_emolex
nrc_anger,crushing,nrc_emolex
nrc_anger,curse,nrc_emolex
nrc_anger,cutting,nrc_emolex
nrc_anger,damage,nrc_emolex
nrc_anger,damn,nrc_emolex
nrc_anger,damnation,nrc_emolex
nrc_anger,darkness,nrc_emolex
nrc_anger,deadly,nrc_emolex
nrc_anger,death,nrc_emolex
nrc_anger,deceit,nrc_emolex
nrc_anger,deceive,nrc_emolex
nrc_anger,deceived,nrc_emolex
nrc_anger,defect,nrc_emolex
nrc_anger,defense,nrc_emolex
nrc_anger,defiant,nrc_emolex
nrc_anger,defraud,nrc_emolex
nrc_anger,delay,nrc_emolex
nrc_anger,demand,nrc_emolex
nrc_anger,denounce,nrc_emolex
nrc_anger,deny,nrc_emolex
nrc_anger,deplore,nrc_emolex
nrc_anger,deportation,nrc_emolex
nrc_anger,depressed,nrc_emolex
nrc_anger,deprivation,nrc_emolex
nrc_anger,derision,nrc_emolex
nrc_anger,despair,nrc_emolex
nrc_anger,despise,nrc_emolex
nrc_anger,destroyed,nrc_emolex
nrc_anger,destroyer,nrc_emolex
nrc_anger,destroying,nrc_emolex
nrc_anger,destruction,nrc_emolex
nrc_anger,destructive,nrc_emolex
nrc_anger,detract,nrc_emolex
nrc_anger,devastate,nrc_emolex
nrc_anger,devastating,nrc_emolex
nrc_anger,devastation,nrc_emolex
nrc_anger,devil,nrc_emolex
nrc_anger,difficulty,nrc_emolex
nrc_anger,disagree,nrc_emolex
nrc_anger,disagreeing,nrc_emolex
nrc_anger,disagreement,nrc_emolex
nrc_anger,disappoint,nrc_emolex
nrc_anger,disappointed,nrc_emolex
nrc_anger,disapprove,nrc_emolex
nrc_anger,disapproved,nrc_emolex
nrc_anger,disapproving,nrc_emolex
nrc_anger,disaster,nrc_emolex
nrc_anger,disastrous,nrc_emolex
nrc_anger,discord,nrc_emolex
nrc_anger,discriminate,nrc_emolex
nrc_anger,disdain,nrc_emolex
nrc_anger,disease,nrc_emolex
nrc_anger,disgrace,nrc_emolex
nrc_anger,disgraced,nrc_emolex
nrc_anger,disgust,nrc_emolex
nrc_anger,disgusting,nrc_emolex
nrc_anger,dishonest,nrc_emolex
nrc_anger,disillusionment,nrc_emolex
nrc_anger,dislike,nrc_emolex
nrc_anger,disliked,nrc_emolex
nrc_anger,dismay,nrc_emolex
nrc_anger,disparage,nrc_emolex
nrc_anger,disparaging,nrc_emolex
nrc_anger,displeased,nrc_emolex
nrc_anger,dispute,nrc_emolex
nrc_anger,disqualified,nrc_emolex
nrc_anger,disrespect,nrc_emolex
nrc_anger,disruption,nrc_emolex
nrc_anger,distracted,nrc_emolex
nrc_anger,distracting,nrc_emolex
nrc_anger,distress,nrc_emolex
nrc_anger,distressing,nrc_emolex
nrc_anger,distrust,nrc_emolex
nrc_anger,disturbance,nrc_emolex
nrc_anger,disturbed,nrc_emolex
nrc_anger,dominate,nrc_emolex
nrc_anger,domination,nrc_emolex
nrc_anger,doomsday,nrc_emolex
nrc_anger,dreadful,nrc_emolex
nrc_anger,dumps,nrc_emolex
nrc_anger,dupe,nrc_emolex
nrc_anger,dying,nrc_emolex
nrc_anger,enemy,nrc_emolex
nrc_anger,enslaved,nrc_emolex
nrc_anger,eviction,nrc_emolex
nrc_anger,evil,nrc_emolex
nrc_anger,exaggerate,nrc_emolex
nrc_anger,excitation,nrc_emolex
nrc_anger,excite,nrc_emolex
nrc_anger,expel,nrc_emolex
nrc_anger,failing,nrc_emolex
nrc_anger,fatal,nrc_emolex
nrc_anger,fear,nrc_emolex
nrc_anger,feeling,nrc_emolex
nrc_anger,ferocious,nrc_emolex
nrc_anger,ferocity,nrc_emolex
nrc_anger,feud,nrc_emolex
nrc_anger,feudalism,nrc_emolex
nrc_anger,fight,nrc_emolex
nrc_anger,fighting,nrc_emolex
nrc_anger,foe,nrc_emolex
nrc_anger,forbidding,nrc_emolex
nrc_anger,forsaken,nrc_emolex
nrc_anger,foul,nrc_emolex
nrc_anger,fraud,nrc_emolex
nrc_anger,fraudulent,nrc_emolex
nrc_anger,frightful,nrc_emolex
nrc_anger,frowning,nrc_emolex
nrc_anger,frustrate,nrc_emolex
nrc_anger,frustrated,nrc_emolex
nrc_anger,frustration,nrc_emolex
nrc_anger,fuming,nrc_emolex
nrc_anger,furious,nrc_emolex
nrc_anger,furiously,nrc_emolex
nrc_anger,fury,nrc_emolex
nrc_anger,grating,nrc_emolex
nrc_anger,greed,nrc_emolex
nrc_anger,grievance,nrc_emolex
nrc_anger,grievous,nrc_emolex
nrc_anger,grim,nrc_emolex
nrc_anger,guilty,nrc_emolex
nrc_anger,gun,nrc_emolex
nrc_anger,harass,nrc_emolex
nrc_anger,harassing,nrc_emolex
nrc_anger,harmful,nrc_emolex
nrc_anger,hate,nrc_emolex
nrc_anger,hateful,nrc_emolex
nrc_anger,hating,nrc_emolex
nrc_anger,hatred,nrc_emolex
nrc_anger,havoc,nrc_emolex
nrc_anger,hell,nrc_emolex
nrc_anger,hellish,nrc_emolex
nrc_anger,hoax,nrc_emolex
nrc_anger,homeless,nrc_emolex
nrc_anger,homicide,nrc_emolex
nrc_anger,honest,nrc_emolex
nrc_anger,hopelessness,nrc_emolex
nrc_anger,horrible,nrc_emolex
nrc_anger,horrid,nrc_emolex
nrc_anger,horrific,nrc_emolex
nrc_anger,horror,nrc_emolex
nrc_anger,hostile,nrc_emolex
nrc_anger,hostilities,nrc_emolex
nrc_anger,hostility,nrc_emolex
nrc_anger,humbug,nrc_emolex
nrc_anger,humiliate,nrc_emolex
nrc_anger,hurt,nrc_emolex
nrc_anger,hurtful,nrc_emolex
nrc_anger,hurting,nrc_emolex
nrc_anger,hysterical,nrc_emolex
nrc_anger,idiocy,nrc_emolex
nrc_anger,idiotic,nrc_emolex
nrc_anger,ill,nrc_emolex
nrc_anger,illegal,nrc_emolex
nrc_anger,illegitimate,nrc_emolex
nrc_anger,immoral,nrc_emolex
nrc_anger,immorality,nrc_emolex
nrc_anger,imprisoned,nrc_emolex
nrc_anger,imprisonment,nrc_emolex
nrc_anger,inappropriate,nrc_emolex
nrc_anger,incense,nrc_emolex
nrc_anger,incompetent,nrc_emolex
nrc_anger,inconsiderate,nrc_emolex
nrc_anger,inconvenient,nrc_emolex
nrc_anger,incredulous,nrc_emolex
nrc_anger,indifference,nrc_emolex
nrc_anger,indignant,nrc_emolex
nrc_anger,indignation,nrc_emolex
nrc_anger,inept,nrc_emolex
nrc_anger,inexcusable,nrc_emolex
nrc_anger,infantile,nrc_emolex
nrc_anger,inflict,nrc_emolex
nrc_anger,inhibit,nrc_emolex
nrc_anger,inhuman,nrc_emolex
nrc_anger,injury,nrc_emolex
nrc_anger,injustice,nrc_emolex
nrc_anger,inoperative,nrc_emolex
nrc_anger,insane,nrc_emolex
nrc_anger,insanity,nrc_emolex
nrc_anger,insecure,nrc_emolex
nrc_anger,insignificant,nrc_emolex
nrc_anger,insufficiency,nrc_emolex
nrc_anger,insult,nrc_emolex
nrc_anger,insulting,nrc_emolex
nrc_anger,intense,nrc_emolex
nrc_anger,interrupt,nrc_emolex
nrc_anger,intimidation,nrc_emolex
nrc_anger,invasion,nrc_emolex
nrc_anger,irate,nrc_emolex
nrc_anger,irritability,nrc_emolex
nrc_anger,irritable,nrc_emolex
nrc_anger,irritating,nrc_emolex
nrc_anger,irritation,nrc_emolex
nrc_anger,jealous,nrc_emolex
nrc_anger,jealousy,nrc_emolex
nrc_anger,jerk,nrc_emolex
nrc_anger,kidnap,nrc_emolex
nrc_anger,killing,nrc_emolex
nrc_anger,lagging,nrc_emolex
nrc_anger,lawsuit,nrc_emolex
nrc_anger,limited,nrc_emolex
nrc_anger,litigious,nrc_emolex
nrc_anger,livid,nrc_emolex
nrc_anger,loathe,nrc_emolex
nrc_anger,loathsome,nrc_emolex
nrc_anger,lonely,nrc_emolex
nrc_anger,lose,nrc_emolex
nrc_anger,losing,nrc_emolex
nrc_anger,loss,nrc_emolex
nrc_anger,lunatic,nrc_emolex
nrc_anger,lying,nrc_emolex
nrc_anger,mad,nrc_emolex
nrc_anger,madness,nrc_emolex
nrc_anger,maniac,nrc_emolex
nrc_anger,manipulation,nrc_emolex
nrc_anger,manslaughter,nrc_emolex
nrc_anger,masochism,nrc_emolex
nrc_anger,menace,nrc_emolex
nrc_anger,miserable,nrc_emolex
nrc_anger,misery,nrc_emolex
nrc_anger,mislead,nrc_emolex
nrc_anger,misleading,nrc_emolex
nrc_anger,misplace,nrc_emolex
nrc_anger,misrepresented,nrc_emolex
nrc_anger,misunderstanding,nrc_emolex
nrc_anger,mocking,nrc_emolex
nrc_anger,molestation,nrc_emolex
nrc_anger,moody,nrc_emolex
nrc_anger,mournful,nrc_emolex
nrc_anger,murder,nrc_emolex
nrc_anger,murderer,nrc_emolex
nrc_anger,murderous,nrc_emolex
nrc_anger,nag,nrc_emolex
nrc_anger,nasty,nrc_emolex
nrc_anger,neglected,nrc_emolex
nrc_anger,noisy,nrc_emolex
nrc_anger,nurture,nrc_emolex
nrc_anger,obliterate,nrc_emolex
nrc_anger,obliterated,nrc_emolex
nrc_anger,obnoxious,nrc_emolex
nrc_anger,obscenity,nrc_emolex
nrc_anger,obstacle,nrc_emolex
nrc_anger,obstruct,nrc_emolex
nrc_anger,offend,nrc_emolex
nrc_anger,offended,nrc_emolex
nrc_anger,offender,nrc_emolex
nrc_anger,offense,nrc_emolex
nrc_anger,offensive,nrc_emolex
nrc_anger,oppression,nrc_emolex
nrc_anger,oppressive,nrc_emolex
nrc_anger,outcry,nrc_emolex
nrc_anger,outrage,nrc_emolex
nrc_anger,painful,nrc_emolex
nrc_anger,penalty,nrc_emolex
nrc_anger,perpetrator,nrc_emolex
nrc_anger,persecute,nrc_emolex
nrc_anger,perverse,nrc_emolex
nrc_anger,perversion,nrc_emolex
nrc_anger,pervert,nrc_emolex
nrc_anger,pessimism,nrc_emolex
nrc_anger,pillage,nrc_emolex
nrc_anger,pique,nrc_emolex
nrc_anger,playful,nrc_emolex
nrc_anger,poison,nrc_emolex
nrc_anger,poisoned,nrc_emolex
nrc_anger,poisonous,nrc_emolex
nrc_anger,poverty,nrc_emolex
nrc_anger,powerful,nrc_emolex
nrc_anger,powerless,nrc_emolex
nrc_anger,prejudice,nrc_emolex
nrc_anger,prejudicial,nrc_emolex
nrc_anger,pretending,nrc_emolex
nrc_anger,prick,nrc_emolex
nrc_anger,prison,nrc_emolex
nrc_anger,prisoner,nrc_emolex
nrc_anger,prosecute,nrc_emolex
nrc_anger,provoking,nrc_emolex
nrc_anger,punished,nrc_emolex
nrc_anger,punishing,nrc_emolex
nrc_anger,punishment,nrc_emolex
nrc_anger,punitive,nrc_emolex
nrc_anger,rage,nrc_emolex
nrc_anger,raging,nrc_emolex
nrc_anger,rape,nrc_emolex
nrc_anger,rebel,nrc_emolex
nrc_anger,rebellion,nrc_emolex
nrc_anger,recession,nrc_emolex
nrc_anger,reckless,nrc_emolex
nrc_anger,reject,nrc_emolex
nrc_anger,rejection,nrc_emolex
nrc_anger,rejects,nrc_emolex
nrc_anger,repellent,nrc_emolex
nrc_anger,reprimand,nrc_emolex
nrc_anger,resent,nrc_emolex
nrc_anger,resentful,nrc_emolex
nrc_anger,resentment,nrc_emolex
nrc_anger,resign,nrc_emolex
nrc_anger,restriction,nrc_emolex
nrc_anger,revenge,nrc_emolex
nrc_anger,revolting,nrc_emolex
nrc_anger,ridicule,nrc_emolex
nrc_anger,ridiculous,nrc_emolex
nrc_anger,riot,nrc_emolex
nrc_anger,rob,nrc_emolex
nrc_anger,ruined,nrc_emolex
nrc_anger,ruinous,nrc_emolex
nrc_anger,sabotage,nrc_emolex
nrc_anger,sarcasm,nrc_emolex
nrc_anger,savage,nrc_emolex
nrc_anger,savagery,nrc_emolex
nrc_anger,scandalous,nrc_emolex
nrc_anger,scapegoat,nrc_emolex
nrc_anger,scar,nrc_emolex
nrc_anger,scare,nrc_emolex
nrc_anger,scold,nrc_emolex
nrc_anger,scorn,nrc_emolex
nrc_anger,scream,nrc_emolex
nrc_anger,screaming,nrc_emolex
nrc_anger,screwed,nrc_emolex
nrc_anger,sedition,nrc_emolex
nrc_anger,selfish,nrc_emolex
nrc_anger,sentence,nrc_emolex
nrc_anger,shaky,nrc_emolex
nrc_anger,shit,nrc_emolex
nrc_anger,shock,nrc_emolex
nrc_anger,shoot,nrc_emolex
nrc_anger,shortage,nrc_emolex
nrc_anger,sickening,nrc_emolex
nrc_anger,sin,nrc_emolex
nrc_anger,sinful,nrc_emolex
nrc_anger,sinister,nrc_emolex
nrc_anger,slam,nrc_emolex
nrc_anger,slap,nrc_emolex
nrc_anger,slash,nrc_emolex
nrc_anger,slave,nrc_emolex
nrc_anger,slavery,nrc_emolex
nrc_anger,slut,nrc_emolex
nrc_anger,smother,nrc_emolex
nrc_anger,smuggler,nrc_emolex
nrc_anger,sore,nrc_emolex
nrc_anger,spite,nrc_emolex
nrc_anger,spiteful,nrc_emolex
nrc_anger,stab,nrc_emolex
nrc_anger,steal,nrc_emolex
nrc_anger,stifled,nrc_emolex
nrc_anger,stingy,nrc_emolex
nrc_anger,stolen,nrc_emolex
nrc_anger,strained,nrc_emolex
nrc_anger,strike,nrc_emolex
nrc_anger,struggle,nrc_emolex
nrc_anger,subversive,nrc_emolex
nrc_anger,sucker,nrc_emolex
nrc_anger,sue,nrc_emolex
nrc_anger,suicidal,nrc_emolex
nrc_anger,suicide,nrc_emolex
nrc_anger,sullen,nrc_emolex
nrc_anger,supremacy,nrc_emolex
nrc_anger,suspicious,nrc_emolex
nrc_anger,tease,nrc_emolex
nrc_anger,teasing,nrc_emolex
nrc_anger,tension,nrc_emolex
nrc_anger,terrible,nrc_emolex
nrc_anger,terrorism,nrc_emolex
nrc_anger,terrorist,nrc_emolex
nrc_anger,terrorize,nrc_emolex
nrc_anger,thief,nrc_emolex
nrc_anger,thoughtless,nrc_emolex
nrc_anger,threat,nrc_emolex
nrc_anger,threaten,nrc_emolex
nrc_anger,threatening,nrc_emolex
nrc_anger,torture,nrc_emolex
nrc_anger,toughness,nrc_emolex
nrc_anger,traumatic,nrc_emolex
nrc_anger,treason,nrc_emolex
nrc_anger,treat,nrc_emolex
nrc_anger,tremor,nrc_emolex
nrc_anger,trickery,nrc_emolex
nrc_anger,troll,nrc_emolex
nrc_anger,troublesome,nrc_emolex
nrc_anger,turmoil,nrc_emolex
nrc_anger,tyrannical,nrc_emolex
nrc_anger,uncertain,nrc_emolex
nrc_anger,uncontrollable,nrc_emolex
nrc_anger,undesirable,nrc_emolex
nrc_anger,unequal,nrc_emolex
nrc_anger,unfair,nrc_emolex
nrc_anger,unforgiving,nrc_emolex
nrc_anger,unfriendly,nrc_emolex
nrc_anger,unfulfilled,nrc_emolex
nrc_anger,ungrateful,nrc_emolex
nrc_anger,unhappy,nrc_emolex
nrc_anger,unjust,nrc_emolex
nrc_anger,unkind,nrc_emolex
nrc_anger,unsettled,nrc_emolex
nrc_anger,upset,nrc_emolex
nrc_anger,vengeful,nrc_emolex
nrc_anger,vicious,nrc_emolex
nrc_anger,victim,nrc_emolex
nrc_anger,victimized,nrc_emolex
nrc_anger,villainous,nrc_emolex
nrc_anger,vindicate,nrc_emolex
nrc_anger,vindictive,nrc_emolex
nrc_anger,violation,nrc_emolex
nrc_anger,violence,nrc_emolex
nrc_anger,violent,nrc_emolex
nrc_anger,violently,nrc_emolex
nrc_anger,warfare,nrc_emolex
nrc_anger,wasted,nrc_emolex
nrc_anger,wimpy,nrc_emolex
nrc_anger,witch,nrc_emolex
nrc_anger,worthless,nrc_emolex
nrc_anger,wreck,nrc_emolex
nrc_anger,wrongdoing,nrc_emolex
nrc_anger,wrongful,nrc_emolex
nrc_anger,wrongly,nrc_emolex
nrc_anticipation,accolade,nrc_emolex
nrc_anticipation,adore,nrc_emolex
nrc_anticipation,adventure,nrc_emolex
nrc_anticipation,alive,nrc_emolex
nrc_anticipation,anticipation,nrc_emolex
nrc_anticipation,anxiety,nrc_emolex
nrc_anticipation,anxious,nrc_emolex
nrc_anticipation,apprehensive,nrc_emolex
nrc_anticipation,ardent,nrc_emolex
nrc_anticipation,await,nrc_emolex
nrc_anticipation,award,nrc_emolex
nrc_anticipation,beaming,nrc_emolex
nrc_anticipation,bless,nrc_emolex
nrc_anticipation,blessing,nrc_emolex
nrc_anticipation,blessings,nrc_emolex
nrc_anticipation,bonus,nrc_emolex
nrc_anticipation,brilliant,nrc_emolex
nrc_anticipation,cautious,nrc_emolex
nrc_anticipation,celebrated,nrc_emolex
nrc_anticipation,celebrating,nrc_emolex
nrc_anticipation,celebration,nrc_emolex
nrc_anticipation,champion,nrc_emolex
nrc_anticipation,charitable,nrc_emolex
nrc_anticipation,cheer,nrc_emolex
nrc_anticipation,cheerfulness,nrc_emolex
nrc_anticipation,cheery,nrc_emolex
nrc_anticipation,cherish,nrc_emolex
nrc_anticipation,chuckle,nrc_emolex
nrc_anticipation,comfort,nrc_emolex
nrc_anticipation,compliment,nrc_emolex
nrc_anticipation,condemnation,nrc_emolex
nrc_anticipation,contagion,nrc_emolex
nrc_anticipation,convince,nrc_emolex
nrc_anticipation,cramp,nrc_emolex
nrc_anticipation,craving,nrc_emolex
nrc_anticipation,death,nrc_emolex
nrc_anticipation,defense,nrc_emolex
nrc_anticipation,delight,nrc_emolex
nrc_anticipation,delighted,nrc_emolex
nrc_anticipation,delightful,nrc_emolex
nrc_anticipation,denying,nrc_emolex
nrc_anticipation,determinate,nrc_emolex
nrc_anticipation,devil,nrc_emolex
nrc_anticipation,dismay,nrc_emolex
nrc_anticipation,distracting,nrc_emolex
nrc_anticipation,divination,nrc_emolex
nrc_anticipation,doomsday,nrc_emolex
nrc_anticipation,dread,nrc_emolex
nrc_anticipation,dreadful,nrc_emolex
nrc_anticipation,eager,nrc_emolex
nrc_anticipation,eagerness,nrc_emolex
nrc_anticipation,ecstasy,nrc_emolex
nrc_anticipation,ecstatic,nrc_emolex
nrc_anticipation,efficient,nrc_emolex
nrc_anticipation,elegance,nrc_emolex
nrc_anticipation,embrace,nrc_emolex
nrc_anticipation,engaged,nrc_emolex
nrc_anticipation,enjoy,nrc_emolex
nrc_anticipation,enjoying,nrc_emolex
nrc_anticipation,entertaining,nrc_emolex
nrc_anticipation,entertainment,nrc_emolex
nrc_anticipation,enthusiasm,nrc_emolex
nrc_anticipation,enthusiast,nrc_emolex
nrc_anticipation,escape,nrc_emolex
nrc_anticipation,excel,nrc_emolex
nrc_anticipation,excitation,nrc_emolex
nrc_anticipation,excite,nrc_emolex
nrc_anticipation,excited,nrc_emolex
nrc_anticipation,excitement,nrc_emolex
nrc_anticipation,exciting,nrc_emolex
nrc_anticipation,exhaustion,nrc_emolex
nrc_anticipation,expecting,nrc_emolex
nrc_anticipation,expose,nrc_emolex
nrc_anticipation,failing,nrc_emolex
nrc_anticipation,faith,nrc_emolex
nrc_anticipation,favorable,nrc_emolex
nrc_anticipation,feeling,nrc_emolex
nrc_anticipation,festival,nrc_emolex
nrc_anticipation,fiesta,nrc_emolex
nrc_anticipation,fortune,nrc_emolex
nrc_anticipation,frantic,nrc_emolex
nrc_anticipation,friendly,nrc_emolex
nrc_anticipation,frisky,nrc_emolex
nrc_anticipation,fulfillment,nrc_emolex
nrc_anticipation,fun,nrc_emolex
nrc_anticipation,gain,nrc_emolex
nrc_anticipation,generosity,nrc_emolex
nrc_anticipation,gift,nrc_emolex
nrc_anticipation,glad,nrc_emolex
nrc_anticipation,glorify,nrc_emolex
nrc_anticipation,glory,nrc_emolex
nrc_anticipation,god,nrc_emolex
nrc_anticipation,good,nrc_emolex
nrc_anticipation,goodness,nrc_emolex
nrc_anticipation,grant,nrc_emolex
nrc_anticipation,grim,nrc_emolex
nrc_anticipation,grin,nrc_emolex
nrc_anticipation,happiness,nrc_emolex
nrc_anticipation,happy,nrc_emolex
nrc_anticipation,heavenly,nrc_emolex
nrc_anticipation,hero,nrc_emolex
nrc_anticipation,heroism,nrc_emolex
nrc_anticipation,holiday,nrc_emolex
nrc_anticipation,homeless,nrc_emolex
nrc_anticipation,hope,nrc_emolex
nrc_anticipation,hopeful,nrc_emolex
nrc_anticipation,impatient,nrc_emolex
nrc_anticipation,importance,nrc_emolex
nrc_anticipation,improve,nrc_emolex
nrc_anticipation,inspiration,nrc_emolex
nrc_anticipation,inspire,nrc_emolex
nrc_anticipation,invite,nrc_emolex
nrc_anticipation,inviting,nrc_emolex
nrc_anticipation,jeopardy,nrc_emolex
nrc_anticipation,kiss,nrc_emolex
nrc_anticipation,lagging,nrc_emolex
nrc_anticipation,laughter,nrc_emolex
nrc_anticipation,liberty,nrc_emolex
nrc_anticipation,longing,nrc_emolex
nrc_anticipation,loom,nrc_emolex
nrc_anticipation,lovely,nrc_emolex
nrc_anticipation,lover,nrc_emolex
nrc_anticipation,luck,nrc_emolex
nrc_anticipation,magnificence,nrc_emolex
nrc_anticipation,magnificent,nrc_emolex
nrc_anticipation,medal,nrc_emolex
nrc_anticipation,miracle,nrc_emolex
nrc_anticipation,nervous,nrc_emolex
nrc_anticipation,nurture,nrc_emolex
nrc_anticipation,ominous,nrc_emolex
nrc_anticipation,opportunity,nrc_emolex
nrc_anticipation,optimism,nrc_emolex
nrc_anticipation,passion,nrc_emolex
nrc_anticipation,passionate,nrc_emolex
nrc_anticipation,pay,nrc_emolex
nrc_anticipation,peace,nrc_emolex
nrc_anticipation,peaceful,nrc_emolex
nrc_anticipation,perfect,nrc_emolex
nrc_anticipation,perfection,nrc_emolex
nrc_anticipation,peril,nrc_emolex
nrc_anticipation,pleasant,nrc_emolex
nrc_anticipation,powerful,nrc_emolex
nrc_anticipation,praiseworthy,nrc_emolex
nrc_anticipation,pray,nrc_emolex
nrc_anticipation,precious,nrc_emolex
nrc_anticipation,prepared,nrc_emolex
nrc_anticipation,pretty,nrc_emolex
nrc_anticipation,progress,nrc_emolex
nrc_anticipation,proud,nrc_emolex
nrc_anticipation,punished,nrc_emolex
nrc_anticipation,radiance,nrc_emolex
nrc_anticipation,rapture,nrc_emolex
nrc_anticipation,readiness,nrc_emolex
nrc_anticipation,ready,nrc_emolex
nrc_anticipation,rejoice,nrc_emolex
nrc_anticipation,rejoicing,nrc_emolex
nrc_anticipation,rescue,nrc_emolex
nrc_anticipation,respect,nrc_emolex
nrc_anticipation,responsive,nrc_emolex
nrc_anticipation,restlessness,nrc_emolex
nrc_anticipation,revenge,nrc_emolex
nrc_anticipation,revive,nrc_emolex
nrc_anticipation,reward,nrc_emolex
nrc_anticipation,risk,nrc_emolex
nrc_anticipation,risky,nrc_emolex
nrc_anticipation,romance,nrc_emolex
nrc_anticipation,romantic,nrc_emolex
nrc_anticipation,salvation,nrc_emolex
nrc_anticipation,scare,nrc_emolex
nrc_anticipation,sentence,nrc_emolex
nrc_anticipation,shaky,nrc_emolex
nrc_anticipation,share,nrc_emolex
nrc_anticipation,sparkle,nrc_emolex
nrc_anticipation,speculative,nrc_emolex
nrc_anticipation,splendor,nrc_emolex
nrc_anticipation,stealthy,nrc_emolex
nrc_anticipation,succeed,nrc_emolex
nrc_anticipation,succeeding,nrc_emolex
nrc_anticipation,success,nrc_emolex
nrc_anticipation,successful,nrc_emolex
nrc_anticipation,sunny,nrc_emolex
nrc_anticipation,supremacy,nrc_emolex
nrc_anticipation,surprisingly,nrc_emolex
nrc_anticipation,suspicious,nrc_emolex
nrc_anticipation,sweet,nrc_emolex
nrc_anticipation,sweetheart,nrc_emolex
nrc_anticipation,sweets,nrc_emolex
nrc_anticipation,tease,nrc_emolex
nrc_anticipation,threaten,nrc_emolex
nrc_anticipation,thrill,nrc_emolex
nrc_anticipation,thrilling,nrc_emolex
nrc_anticipation,timidity,nrc_emolex
nrc_anticipation,top,nrc_emolex
nrc_anticipation,torture,nrc_emolex
nrc_anticipation,treasure,nrc_emolex
nrc_anticipation,treat,nrc_emolex
nrc_anticipation,tremor,nrc_emolex
nrc_anticipation,triumph,nrc_emolex
nrc_anticipation,triumphant,nrc_emolex
nrc_anticipation,uncontrollable,nrc_emolex
nrc_anticipation,undecided,nrc_emolex
nrc_anticipation,uneasiness,nrc_emolex
nrc_anticipation,unexpected,nrc_emolex
nrc_anticipation,unfulfilled,nrc_emolex
nrc_anticipation,urgent,nrc_emolex
nrc_anticipation,victory,nrc_emolex
nrc_anticipation,vision,nrc_emolex
nrc_anticipation,visionary,nrc_emolex
nrc_anticipation,warn,nrc_emolex
nrc_anticipation,warned,nrc_emolex
nrc_anticipation,winner,nrc_emolex
nrc_anticipation,winning,nrc_emolex
nrc_anticipation,winnings,nrc_emolex
nrc_anticipation,worry,nrc_emolex
nrc_anticipation,worrying,nrc_emolex
nrc_anticipation,worship,nrc_emolex
nrc_anticipation,yearning,nrc_emolex
nrc_disgust,abhor,nrc_emolex
nrc_disgust,abhorrent,nrc_emolex
nrc_disgust,abuse,nrc_emolex
nrc_disgust,accusation,nrc_emolex
nrc_disgust,adverse,nrc_emolex
nrc_disgust,aghast,nrc_emolex
nrc_disgust,alienation,nrc_emolex
nrc_disgust,angry,nrc_emolex
nrc_disgust,animosity,nrc_emolex
nrc_disgust,annoy,nrc_emolex
nrc_disgust,annoyance,nrc_emolex
nrc_disgust,antagonistic,nrc_emolex
nrc_disgust,appalling,nrc_emolex
nrc_disgust,arrogant,nrc_emolex
nrc_disgust,ashamed,nrc_emolex
nrc_disgust,asshole,nrc_emolex
nrc_disgust,atrocious,nrc_emolex
nrc_disgust,atrocity,nrc_emolex
nrc_disgust,attacking,nrc_emolex
nrc_disgust,aversion,nrc_emolex
nrc_disgust,awful,nrc_emolex
nrc_disgust,awkwardness,nrc_emolex
nrc_disgust,bad,nrc_emolex
nrc_disgust,badness,nrc_emolex
nrc_disgust,banish,nrc_emolex
nrc_disgust,bankruptcy,nrc_emolex
nrc_disgust,barbaric,nrc_emolex
nrc_disgust,bastard,nrc_emolex
nrc_disgust,belittle,nrc_emolex
nrc_disgust,betray,nrc_emolex
nrc_disgust,betrayal,nrc_emolex
nrc_disgust,bitch,nrc_emolex
nrc_disgust,bitterly,nrc_emolex
nrc_disgust,bitterness,nrc_emolex
nrc_disgust,blame,nrc_emolex
nrc_disgust,bloated,nrc_emolex
nrc_disgust,bloody,nrc_emolex
nrc_disgust,bummer,nrc_emolex
nrc_disgust,burglar,nrc_emolex
nrc_disgust,cancer,nrc_emolex
nrc_disgust,carelessness,nrc_emolex
nrc_disgust,catastrophe,nrc_emolex
nrc_disgust,censor,nrc_emolex
nrc_disgust,chagrin,nrc_emolex
nrc_disgust,cheat,nrc_emolex
nrc_disgust,coercion,nrc_emolex
nrc_disgust,collapse,nrc_emolex
nrc_disgust,condemnation,nrc_emolex
nrc_disgust,constipation,nrc_emolex
nrc_disgust,contagion,nrc_emolex
nrc_disgust,contagious,nrc_emolex
nrc_disgust,contaminate,nrc_emolex
nrc_disgust,contaminated,nrc_emolex
nrc_disgust,contamination,nrc_emolex
nrc_disgust,contempt,nrc_emolex
nrc_disgust,contemptible,nrc_emolex
nrc_disgust,contentious,nrc_emolex
nrc_disgust,corpse,nrc_emolex
nrc_disgust,corrupting,nrc_emolex
nrc_disgust,corruption,nrc_emolex
nrc_disgust,coward,nrc_emolex
nrc_disgust,crap,nrc_emolex
nrc_disgust,criminal,nrc_emolex
nrc_disgust,criticize,nrc_emolex
nrc_disgust,crude,nrc_emolex
nrc_disgust,cruel,nrc_emolex
nrc_disgust,cruelty,nrc_emolex
nrc_disgust,crushed,nrc_emolex
nrc_disgust,crushing,nrc_emolex
nrc_disgust,curse,nrc_emolex
nrc_disgust,cutting,nrc_emolex
nrc_disgust,damage,nrc_emolex
nrc_disgust,damn,nrc_emolex
nrc_disgust,deadly,nrc_emolex
nrc_disgust,death,nrc_emolex
nrc_disgust,decayed,nrc_emolex
nrc_disgust,deceit,nrc_emolex
nrc_disgust,deceitful,nrc_emolex
nrc_disgust,deceive,nrc_emolex
nrc_disgust,defective,nrc_emolex
nrc_disgust,deformed,nrc_emolex
nrc_disgust,deformity,nrc_emolex
nrc_disgust,defraud,nrc_emolex
nrc_disgust,degrade,nrc_emolex
nrc_disgust,degrading,nrc_emolex
nrc_disgust,delay,nrc_emolex
nrc_disgust,denounce,nrc_emolex
nrc_disgust,deplore,nrc_emolex
nrc_disgust,depressing,nrc_emolex
nrc_disgust,deprivation,nrc_emolex
nrc_disgust,derision,nrc_emolex
nrc_disgust,despair,nrc_emolex
nrc_disgust,despise,nrc_emolex
nrc_disgust,destructive,nrc_emolex
nrc_disgust,deteriorated,nrc_emolex
nrc_disgust,devastating,nrc_emolex
nrc_disgust,devil,nrc_emolex
nrc_disgust,devilish,nrc_emolex
nrc_disgust,dire,nrc_emolex
nrc_disgust,dirt,nrc_emolex
nrc_disgust,dirty,nrc_emolex
nrc_disgust,disappoint,nrc_emolex
nrc_disgust,disappointed,nrc_emolex
nrc_disgust,disappointment,nrc_emolex
nrc_disgust,disapprove,nrc_emolex
nrc_disgust,disapproving,nrc_emolex
nrc_disgust,disaster,nrc_emolex
nrc_disgust,discord,nrc_emolex
nrc_disgust,discriminating,nrc_emolex
nrc_disgust,disdain,nrc_emolex
nrc_disgust,disease,nrc_emolex
nrc_disgust,disgrace,nrc_emolex
nrc_disgust,disgraced,nrc_emolex
nrc_disgust,disgust,nrc_emolex
nrc_disgust,disgusting,nrc_emolex
nrc_disgust,dishonest,nrc_emolex
nrc_disgust,disillusionment,nrc_emolex
nrc_disgust,dislike,nrc_emolex
nrc_disgust,dismal,nrc_emolex
nrc_disgust,disparage,nrc_emolex
nrc_disgust,disparaging,nrc_emolex
nrc_disgust,displeased,nrc_emolex
nrc_disgust,displeasure,nrc_emolex
nrc_disgust,disqualified,nrc_emolex
nrc_disgust,disregarded,nrc_emolex
nrc_disgust,distasteful,nrc_emolex
nrc_disgust,distorted,nrc_emolex
nrc_disgust,distress,nrc_emolex
nrc_disgust,distrust,nrc_emolex
nrc_disgust,doomsday,nrc_emolex
nrc_disgust,dreadful,nrc_emolex
nrc_disgust,dreadfully,nrc_emolex
nrc_disgust,dying,nrc_emolex
nrc_disgust,egotistical,nrc_emolex
nrc_disgust,enemy,nrc_emolex
nrc_disgust,enslaved,nrc_emolex
nrc_disgust,eviction,nrc_emolex
nrc_disgust,evil,nrc_emolex
nrc_disgust,excellence,nrc_emolex
nrc_disgust,excluded,nrc_emolex
nrc_disgust,exclusion,nrc_emolex
nrc_disgust,expel,nrc_emolex
nrc_disgust,failure,nrc_emolex
nrc_disgust,falsify,nrc_emolex
nrc_disgust,feeling,nrc_emolex
nrc_disgust,ferocious,nrc_emolex
nrc_disgust,filth,nrc_emolex
nrc_disgust,filthy,nrc_emolex
nrc_disgust,flop,nrc_emolex
nrc_disgust,fool,nrc_emolex
nrc_disgust,foul,nrc_emolex
nrc_disgust,frantic,nrc_emolex
nrc_disgust,fraudulent,nrc_emolex
nrc_disgust,freakish,nrc_emolex
nrc_disgust,frowning,nrc_emolex
nrc_disgust,frustrate,nrc_emolex
nrc_disgust,furious,nrc_emolex
nrc_disgust,gag,nrc_emolex
nrc_disgust,garbage,nrc_emolex
nrc_disgust,ghastly,nrc_emolex
nrc_disgust,grating,nrc_emolex
nrc_disgust,gray,nrc_emolex
nrc_disgust,greed,nrc_emolex
nrc_disgust,greedy,nrc_emolex
nrc_disgust,grievance,nrc_emolex
nrc_disgust,grim,nrc_emolex
nrc_disgust,grime,nrc_emolex
nrc_disgust,grimy,nrc_emolex
nrc_disgust,grisly,nrc_emolex
nrc_disgust,groan,nrc_emolex
nrc_disgust,gross,nrc_emolex
nrc_disgust,gruesome,nrc_emolex
nrc_disgust,guilt,nrc_emolex
nrc_disgust,harass,nrc_emolex
nrc_disgust,harmful,nrc_emolex
nrc_disgust,hate,nrc_emolex
nrc_disgust,hateful,nrc_emolex
nrc_disgust,hatred,nrc_emolex
nrc_disgust,hell,nrc_emolex
nrc_disgust,hellish,nrc_emolex
nrc_disgust,hideous,nrc_emolex
nrc_disgust,hoax,nrc_emolex
nrc_disgust,homeless,nrc_emolex
nrc_disgust,homicide,nrc_emolex
nrc_disgust,honest,nrc_emolex
nrc_disgust,hopelessness,nrc_emolex
nrc_disgust,horrible,nrc_emolex
nrc_disgust,horrid,nrc_emolex
nrc_disgust,horrific,nrc_emolex
nrc_disgust,horrifying,nrc_emolex
nrc_disgust,horror,nrc_emolex
nrc_disgust,hostile,nrc_emolex
nrc_disgust,hostility,nrc_emolex
nrc_disgust,humble,nrc_emolex
nrc_disgust,humbug,nrc_emolex
nrc_disgust,humiliating,nrc_emolex
nrc_disgust,humiliation,nrc_emolex
nrc_disgust,hurtful,nrc_emolex
nrc_disgust,hypocritical,nrc_emolex
nrc_disgust,idiocy,nrc_emolex
nrc_disgust,idiot,nrc_emolex
nrc_disgust,idiotic,nrc_emolex
nrc_disgust,ignorant,nrc_emolex
nrc_disgust,ill,nrc_emolex
nrc_disgust,illegal,nrc_emolex
nrc_disgust,illegitimate,nrc_emolex
nrc_disgust,immoral,nrc_emolex
nrc_disgust,immorality,nrc_emolex
nrc_disgust,impolite,nrc_emolex
nrc_disgust,imprisoned,nrc_emolex
nrc_disgust,imprisonment,nrc_emolex
nrc_disgust,inappropriate,nrc_emolex
nrc_disgust,inconsiderate,nrc_emolex
nrc_disgust,inconvenient,nrc_emolex
nrc_disgust,incredulous,nrc_emolex
nrc_disgust,indifference,nrc_emolex
nrc_disgust,indignation,nrc_emolex
nrc_disgust,ineffectual,nrc_emolex
nrc_disgust,inefficiency,nrc_emolex
nrc_disgust,inept,nrc_emolex
nrc_disgust,ineptitude,nrc_emolex
nrc_disgust,inexcusable,nrc_emolex
nrc_disgust,infantile,nrc_emolex
nrc_disgust,infect,nrc_emolex
nrc_disgust,infectious,nrc_emolex
nrc_disgust,inhibit,nrc_emolex
nrc_disgust,inhuman,nrc_emolex
nrc_disgust,insanity,nrc_emolex
nrc_disgust,insult,nrc_emolex
nrc_disgust,insulting,nrc_emolex
nrc_disgust,intense,nrc_emolex
nrc_disgust,interested,nrc_emolex
nrc_disgust,irrational,nrc_emolex
nrc_disgust,irritating,nrc_emolex
nrc_disgust,irritation,nrc_emolex
nrc_disgust,jealous,nrc_emolex
nrc_disgust,jealousy,nrc_emolex
nrc_disgust,lagging,nrc_emolex
nrc_disgust,lament,nrc_emolex
nrc_disgust,laughable,nrc_emolex
nrc_disgust,lawsuit,nrc_emolex
nrc_disgust,lethal,nrc_emolex
nrc_disgust,liar,nrc_emolex
nrc_disgust,litigious,nrc_emolex
nrc_disgust,livid,nrc_emolex
nrc_disgust,loathe,nrc_emolex
nrc_disgust,loathing,nrc_emolex
nrc_disgust,loathsome,nrc_emolex
nrc_disgust,lonely,nrc_emolex
nrc_disgust,lose,nrc_emolex
nrc_disgust,louse,nrc_emolex
nrc_disgust,lunatic,nrc_emolex
nrc_disgust,lying,nrc_emolex
nrc_disgust,mad,nrc_emolex
nrc_disgust,manslaughter,nrc_emolex
nrc_disgust,masochism,nrc_emolex
nrc_disgust,mess,nrc_emolex
nrc_disgust,messy,nrc_emolex
nrc_disgust,misconduct,nrc_emolex
nrc_disgust,miserable,nrc_emolex
nrc_disgust,misery,nrc_emolex
nrc_disgust,misleading,nrc_emolex
nrc_disgust,misplace,nrc_emolex
nrc_disgust,mockery,nrc_emolex
nrc_disgust,mocking,nrc_emolex
nrc_disgust,molestation,nrc_emolex
nrc_disgust,muddy,nrc_emolex
nrc_disgust,murder,nrc_emolex
nrc_disgust,murderer,nrc_emolex
nrc_disgust,murderous,nrc_emolex
nrc_disgust,murky,nrc_emolex
nrc_disgust,nasty,nrc_emolex
nrc_disgust,neglected,nrc_emolex
nrc_disgust,neurotic,nrc_emolex
nrc_disgust,nurture,nrc_emolex
nrc_disgust,obnoxious,nrc_emolex
nrc_disgust,obscene,nrc_emolex
nrc_disgust,obscenity,nrc_emolex
nrc_disgust,offend,nrc_emolex
nrc_disgust,offender,nrc_emolex
nrc_disgust,offense,nrc_emolex
nrc_disgust,offensive,nrc_emolex
nrc_disgust,oppression,nrc_emolex
nrc_disgust,oppressive,nrc_emolex
nrc_disgust,outrage,nrc_emolex
nrc_disgust,painful,nrc_emolex
nrc_disgust,pathetic,nrc_emolex
nrc_disgust,perpetrator,nrc_emolex
nrc_disgust,perverse,nrc_emolex
nrc_disgust,perversion,nrc_emolex
nrc_disgust,pervert,nrc_emolex
nrc_disgust,perverted,nrc_emolex
nrc_disgust,pillage,nrc_emolex
nrc_disgust,plague,nrc_emolex
nrc_disgust,poison,nrc_emolex
nrc_disgust,poisoned,nrc_emolex
nrc_disgust,poisoning,nrc_emolex
nrc_disgust,poisonous,nrc_emolex
nrc_disgust,pollute,nrc_emolex
nrc_disgust,pollution,nrc_emolex
nrc_disgust,poverty,nrc_emolex
nrc_disgust,powerful,nrc_emolex
nrc_disgust,powerless,nrc_emolex
nrc_disgust,prejudiced,nrc_emolex
nrc_disgust,prick,nrc_emolex
nrc_disgust,prisoner,nrc_emolex
nrc_disgust,prosecution,nrc_emolex
nrc_disgust,provoking,nrc_emolex
nrc_disgust,puke,nrc_emolex
nrc_disgust,punished,nrc_emolex
nrc_disgust,punishment,nrc_emolex
nrc_disgust,questionable,nrc_emolex
nrc_disgust,raging,nrc_emolex
nrc_disgust,rancid,nrc_emolex
nrc_disgust,rape,nrc_emolex
nrc_disgust,rash,nrc_emolex
nrc_disgust,rebellion,nrc_emolex
nrc_disgust,recession,nrc_emolex
nrc_disgust,rejection,nrc_emolex
nrc_disgust,repellent,nrc_emolex
nrc_disgust,resentment,nrc_emolex
nrc_disgust,resign,nrc_emolex
nrc_disgust,retard,nrc_emolex
nrc_disgust,revolting,nrc_emolex
nrc_disgust,ridicule,nrc_emolex
nrc_disgust,ridiculous,nrc_emolex
nrc_disgust,rob,nrc_emolex
nrc_disgust,robber,nrc_emolex
nrc_disgust,ruined,nrc_emolex
nrc_disgust,ruinous,nrc_emolex
nrc_disgust,sabotage,nrc_emolex
nrc_disgust,sarcasm,nrc_emolex
nrc_disgust,scar,nrc_emolex
nrc_disgust,scold,nrc_emolex
nrc_disgust,scream,nrc_emolex
nrc_disgust,screaming,nrc_emolex
nrc_disgust,scum,nrc_emolex
nrc_disgust,selfish,nrc_emolex
nrc_disgust,sentence,nrc_emolex
nrc_disgust,shame,nrc_emolex
nrc_disgust,shameless,nrc_emolex
nrc_disgust,shit,nrc_emolex
nrc_disgust,sick,nrc_emolex
nrc_disgust,sickening,nrc_emolex
nrc_disgust,sickness,nrc_emolex
nrc_disgust,sin,nrc_emolex
nrc_disgust,sinful,nrc_emolex
nrc_disgust,sinister,nrc_emolex
nrc_disgust,slavery,nrc_emolex
nrc_disgust,sloppy,nrc_emolex
nrc_disgust,slut,nrc_emolex
nrc_disgust,smuggler,nrc_emolex
nrc_disgust,sneeze,nrc_emolex
nrc_disgust,squeamish,nrc_emolex
nrc_disgust,stall,nrc_emolex
nrc_disgust,stealing,nrc_emolex
nrc_disgust,stingy,nrc_emolex
nrc_disgust,stink,nrc_emolex
nrc_disgust,stinking,nrc_emolex
nrc_disgust,suffering,nrc_emolex
nrc_disgust,suicidal,nrc_emolex
nrc_disgust,tarnish,nrc_emolex
nrc_disgust,tearful,nrc_emolex
nrc_disgust,terrible,nrc_emolex
nrc_disgust,terrorism,nrc_emolex
nrc_disgust,terrorist,nrc_emolex
nrc_disgust,thief,nrc_emolex
nrc_disgust,thoughtless,nrc_emolex
nrc_disgust,threatening,nrc_emolex
nrc_disgust,torture,nrc_emolex
nrc_disgust,toxic,nrc_emolex
nrc_disgust,travesty,nrc_emolex
nrc_disgust,treason,nrc_emolex
nrc_disgust,treat,nrc_emolex
nrc_disgust,trickery,nrc_emolex
nrc_disgust,tyrannical,nrc_emolex
nrc_disgust,ugliness,nrc_emolex
nrc_disgust,ugly,nrc_emolex
nrc_disgust,unattractive,nrc_emolex
nrc_disgust,unbearable,nrc_emolex
nrc_disgust,uncertain,nrc_emolex
nrc_disgust,undesirable,nrc_emolex
nrc_disgust,uneasy,nrc_emolex
nrc_disgust,unequal,nrc_emolex
nrc_disgust,unfair,nrc_emolex
nrc_disgust,unfavorable,nrc_emolex
nrc_disgust,unfriendly,nrc_emolex
nrc_disgust,ungrateful,nrc_emolex
nrc_disgust,unhappy,nrc_emolex
nrc_disgust,unhealthy,nrc_emolex
nrc_disgust,unkind,nrc_emolex
nrc_disgust,unpleasant,nrc_emolex
nrc_disgust,unsatisfied,nrc_emolex
nrc_disgust,unsettled,nrc_emolex
nrc_disgust,unworthy,nrc_emolex
nrc_disgust,vicious,nrc_emolex
nrc_disgust,victimized,nrc_emolex
nrc_disgust,villainous,nrc_emolex
nrc_disgust,vindictive,nrc_emolex
nrc_disgust,violent,nrc_emolex
nrc_disgust,violently,nrc_emolex
nrc_disgust,vomit,nrc_emolex
nrc_disgust,vulture,nrc_emolex
nrc_disgust,waste,nrc_emolex
nrc_disgust,wasted,nrc_emolex
nrc_disgust,wasting,nrc_emolex
nrc_disgust,weird,nrc_emolex
nrc_disgust,whine,nrc_emolex
nrc_disgust,whore,nrc_emolex
nrc_disgust,wickedness,nrc_emolex
nrc_disgust,wimp,nrc_emolex
nrc_disgust,wimpy,nrc_emolex
nrc_disgust,winning,nrc_emolex
nrc_disgust,witch,nrc_emolex
nrc_disgust,woe,nrc_emolex
nrc_disgust,woefully,nrc_emolex
nrc_disgust,worsening,nrc_emolex
nrc_disgust,worthless,nrc_emolex
nrc_disgust,wreck,nrc_emolex
nrc_disgust,wretched,nrc_emolex
nrc_disgust,wrongdoing,nrc_emolex
nrc_disgust,wrongful,nrc_emolex
nrc_fear,abandon,nrc_emolex
nrc_fear,abandoned,nrc_emolex
nrc_fear,abandonment,nrc_emolex
nrc_fear,abduction,nrc_emolex
nrc_fear,abhor,nrc_emolex
nrc_fear,abhorrent,nrc_emolex
nrc_fear,abuse,nrc_emolex
nrc_fear,accident,nrc_emolex
nrc_fear,accidental,nrc_emolex
nrc_fear,accused,nrc_emolex
nrc_fear,accusing,nrc_emolex
nrc_fear,adverse,nrc_emolex
nrc_fear,adversity,nrc_emolex
nrc_fear,afraid,nrc_emolex
nrc_fear,aggression,nrc_emolex
nrc_fear,aggressive,nrc_emolex
nrc_fear,aggressor,nrc_emolex
nrc_fear,aghast,nrc_emolex
nrc_fear,agonizing,nrc_emolex
nrc_fear,agony,nrc_emolex
nrc_fear,alarm,nrc_emolex
nrc_fear,alarming,nrc_emolex
nrc_fear,alienation,nrc_emolex
nrc_fear,anguish,nrc_emolex
nrc_fear,animosity,nrc_emolex
nrc_fear,anxiety,nrc_emolex
nrc_fear,anxious,nrc_emolex
nrc_fear,appalling,nrc_emolex
nrc_fear,apprehension,nrc_emolex
nrc_fear,apprehensive,nrc_emolex
nrc_fear,assassination,nrc_emolex
nrc_fear,assault,nrc_emolex
nrc_fear,atrocity,nrc_emolex
nrc_fear,attack,nrc_emolex
nrc_fear,attacking,nrc_emolex
nrc_fear,aversion,nrc_emolex
nrc_fear,avoid,nrc_emolex
nrc_fear,avoidance,nrc_emolex
nrc_fear,avoiding,nrc_emolex
nrc_fear,awful,nrc_emolex
nrc_fear,bad,nrc_emolex
nrc_fear,badness,nrc_emolex
nrc_fear,banish,nrc_emolex
nrc_fear,bankrupt,nrc_emolex
nrc_fear,bankruptcy,nrc_emolex
nrc_fear,barbarian,nrc_emolex
nrc_fear,barbaric,nrc_emolex
nrc_fear,battled,nrc_emolex
nrc_fear,battlefield,nrc_emolex
nrc_fear,beating,nrc_emolex
nrc_fear,belittle,nrc_emolex
nrc_fear,belligerent,nrc_emolex
nrc_fear,bewildered,nrc_emolex
nrc_fear,bitch,nrc_emolex
nrc_fear,blackmail,nrc_emolex
nrc_fear,blockade,nrc_emolex
nrc_fear,bloody,nrc_emolex
nrc_fear,bomb,nrc_emolex
nrc_fear,broke,nrc_emolex
nrc_fear,broken,nrc_emolex
nrc_fear,brutal,nrc_emolex
nrc_fear,brutality,nrc_emolex
nrc_fear,bully,nrc_emolex
nrc_fear,burdensome,nrc_emolex
nrc_fear,burglar,nrc_emolex
nrc_fear,cancer,nrc_emolex
nrc_fear,casualty,nrc_emolex
nrc_fear,catastrophe,nrc_emolex
nrc_fear,cautious,nrc_emolex
nrc_fear,censor,nrc_emolex
nrc_fear,challenge,nrc_emolex
nrc_fear,chaos,nrc_emolex
nrc_fear,coercion,nrc_emolex
nrc_fear,collapse,nrc_emolex
nrc_fear,combat,nrc_emolex
nrc_fear,compassion,nrc_emolex
nrc_fear,concerned,nrc_emolex
nrc_fear,condemnation,nrc_emolex
nrc_fear,confidence,nrc_emolex
nrc_fear,conflict,nrc_emolex
nrc_fear,confusion,nrc_emolex
nrc_fear,conspiracy,nrc_emolex
nrc_fear,contagion,nrc_emolex
nrc_fear,contagious,nrc_emolex
nrc_fear,contaminated,nrc_emolex
nrc_fear,contempt,nrc_emolex
nrc_fear,contentious,nrc_emolex
nrc_fear,corrupting,nrc_emolex
nrc_fear,courageous,nrc_emolex
nrc_fear,coward,nrc_emolex
nrc_fear,cowardly,nrc_emolex
nrc_fear,crash,nrc_emolex
nrc_fear,crazed,nrc_emolex
nrc_fear,crazy,nrc_emolex
nrc_fear,criminal,nrc_emolex
nrc_fear,criticize,nrc_emolex
nrc_fear,cruel,nrc_emolex
nrc_fear,cruelly,nrc_emolex
nrc_fear,cruelty,nrc_emolex
nrc_fear,crushed,nrc_emolex
nrc_fear,crushing,nrc_emolex
nrc_fear,curse,nrc_emolex
nrc_fear,cutting,nrc_emolex
nrc_fear,damnation,nrc_emolex
nrc_fear,danger,nrc_emolex
nrc_fear,dangerous,nrc_emolex
nrc_fear,darkness,nrc_emolex
nrc_fear,deadly,nrc_emolex
nrc_fear,death,nrc_emolex
nrc_fear,decay,nrc_emolex
nrc_fear,deceit,nrc_emolex
nrc_fear,defection,nrc_emolex
nrc_fear,defense,nrc_emolex
nrc_fear,defenseless,nrc_emolex
nrc_fear,deformity,nrc_emolex
nrc_fear,degrading,nrc_emolex
nrc_fear,delay,nrc_emolex
nrc_fear,demoralized,nrc_emolex
nrc_fear,deport,nrc_emolex
nrc_fear,deportation,nrc_emolex
nrc_fear,depress,nrc_emolex
nrc_fear,depressed,nrc_emolex
nrc_fear,deprivation,nrc_emolex
nrc_fear,despair,nrc_emolex
nrc_fear,despairing,nrc_emolex
nrc_fear,destroyed,nrc_emolex
nrc_fear,destroyer,nrc_emolex
nrc_fear,destroying,nrc_emolex
nrc_fear,destructive,nrc_emolex
nrc_fear,deteriorate,nrc_emolex
nrc_fear,devastate,nrc_emolex
nrc_fear,devastating,nrc_emolex
nrc_fear,devastation,nrc_emolex
nrc_fear,devil,nrc_emolex
nrc_fear,devilish,nrc_emolex
nrc_fear,die,nrc_emolex
nrc_fear,difficult,nrc_emolex
nrc_fear,difficulty,nrc_emolex
nrc_fear,dire,nrc_emolex
nrc_fear,disappear,nrc_emolex
nrc_fear,disapprove,nrc_emolex
nrc_fear,disaster,nrc_emolex
nrc_fear,disastrous,nrc_emolex
nrc_fear,discourage,nrc_emolex
nrc_fear,disease,nrc_emolex
nrc_fear,disgust,nrc_emolex
nrc_fear,disgusting,nrc_emolex
nrc_fear,dismal,nrc_emolex
nrc_fear,dismay,nrc_emolex
nrc_fear,disorder,nrc_emolex
nrc_fear,displeased,nrc_emolex
nrc_fear,disruption,nrc_emolex
nrc_fear,distress,nrc_emolex
nrc_fear,distressed,nrc_emolex
nrc_fear,distressing,nrc_emolex
nrc_fear,distrust,nrc_emolex
nrc_fear,disturbance,nrc_emolex
nrc_fear,dominate,nrc_emolex
nrc_fear,domination,nrc_emolex
nrc_fear,doom,nrc_emolex
nrc_fear,doomed,nrc_emolex
nrc_fear,doomsday,nrc_emolex
nrc_fear,doubt,nrc_emolex
nrc_fear,dread,nrc_emolex
nrc_fear,dreadful,nrc_emolex
nrc_fear,dreadfully,nrc_emolex
nrc_fear,drown,nrc_emolex
nrc_fear,dubious,nrc_emolex
nrc_fear,dying,nrc_emolex
nrc_fear,embarrassment,nrc_emolex
nrc_fear,emergency,nrc_emolex
nrc_fear,enemy,nrc_emolex
nrc_fear,enslaved,nrc_emolex
nrc_fear,escape,nrc_emolex
nrc_fear,evacuate,nrc_emolex
nrc_fear,eviction,nrc_emolex
nrc_fear,evil,nrc_emolex
nrc_fear,excitation,nrc_emolex
nrc_fear,excite,nrc_emolex
nrc_fear,exclusion,nrc_emolex
nrc_fear,excruciating,nrc_emolex
nrc_fear,expel,nrc_emolex
nrc_fear,expose,nrc_emolex
nrc_fear,failing,nrc_emolex
nrc_fear,failure,nrc_emolex
nrc_fear,fatal,nrc_emolex
nrc_fear,fatality,nrc_emolex
nrc_fear,fear,nrc_emolex
nrc_fear,fearful,nrc_emolex
nrc_fear,fearfully,nrc_emolex
nrc_fear,fearing,nrc_emolex
nrc_fear,fearless,nrc_emolex
nrc_fear,feeling,nrc_emolex
nrc_fear,ferocious,nrc_emolex
nrc_fear,fever,nrc_emolex
nrc_fear,fight,nrc_emolex
nrc_fear,fire,nrc_emolex
nrc_fear,flu,nrc_emolex
nrc_fear,foe,nrc_emolex
nrc_fear,forbidding,nrc_emolex
nrc_fear,forced,nrc_emolex
nrc_fear,forgotten,nrc_emolex
nrc_fear,foul,nrc_emolex
nrc_fear,fragile,nrc_emolex
nrc_fear,frantic,nrc_emolex
nrc_fear,freakish,nrc_emolex
nrc_fear,fright,nrc_emolex
nrc_fear,frighten,nrc_emolex
nrc_fear,frightened,nrc_emolex
nrc_fear,frightful,nrc_emolex
nrc_fear,fury,nrc_emolex
nrc_fear,ghastly,nrc_emolex
nrc_fear,ghost,nrc_emolex
nrc_fear,god,nrc_emolex
nrc_fear,grave,nrc_emolex
nrc_fear,grieve,nrc_emolex
nrc_fear,grievous,nrc_emolex
nrc_fear,grim,nrc_emolex
nrc_fear,grisly,nrc_emolex
nrc_fear,gun,nrc_emolex
nrc_fear,harm,nrc_emolex
nrc_fear,harmful,nrc_emolex
nrc_fear,hate,nrc_emolex
nrc_fear,hateful,nrc_emolex
nrc_fear,hatred,nrc_emolex
nrc_fear,haunt,nrc_emolex
nrc_fear,haunted,nrc_emolex
nrc_fear,havoc,nrc_emolex
nrc_fear,hazardous,nrc_emolex
nrc_fear,hell,nrc_emolex
nrc_fear,hellish,nrc_emolex
nrc_fear,helpless,nrc_emolex
nrc_fear,helplessness,nrc_emolex
nrc_fear,hesitation,nrc_emolex
nrc_fear,hide,nrc_emolex
nrc_fear,hideous,nrc_emolex
nrc_fear,hiding,nrc_emolex
nrc_fear,homeless,nrc_emolex
nrc_fear,homicide,nrc_emolex
nrc_fear,honest,nrc_emolex
nrc_fear,hopeless,nrc_emolex
nrc_fear,hopelessness,nrc_emolex
nrc_fear,horrible,nrc_emolex
nrc_fear,horrid,nrc_emolex
nrc_fear,horrific,nrc_emolex
nrc_fear,horrified,nrc_emolex
nrc_fear,horrifying,nrc_emolex
nrc_fear,horror,nrc_emolex
nrc_fear,horrors,nrc_emolex
nrc_fear,hostile,nrc_emolex
nrc_fear,hostilities,nrc_emolex
nrc_fear,hurt,nrc_emolex
nrc_fear,hurtful,nrc_emolex
nrc_fear,hurting,nrc_emolex
nrc_fear,hysteria,nrc_emolex
nrc_fear,hysterical,nrc_emolex
nrc_fear,ill,nrc_emolex
nrc_fear,illegal,nrc_emolex
nrc_fear,illegitimate,nrc_emolex
nrc_fear,illness,nrc_emolex
nrc_fear,immoral,nrc_emolex
nrc_fear,imprisoned,nrc_emolex
nrc_fear,imprisonment,nrc_emolex
nrc_fear,indifference,nrc_emolex
nrc_fear,ineptitude,nrc_emolex
nrc_fear,infection,nrc_emolex
nrc_fear,infectious,nrc_emolex
nrc_fear,inflict,nrc_emolex
nrc_fear,inhuman,nrc_emolex
nrc_fear,injured,nrc_emolex
nrc_fear,injury,nrc_emolex
nrc_fear,insane,nrc_emolex
nrc_fear,insanity,nrc_emolex
nrc_fear,insecure,nrc_emolex
nrc_fear,insecurity,nrc_emolex
nrc_fear,insolvent,nrc_emolex
nrc_fear,insulting,nrc_emolex
nrc_fear,intelligence,nrc_emolex
nrc_fear,intense,nrc_emolex
nrc_fear,intimidate,nrc_emolex
nrc_fear,intimidation,nrc_emolex
nrc_fear,irrational,nrc_emolex
nrc_fear,irreparable,nrc_emolex
nrc_fear,isolated,nrc_emolex
nrc_fear,jealousy,nrc_emolex
nrc_fear,jeopardy,nrc_emolex
nrc_fear,kidnap,nrc_emolex
nrc_fear,kill,nrc_emolex
nrc_fear,killing,nrc_emolex
nrc_fear,lament,nrc_emolex
nrc_fear,lawsuit,nrc_emolex
nrc_fear,lethal,nrc_emolex
nrc_fear,lifeless,nrc_emolex
nrc_fear,loneliness,nrc_emolex
nrc_fear,lonely,nrc_emolex
nrc_fear,loom,nrc_emolex
nrc_fear,lose,nrc_emolex
nrc_fear,loss,nrc_emolex
nrc_fear,loyal,nrc_emolex
nrc_fear,lunatic,nrc_emolex
nrc_fear,mad,nrc_emolex
nrc_fear,madness,nrc_emolex
nrc_fear,maniac,nrc_emolex
nrc_fear,manipulation,nrc_emolex
nrc_fear,manslaughter,nrc_emolex
nrc_fear,masochism,nrc_emolex
nrc_fear,menace,nrc_emolex
nrc_fear,misery,nrc_emolex
nrc_fear,misfortune,nrc_emolex
nrc_fear,mislead,nrc_emolex
nrc_fear,missing,nrc_emolex
nrc_fear,mistaken,nrc_emolex
nrc_fear,moan,nrc_emolex
nrc_fear,molestation,nrc_emolex
nrc_fear,mournful,nrc_emolex
nrc_fear,murder,nrc_emolex
nrc_fear,murderer,nrc_emolex
nrc_fear,murderous,nrc_emolex
nrc_fear,nasty,nrc_emolex
nrc_fear,nervous,nrc_emolex
nrc_fear,nervousness,nrc_emolex
nrc_fear,neurotic,nrc_emolex
nrc_fear,nurture,nrc_emolex
nrc_fear,obliterate,nrc_emolex
nrc_fear,obliterated,nrc_emolex
nrc_fear,obstacle,nrc_emolex
nrc_fear,obstruct,nrc_emolex
nrc_fear,offender,nrc_emolex
nrc_fear,offense,nrc_emolex
nrc_fear,ominous,nrc_emolex
nrc_fear,oppression,nrc_emolex
nrc_fear,oppressive,nrc_emolex
nrc_fear,outcry,nrc_emolex
nrc_fear,pain,nrc_emolex
nrc_fear,pained,nrc_emolex
nrc_fear,painful,nrc_emolex
nrc_fear,panic,nrc_emolex
nrc_fear,paranoia,nrc_emolex
nrc_fear,penalty,nrc_emolex
nrc_fear,peril,nrc_emolex
nrc_fear,perjury,nrc_emolex
nrc_fear,perpetrator,nrc_emolex
nrc_fear,persecute,nrc_emolex
nrc_fear,perverse,nrc_emolex
nrc_fear,pessimism,nrc_emolex
nrc_fear,pessimist,nrc_emolex
nrc_fear,pillage,nrc_emolex
nrc_fear,plague,nrc_emolex
nrc_fear,poison,nrc_emolex
nrc_fear,poisoned,nrc_emolex
nrc_fear,poisonous,nrc_emolex
nrc_fear,poverty,nrc_emolex
nrc_fear,powerful,nrc_emolex
nrc_fear,powerless,nrc_emolex
nrc_fear,pray,nrc_emolex
nrc_fear,prejudiced,nrc_emolex
nrc_fear,prevent,nrc_emolex
nrc_fear,prick,nrc_emolex
nrc_fear,prison,nrc_emolex
nrc_fear,prisoner,nrc_emolex
nrc_fear,problem,nrc_emolex
nrc_fear,prosecute,nrc_emolex
nrc_fear,punish,nrc_emolex
nrc_fear,punished,nrc_emolex
nrc_fear,punishing,nrc_emolex
nrc_fear,punishment,nrc_emolex
nrc_fear,punitive,nrc_emolex
nrc_fear,raging,nrc_emolex
nrc_fear,rape,nrc_emolex
nrc_fear,rebel,nrc_emolex
nrc_fear,rebellion,nrc_emolex
nrc_fear,recession,nrc_emolex
nrc_fear,reckless,nrc_emolex
nrc_fear,reject,nrc_emolex
nrc_fear,rejection,nrc_emolex
nrc_fear,rejects,nrc_emolex
nrc_fear,reluctant,nrc_emolex
nrc_fear,repellent,nrc_emolex
nrc_fear,repression,nrc_emolex
nrc_fear,resign,nrc_emolex
nrc_fear,restriction,nrc_emolex
nrc_fear,retard,nrc_emolex
nrc_fear,revenge,nrc_emolex
nrc_fear,revolting,nrc_emolex
nrc_fear,riot,nrc_emolex
nrc_fear,risk,nrc_emolex
nrc_fear,risky,nrc_emolex
nrc_fear,rob,nrc_emolex
nrc_fear,robber,nrc_emolex
nrc_fear,romance,nrc_emolex
nrc_fear,ruin,nrc_emolex
nrc_fear,ruined,nrc_emolex
nrc_fear,ruinous,nrc_emolex
nrc_fear,sabotage,nrc_emolex
nrc_fear,savage,nrc_emolex
nrc_fear,savagery,nrc_emolex
nrc_fear,scandal,nrc_emolex
nrc_fear,scapegoat,nrc_emolex
nrc_fear,scar,nrc_emolex
nrc_fear,scare,nrc_emolex
nrc_fear,scarecrow,nrc_emolex
nrc_fear,scold,nrc_emolex
nrc_fear,scream,nrc_emolex
nrc_fear,screaming,nrc_emolex
nrc_fear,sentence,nrc_emolex
nrc_fear,seriousness,nrc_emolex
nrc_fear,shaking,nrc_emolex
nrc_fear,shaky,nrc_emolex
nrc_fear,shame,nrc_emolex
nrc_fear,shock,nrc_emolex
nrc_fear,shoot,nrc_emolex
nrc_fear,shortage,nrc_emolex
nrc_fear,sickening,nrc_emolex
nrc_fear,sickness,nrc_emolex
nrc_fear,sin,nrc_emolex
nrc_fear,sinful,nrc_emolex
nrc_fear,sinister,nrc_emolex
nrc_fear,slam,nrc_emolex
nrc_fear,slave,nrc_emolex
nrc_fear,slavery,nrc_emolex
nrc_fear,smuggle,nrc_emolex
nrc_fear,smuggler,nrc_emolex
nrc_fear,sorrow,nrc_emolex
nrc_fear,soulmate,nrc_emolex
nrc_fear,squeamish,nrc_emolex
nrc_fear,stab,nrc_emolex
nrc_fear,startle,nrc_emolex
nrc_fear,steal,nrc_emolex
nrc_fear,stealing,nrc_emolex
nrc_fear,stealthy,nrc_emolex
nrc_fear,stifled,nrc_emolex
nrc_fear,stingy,nrc_emolex
nrc_fear,struggle,nrc_emolex
nrc_fear,stunned,nrc_emolex
nrc_fear,sufferer,nrc_emolex
nrc_fear,suffering,nrc_emolex
nrc_fear,suicidal,nrc_emolex
nrc_fear,suicide,nrc_emolex
nrc_fear,supremacy,nrc_emolex
nrc_fear,surprise,nrc_emolex
nrc_fear,suspect,nrc_emolex
nrc_fear,suspicion,nrc_emolex
nrc_fear,sympathetic,nrc_emolex
nrc_fear,tearful,nrc_emolex
nrc_fear,teasing,nrc_emolex
nrc_fear,terrible,nrc_emolex
nrc_fear,terror,nrc_emolex
nrc_fear,terrorism,nrc_emolex
nrc_fear,terrorist,nrc_emolex
nrc_fear,terrorize,nrc_emolex
nrc_fear,thief,nrc_emolex
nrc_fear,thorny,nrc_emolex
nrc_fear,threat,nrc_emolex
nrc_fear,threaten,nrc_emolex
nrc_fear,threatening,nrc_emolex
nrc_fear,thrill,nrc_emolex
nrc_fear,timid,nrc_emolex
nrc_fear,timidity,nrc_emolex
nrc_fear,torture,nrc_emolex
nrc_fear,toughness,nrc_emolex
nrc_fear,tragedy,nrc_emolex
nrc_fear,traumatic,nrc_emolex
nrc_fear,travesty,nrc_emolex
nrc_fear,treason,nrc_emolex
nrc_fear,treat,nrc_emolex
nrc_fear,trembling,nrc_emolex
nrc_fear,tremor,nrc_emolex
nrc_fear,tribulation,nrc_emolex
nrc_fear,trickery,nrc_emolex
nrc_fear,troll,nrc_emolex
nrc_fear,troublesome,nrc_emolex
nrc_fear,tumor,nrc_emolex
nrc_fear,turmoil,nrc_emolex
nrc_fear,tyrannical,nrc_emolex
nrc_fear,ugliness,nrc_emolex
nrc_fear,uncertain,nrc_emolex
nrc_fear,undecided,nrc_emolex
nrc_fear,undesirable,nrc_emolex
nrc_fear,uneasy,nrc_emolex
nrc_fear,unemployed,nrc_emolex
nrc_fear,unequal,nrc_emolex
nrc_fear,unexpected,nrc_emolex
nrc_fear,unfriendly,nrc_emolex
nrc_fear,unhealthy,nrc_emolex
nrc_fear,unkind,nrc_emolex
nrc_fear,unsafe,nrc_emolex
nrc_fear,unsettled,nrc_emolex
nrc_fear,unstable,nrc_emolex
nrc_fear,urgent,nrc_emolex
nrc_fear,vengeful,nrc_emolex
nrc_fear,verdict,nrc_emolex
nrc_fear,victim,nrc_emolex
nrc_fear,victimized,nrc_emolex
nrc_fear,vigilant,nrc_emolex
nrc_fear,villain,nrc_emolex
nrc_fear,villainous,nrc_emolex
nrc_fear,violation,nrc_emolex
nrc_fear,violence,nrc_emolex
nrc_fear,violent,nrc_emolex
nrc_fear,violently,nrc_emolex
nrc_fear,vulnerability,nrc_emolex
nrc_fear,vulture,nrc_emolex
nrc_fear,war,nrc_emolex
nrc_fear,warfare,nrc_emolex
nrc_fear,warn,nrc_emolex
nrc_fear,warned,nrc_emolex
nrc_fear,warning,nrc_emolex
nrc_fear,wasting,nrc_emolex
nrc_fear,weakly,nrc_emolex
nrc_fear,weirdo,nrc_emolex
nrc_fear,wicked,nrc_emolex
nrc_fear,wimp,nrc_emolex
nrc_fear,wimpy,nrc_emolex
nrc_fear,witch,nrc_emolex
nrc_fear,woe,nrc_emolex
nrc_fear,worry,nrc_emolex
nrc_fear,worrying,nrc_emolex
nrc_fear,worse,nrc_emolex
nrc_fear,worship,nrc_emolex
nrc_fear,wreck,nrc_emolex
nrc_fear,wrongly,nrc_emolex
nrc_joy,accolade,nrc_emolex
nrc_joy,accomplish,nrc_emolex
nrc_joy,accomplished,nrc_emolex
nrc_joy,admirable,nrc_emolex
nrc_joy,admiration,nrc_emolex
nrc_joy,adorable,nrc_emolex
nrc_joy,adoration,nrc_emolex
nrc_joy,adore,nrc_emolex
nrc_joy,affection,nrc_emolex
nrc_joy,alive,nrc_emolex
nrc_joy,amicable,nrc_emolex
nrc_joy,amuse,nrc_emolex
nrc_joy,amused,nrc_emolex
nrc_joy,amusement,nrc_emolex
nrc_joy,amusing,nrc_emolex
nrc_joy,applause,nrc_emolex
nrc_joy,appreciation,nrc_emolex
nrc_joy,ardent,nrc_emolex
nrc_joy,award,nrc_emolex
nrc_joy,beaming,nrc_emolex
nrc_joy,beautification,nrc_emolex
nrc_joy,beautiful,nrc_emolex
nrc_joy,beautify,nrc_emolex
nrc_joy,beauty,nrc_emolex
nrc_joy,benevolence,nrc_emolex
nrc_joy,benign,nrc_emolex
nrc_joy,bless,nrc_emolex
nrc_joy,blessed,nrc_emolex
nrc_joy,blessing,nrc_emolex
nrc_joy,blessings,nrc_emolex
nrc_joy,bliss,nrc_emolex
nrc_joy,blissful,nrc_emolex
nrc_joy,bonus,nrc_emolex
nrc_joy,brighten,nrc_emolex
nrc_joy,brilliant,nrc_emolex
nrc_joy,celebrated,nrc_emolex
nrc_joy,celebrating,nrc_emolex
nrc_joy,celebration,nrc_emolex
nrc_joy,champion,nrc_emolex
nrc_joy,charitable,nrc_emolex
nrc_joy,charity,nrc_emolex
nrc_joy,charmed,nrc_emolex
nrc_joy,cheer,nrc_emolex
nrc_joy,cheerful,nrc_emolex
nrc_joy,cheerfulness,nrc_emolex
nrc_joy,cheering,nrc_emolex
nrc_joy,cheery,nrc_emolex
nrc_joy,cherish,nrc_emolex
nrc_joy,chuckle,nrc_emolex
nrc_joy,clean,nrc_emolex
nrc_joy,comfort,nrc_emolex
nrc_joy,compliment,nrc_emolex
nrc_joy,confidence,nrc_emolex
nrc_joy,confident,nrc_emolex
nrc_joy,content,nrc_emolex
nrc_joy,create,nrc_emolex
nrc_joy,darling,nrc_emolex
nrc_joy,delicious,nrc_emolex
nrc_joy,delight,nrc_emolex
nrc_joy,delighted,nrc_emolex
nrc_joy,delightful,nrc_emolex
nrc_joy,diamond,nrc_emolex
nrc_joy,eager,nrc_emolex
nrc_joy,eagerness,nrc_emolex
nrc_joy,ecstasy,nrc_emolex
nrc_joy,ecstatic,nrc_emolex
nrc_joy,elated,nrc_emolex
nrc_joy,elegance,nrc_emolex
nrc_joy,elegant,nrc_emolex
nrc_joy,embrace,nrc_emolex
nrc_joy,enchanted,nrc_emolex
nrc_joy,encourage,nrc_emolex
nrc_joy,engaged,nrc_emolex
nrc_joy,engaging,nrc_emolex
nrc_joy,enjoy,nrc_emolex
nrc_joy,enjoying,nrc_emolex
nrc_joy,enlighten,nrc_emolex
nrc_joy,entertain,nrc_emolex
nrc_joy,entertained,nrc_emolex
nrc_joy,entertaining,nrc_emolex
nrc_joy,entertainment,nrc_emolex
nrc_joy,enthusiasm,nrc_emolex
nrc_joy,enthusiast,nrc_emolex
nrc_joy,esteem,nrc_emolex
nrc_joy,evergreen,nrc_emolex
nrc_joy,excel,nrc_emolex
nrc_joy,excellence,nrc_emolex
nrc_joy,excellent,nrc_emolex
nrc_joy,excitation,nrc_emolex
nrc_joy,excite,nrc_emolex
nrc_joy,excited,nrc_emolex
nrc_joy,excitement,nrc_emolex
nrc_joy,exciting,nrc_emolex
nrc_joy,exquisite,nrc_emolex
nrc_joy,faith,nrc_emolex
nrc_joy,favorable,nrc_emolex
nrc_joy,favorite,nrc_emolex
nrc_joy,feeling,nrc_emolex
nrc_joy,festival,nrc_emolex
nrc_joy,festive,nrc_emolex
nrc_joy,fiesta,nrc_emolex
nrc_joy,flattering,nrc_emolex
nrc_joy,fondness,nrc_emolex
nrc_joy,fortune,nrc_emolex
nrc_joy,freedom,nrc_emolex
nrc_joy,freely,nrc_emolex
nrc_joy,friend,nrc_emolex
nrc_joy,friendliness,nrc_emolex
nrc_joy,friendly,nrc_emolex
nrc_joy,friendship,nrc_emolex
nrc_joy,frisky,nrc_emolex
nrc_joy,fulfill,nrc_emolex
nrc_joy,fulfillment,nrc_emolex
nrc_joy,fun,nrc_emolex
nrc_joy,gain,nrc_emolex
nrc_joy,gem,nrc_emolex
nrc_joy,generosity,nrc_emolex
nrc_joy,generous,nrc_emolex
nrc_joy,genial,nrc_emolex
nrc_joy,gift,nrc_emolex
nrc_joy,giggle,nrc_emolex
nrc_joy,glad,nrc_emolex
nrc_joy,glee,nrc_emolex
nrc_joy,glorification,nrc_emolex
nrc_joy,glorify,nrc_emolex
nrc_joy,glory,nrc_emolex
nrc_joy,god,nrc_emolex
nrc_joy,godsend,nrc_emolex
nrc_joy,good,nrc_emolex
nrc_joy,goodness,nrc_emolex
nrc_joy,gorgeous,nrc_emolex
nrc_joy,grant,nrc_emolex
nrc_joy,gratify,nrc_emolex
nrc_joy,gratitude,nrc_emolex
nrc_joy,grin,nrc_emolex
nrc_joy,happily,nrc_emolex
nrc_joy,happiness,nrc_emolex
nrc_joy,happy,nrc_emolex
nrc_joy,hardy,nrc_emolex
nrc_joy,harmoniously,nrc_emolex
nrc_joy,harmony,nrc_emolex
nrc_joy,heartfelt,nrc_emolex
nrc_joy,heavenly,nrc_emolex
nrc_joy,heavens,nrc_emolex
nrc_joy,helpful,nrc_emolex
nrc_joy,hero,nrc_emolex
nrc_joy,heroic,nrc_emolex
nrc_joy,heroism,nrc_emolex
nrc_joy,hilarious,nrc_emolex
nrc_joy,holiday,nrc_emolex
nrc_joy,honest,nrc_emolex
nrc_joy,hope,nrc_emolex
nrc_joy,hopeful,nrc_emolex
nrc_joy,hug,nrc_emolex
nrc_joy,humorous,nrc_emolex
nrc_joy,hurrah,nrc_emolex
nrc_joy,improve,nrc_emolex
nrc_joy,improvement,nrc_emolex
nrc_joy,inspiration,nrc_emolex
nrc_joy,inspire,nrc_emolex
nrc_joy,inspired,nrc_emolex
nrc_joy,intelligence,nrc_emolex
nrc_joy,intense,nrc_emolex
nrc_joy,invite,nrc_emolex
nrc_joy,inviting,nrc_emolex
nrc_joy,joker,nrc_emolex
nrc_joy,jovial,nrc_emolex
nrc_joy,joy,nrc_emolex
nrc_joy,joyful,nrc_emolex
nrc_joy,joyous,nrc_emolex
nrc_joy,jubilant,nrc_emolex
nrc_joy,kind,nrc_emolex
nrc_joy,kiss,nrc_emolex
nrc_joy,kudos,nrc_emolex
nrc_joy,laugh,nrc_emolex
nrc_joy,laughing,nrc_emolex
nrc_joy,laughter,nrc_emolex
nrc_joy,liberty,nrc_emolex
nrc_joy,liking,nrc_emolex
nrc_joy,lovable,nrc_emolex
nrc_joy,love,nrc_emolex
nrc_joy,lovely,nrc_emolex
nrc_joy,lover,nrc_emolex
nrc_joy,loving,nrc_emolex
nrc_joy,loyal,nrc_emolex
nrc_joy,luck,nrc_emolex
nrc_joy,lucky,nrc_emolex
nrc_joy,luxury,nrc_emolex
nrc_joy,magnificence,nrc_emolex
nrc_joy,magnificent,nrc_emolex
nrc_joy,marvelous,nrc_emolex
nrc_joy,masterpiece,nrc_emolex
nrc_joy,medal,nrc_emolex
nrc_joy,memorable,nrc_emolex
nrc_joy,meritorious,nrc_emolex
nrc_joy,merriment,nrc_emolex
nrc_joy,merry,nrc_emolex
nrc_joy,miracle,nrc_emolex
nrc_joy,mirth,nrc_emolex
nrc_joy,notable,nrc_emolex
nrc_joy,nurture,nrc_emolex
nrc_joy,opportune,nrc_emolex
nrc_joy,optimism,nrc_emolex
nrc_joy,outstanding,nrc_emolex
nrc_joy,overjoyed,nrc_emolex
nrc_joy,passion,nrc_emolex
nrc_joy,passionate,nrc_emolex
nrc_joy,pay,nrc_emolex
nrc_joy,peace,nrc_emolex
nrc_joy,peaceful,nrc_emolex
nrc_joy,perfect,nrc_emolex
nrc_joy,perfection,nrc_emolex
nrc_joy,picturesque,nrc_emolex
nrc_joy,playful,nrc_emolex
nrc_joy,pleasant,nrc_emolex
nrc_joy,pleased,nrc_emolex
nrc_joy,pleasurable,nrc_emolex
nrc_joy,powerful,nrc_emolex
nrc_joy,praise,nrc_emolex
nrc_joy,praised,nrc_emolex
nrc_joy,praiseworthy,nrc_emolex
nrc_joy,pray,nrc_emolex
nrc_joy,precious,nrc_emolex
nrc_joy,pretty,nrc_emolex
nrc_joy,pride,nrc_emolex
nrc_joy,privileged,nrc_emolex
nrc_joy,progress,nrc_emolex
nrc_joy,promise,nrc_emolex
nrc_joy,prosperous,nrc_emolex
nrc_joy,proud,nrc_emolex
nrc_joy,radiance,nrc_emolex
nrc_joy,radiant,nrc_emolex
nrc_joy,rapture,nrc_emolex
nrc_joy,readiness,nrc_emolex
nrc_joy,rejoice,nrc_emolex
nrc_joy,rejoicing,nrc_emolex
nrc_joy,remarkable,nrc_emolex
nrc_joy,rescue,nrc_emolex
nrc_joy,respect,nrc_emolex
nrc_joy,reward,nrc_emolex
nrc_joy,romance,nrc_emolex
nrc_joy,romantic,nrc_emolex
nrc_joy,romanticism,nrc_emolex
nrc_joy,safe,nrc_emolex
nrc_joy,salute,nrc_emolex
nrc_joy,salvation,nrc_emolex
nrc_joy,satisfied,nrc_emolex
nrc_joy,save,nrc_emolex
nrc_joy,share,nrc_emolex
nrc_joy,silly,nrc_emolex
nrc_joy,smile,nrc_emolex
nrc_joy,smiling,nrc_emolex
nrc_joy,soothing,nrc_emolex
nrc_joy,sparkle,nrc_emolex
nrc_joy,special,nrc_emolex
nrc_joy,splendid,nrc_emolex
nrc_joy,splendor,nrc_emolex
nrc_joy,strengthening,nrc_emolex
nrc_joy,succeed,nrc_emolex
nrc_joy,succeeding,nrc_emolex
nrc_joy,success,nrc_emolex
nrc_joy,successful,nrc_emolex
nrc_joy,sunny,nrc_emolex
nrc_joy,sunshine,nrc_emolex
nrc_joy,supporter,nrc_emolex
nrc_joy,supremacy,nrc_emolex
nrc_joy,surprise,nrc_emolex
nrc_joy,sweet,nrc_emolex
nrc_joy,sweetheart,nrc_emolex
nrc_joy,sweets,nrc_emolex
nrc_joy,sympathetic,nrc_emolex
nrc_joy,tender,nrc_emolex
nrc_joy,tenderness,nrc_emolex
nrc_joy,thankful,nrc_emolex
nrc_joy,thrill,nrc_emolex
nrc_joy,thrilling,nrc_emolex
nrc_joy,tranquil,nrc_emolex
nrc_joy,tranquility,nrc_emolex
nrc_joy,treasure,nrc_emolex
nrc_joy,treat,nrc_emolex
nrc_joy,triumph,nrc_emolex
nrc_joy,triumphant,nrc_emolex
nrc_joy,true,nrc_emolex
nrc_joy,unexpected,nrc_emolex
nrc_joy,victor,nrc_emolex
nrc_joy,victorious,nrc_emolex
nrc_joy,victory,nrc_emolex
nrc_joy,virtuous,nrc_emolex
nrc_joy,visionary,nrc_emolex
nrc_joy,vitality,nrc_emolex
nrc_joy,vivacious,nrc_emolex
nrc_joy,wealth,nrc_emolex
nrc_joy,welcomed,nrc_emolex
nrc_joy,whimsical,nrc_emolex
nrc_joy,winner,nrc_emolex
nrc_joy,winning,nrc_emolex
nrc_joy,winnings,nrc_emolex
nrc_joy,wonderful,nrc_emolex
nrc_joy,wonderfully,nrc_emolex
nrc_joy,worship,nrc_emolex
nrc_joy,yearning,nrc_emolex
nrc_joy,zealous,nrc_emolex
nrc_negative,abandon,nrc_emolex
nrc_negative,abandoned,nrc_emolex
nrc_negative,abandonment,nrc_emolex
nrc_negative,abduction,nrc_emolex
nrc_negative,abhor,nrc_emolex
nrc_negative,abhorrent,nrc_emolex
nrc_negative,absentee,nrc_emolex
nrc_negative,abuse,nrc_emolex
nrc_negative,accident,nrc_emolex
nrc_negative,accidental,nrc_emolex
nrc_negative,accusation,nrc_emolex
nrc_negative,accused,nrc_emolex
nrc_negative,accusing,nrc_emolex
nrc_negative,ache,nrc_emolex
nrc_negative,aching,nrc_emolex
nrc_negative,adversary,nrc_emolex
nrc_negative,adverse,nrc_emolex
nrc_negative,adversity,nrc_emolex
nrc_negative,afflicted,nrc_emolex
nrc_negative,afraid,nrc_emolex
nrc_negative,aggravated,nrc_emolex
nrc_negative,aggravating,nrc_emolex
nrc_negative,aggression,nrc_emolex
nrc_negative,aggressive,nrc_emolex
nrc_negative,aggressor,nrc_emolex
nrc_negative,aghast,nrc_emolex
nrc_negative,agitated,nrc_emolex
nrc_negative,agitation,nrc_emolex
nrc_negative,agonizing,nrc_emolex
nrc_negative,agony,nrc_emolex
nrc_negative,alarm,nrc_emolex
nrc_negative,alarming,nrc_emolex
nrc_negative,alienated,nrc_emolex
nrc_negative,alienation,nrc_emolex
nrc_negative,allegation,nrc_emolex
nrc_negative,anger,nrc_emolex
nrc_negative,angry,nrc_emolex
nrc_negative,anguish,nrc_emolex
nrc_negative,animosity,nrc_emolex
nrc_negative,annoy,nrc_emolex
nrc_negative,annoyance,nrc_emolex
nrc_negative,annoying,nrc_emolex
nrc_negative,antagonism,nrc_emolex
nrc_negative,antagonist,nrc_emolex
nrc_negative,antagonistic,nrc_emolex
nrc_negative,anxiety,nrc_emolex
nrc_negative,anxious,nrc_emolex
nrc_negative,apathetic,nrc_emolex
nrc_negative,apathy,nrc_emolex
nrc_negative,appalling,nrc_emolex
nrc_negative,apprehension,nrc_emolex
nrc_negative,apprehensive,nrc_emolex
nrc_negative,argue,nrc_emolex
nrc_negative,argument,nrc_emolex
nrc_negative,argumentative,nrc_emolex
nrc_negative,arrest,nrc_emolex
nrc_negative,arrogance,nrc_emolex
nrc_negative,arrogant,nrc_emolex
nrc_negative,ashamed,nrc_emolex
nrc_negative,ass,nrc_emolex
nrc_negative,assassination,nrc_emolex
nrc_negative,assault,nrc_emolex
nrc_negative,asshole,nrc_emolex
nrc_negative,atrocious,nrc_emolex
nrc_negative,atrocity,nrc_emolex
nrc_negative,attack,nrc_emolex
nrc_negative,attacking,nrc_emolex
nrc_negative,avenger,nrc_emolex
nrc_negative,aversion,nrc_emolex
nrc_negative,avoid,nrc_emolex
nrc_negative,avoidance,nrc_emolex
nrc_negative,awful,nrc_emolex
nrc_negative,awkwardness,nrc_emolex
nrc_negative,bad,nrc_emolex
nrc_negative,badly,nrc_emolex
nrc_negative,badness,nrc_emolex
nrc_negative,ban,nrc_emolex
nrc_negative,banish,nrc_emolex
nrc_negative,bankrupt,nrc_emolex
nrc_negative,bankruptcy,nrc_emolex
nrc_negative,barbarian,nrc_emolex
nrc_negative,barbaric,nrc_emolex
nrc_negative,barrier,nrc_emolex
nrc_negative,bastard,nrc_emolex
nrc_negative,battle,nrc_emolex
nrc_negative,battled,nrc_emolex
nrc_negative,battlefield,nrc_emolex
nrc_negative,beating,nrc_emolex
nrc_negative,belittle,nrc_emolex
nrc_negative,belligerent,nrc_emolex
nrc_negative,bereaved,nrc_emolex
nrc_negative,betray,nrc_emolex
nrc_negative,betrayal,nrc_emolex
nrc_negative,bewildered,nrc_emolex
nrc_negative,bias,nrc_emolex
nrc_negative,biased,nrc_emolex
nrc_negative,bitch,nrc_emolex
nrc_negative,bitterly,nrc_emolex
nrc_negative,bitterness,nrc_emolex
nrc_negative,bizarre,nrc_emolex
nrc_negative,blackmail,nrc_emolex
nrc_negative,blame,nrc_emolex
nrc_negative,bleak,nrc_emolex
nrc_negative,blind,nrc_emolex
nrc_negative,bloated,nrc_emolex
nrc_negative,blockade,nrc_emolex
nrc_negative,bloody,nrc_emolex
nrc_negative,bomb,nrc_emolex
nrc_negative,bore,nrc_emolex
nrc_negative,boredom,nrc_emolex
nrc_negative,boring,nrc_emolex
nrc_negative,bother,nrc_emolex
nrc_negative,bothering,nrc_emolex
nrc_negative,boycott,nrc_emolex
nrc_negative,breach,nrc_emolex
nrc_negative,bribe,nrc_emolex
nrc_negative,broke,nrc_emolex
nrc_negative,broken,nrc_emolex
nrc_negative,brutal,nrc_emolex
nrc_negative,brutality,nrc_emolex
nrc_negative,bully,nrc_emolex
nrc_negative,bummer,nrc_emolex
nrc_negative,burdensome,nrc_emolex
nrc_negative,burglar,nrc_emolex
nrc_negative,burglary,nrc_emolex
nrc_negative,cancel,nrc_emolex
nrc_negative,cancer,nrc_emolex
nrc_negative,carelessness,nrc_emolex
nrc_negative,casualty,nrc_emolex
nrc_negative,catastrophe,nrc_emolex
nrc_negative,censor,nrc_emolex
nrc_negative,chagrin,nrc_emolex
nrc_negative,challenge,nrc_emolex
nrc_negative,chaos,nrc_emolex
nrc_negative,chaotic,nrc_emolex
nrc_negative,charmed,nrc_emolex
nrc_negative,cheat,nrc_emolex
nrc_negative,childish,nrc_emolex
nrc_negative,choke,nrc_emolex
nrc_negative,clash,nrc_emolex
nrc_negative,clouded,nrc_emolex
nrc_negative,coercion,nrc_emolex
nrc_negative,collapse,nrc_emolex
nrc_negative,collision,nrc_emolex
nrc_negative,combat,nrc_emolex
nrc_negative,complain,nrc_emolex
nrc_negative,complaint,nrc_emolex
nrc_negative,condemn,nrc_emolex
nrc_negative,condemnation,nrc_emolex
nrc_negative,conflict,nrc_emolex
nrc_negative,conflicting,nrc_emolex
nrc_negative,confounded,nrc_emolex
nrc_negative,confuse,nrc_emolex
nrc_negative,confusion,nrc_emolex
nrc_negative,constipation,nrc_emolex
nrc_negative,constrained,nrc_emolex
nrc_negative,contagion,nrc_emolex
nrc_negative,contagious,nrc_emolex
nrc_negative,contaminate,nrc_emolex
nrc_negative,contaminated,nrc_emolex
nrc_negative,contamination,nrc_emolex
nrc_negative,contempt,nrc_emolex
nrc_negative,contemptible,nrc_emolex
nrc_negative,contemptuous,nrc_emolex
nrc_negative,contentious,nrc_emolex
nrc_negative,contradict,nrc_emolex
nrc_negative,contradiction,nrc_emolex
nrc_negative,contradictory,nrc_emolex
nrc_negative,controversial,nrc_emolex
nrc_negative,controversy,nrc_emolex
nrc_negative,corpse,nrc_emolex
nrc_negative,corrupt,nrc_emolex
nrc_negative,corrupting,nrc_emolex
nrc_negative,corruption,nrc_emolex
nrc_negative,coward,nrc_emolex
nrc_negative,cowardly,nrc_emolex
nrc_negative,cramp,nrc_emolex
nrc_negative,crap,nrc_emolex
nrc_negative,crash,nrc_emolex
nrc_negative,crazed,nrc_emolex
nrc_negative,crazy,nrc_emolex
nrc_negative,crime,nrc_emolex
nrc_negative,criminal,nrc_emolex
nrc_negative,crisis,nrc_emolex
nrc_negative,critic,nrc_emolex
nrc_negative,criticism,nrc_emolex
nrc_negative,criticize,nrc_emolex
nrc_negative,crude,nrc_emolex
nrc_negative,cruel,nrc_emolex
nrc_negative,cruelly,nrc_emolex
nrc_negative,cruelty,nrc_emolex
nrc_negative,crushed,nrc_emolex
nrc_negative,crushing,nrc_emolex
nrc_negative,cry,nrc_emolex
nrc_negative,crying,nrc_emolex
nrc_negative,cunning,nrc_emolex
nrc_negative,curse,nrc_emolex
nrc_negative,cutting,nrc_emolex
nrc_negative,damage,nrc_emolex
nrc_negative,damages,nrc_emolex
nrc_negative,damn,nrc_emolex
nrc_negative,damnation,nrc_emolex
nrc_negative,damned,nrc_emolex
nrc_negative,danger,nrc_emolex
nrc_negative,dangerous,nrc_emolex
nrc_negative,darkness,nrc_emolex
nrc_negative,dazed,nrc_emolex
nrc_negative,deadlock,nrc_emolex
nrc_negative,deadly,nrc_emolex
nrc_negative,death,nrc_emolex
nrc_negative,debt,nrc_emolex
nrc_negative,decay,nrc_emolex
nrc_negative,decayed,nrc_emolex
nrc_negative,deceit,nrc_emolex
nrc_negative,deceitful,nrc_emolex
nrc_negative,deceive,nrc_emolex
nrc_negative,deceived,nrc_emolex
nrc_negative,deceiving,nrc_emolex
nrc_negative,deception,nrc_emolex
nrc_negative,deceptive,nrc_emolex
nrc_negative,defeat,nrc_emolex
nrc_negative,defeated,nrc_emolex
nrc_negative,defect,nrc_emolex
nrc_negative,defection,nrc_emolex
nrc_negative,defective,nrc_emolex
nrc_negative,defenseless,nrc_emolex
nrc_negative,defiant,nrc_emolex
nrc_negative,deficiency,nrc_emolex
nrc_negative,deficit,nrc_emolex
nrc_negative,deformed,nrc_emolex
nrc_negative,deformity,nrc_emolex
nrc_negative,defraud,nrc_emolex
nrc_negative,defunct,nrc_emolex
nrc_negative,degradation,nrc_emolex
nrc_negative,degrade,nrc_emolex
nrc_negative,degrading,nrc_emolex
nrc_negative,delay,nrc_emolex
nrc_negative,delayed,nrc_emolex
nrc_negative,demand,nrc_emolex
nrc_negative,demanding,nrc_emolex
nrc_negative,demoralized,nrc_emolex
nrc_negative,denial,nrc_emolex
nrc_negative,denied,nrc_emolex
nrc_negative,denounce,nrc_emolex
nrc_negative,deny,nrc_emolex
nrc_negative,denying,nrc_emolex
nrc_negative,deplore,nrc_emolex
nrc_negative,deport,nrc_emolex
nrc_negative,deportation,nrc_emolex
nrc_negative,depress,nrc_emolex
nrc_negative,depressed,nrc_emolex
nrc_negative,depressing,nrc_emolex
nrc_negative,depression,nrc_emolex
nrc_negative,depressive,nrc_emolex
nrc_negative,deprivation,nrc_emolex
nrc_negative,derelict,nrc_emolex
nrc_negative,derision,nrc_emolex
nrc_negative,despair,nrc_emolex
nrc_negative,despairing,nrc_emolex
nrc_negative,desperate,nrc_emolex
nrc_negative,despise,nrc_emolex
nrc_negative,destroyed,nrc_emolex
nrc_negative,destroyer,nrc_emolex
nrc_negative,destroying,nrc_emolex
nrc_negative,destruction,nrc_emolex
nrc_negative,destructive,nrc_emolex
nrc_negative,detain,nrc_emolex
nrc_negative,detention,nrc_emolex
nrc_negative,deteriorate,nrc_emolex
nrc_negative,deteriorated,nrc_emolex
nrc_negative,detract,nrc_emolex
nrc_negative,devastate,nrc_emolex
nrc_negative,devastating,nrc_emolex
nrc_negative,devastation,nrc_emolex
nrc_negative,devil,nrc_emolex
nrc_negative,devilish,nrc_emolex
nrc_negative,die,nrc_emolex
nrc_negative,difficulties,nrc_emolex
nrc_negative,difficulty,nrc_emolex
nrc_negative,dire,nrc_emolex
nrc_negative,dirt,nrc_emolex
nrc_negative,dirty,nrc_emolex
nrc_negative,disability,nrc_emolex
nrc_negative,disagree,nrc_emolex
nrc_negative,disagreeing,nrc_emolex
nrc_negative,disagreement,nrc_emolex
nrc_negative,disappoint,nrc_emolex
nrc_negative,disappointed,nrc_emolex
nrc_negative,disappointing,nrc_emolex
nrc_negative,disappointment,nrc_emolex
nrc_negative,disapproval,nrc_emolex
nrc_negative,disapprove,nrc_emolex
nrc_negative,disapproved,nrc_emolex
nrc_negative,disapproving,nrc_emolex
nrc_negative,disaster,nrc_emolex
nrc_negative,disastrous,nrc_emolex
nrc_negative,disbelieve,nrc_emolex
nrc_negative,discards,nrc_emolex
nrc_negative,discomfort,nrc_emolex
nrc_negative,disconnected,nrc_emolex
nrc_negative,discord,nrc_emolex
nrc_negative,discourage,nrc_emolex
nrc_negative,discouragement,nrc_emolex
nrc_negative,discriminate,nrc_emolex
nrc_negative,discriminating,nrc_emolex
nrc_negative,disdain,nrc_emolex
nrc_negative,disease,nrc_emolex
nrc_negative,disgrace,nrc_emolex
nrc_negative,disgraced,nrc_emolex
nrc_negative,disgust,nrc_emolex
nrc_negative,disgusting,nrc_emolex
nrc_negative,disheartened,nrc_emolex
nrc_negative,disheartening,nrc_emolex
nrc_negative,dishonest,nrc_emolex
nrc_negative,disillusionment,nrc_emolex
nrc_negative,dislike,nrc_emolex
nrc_negative,disliked,nrc_emolex
nrc_negative,dismal,nrc_emolex
nrc_negative,dismay,nrc_emolex
nrc_negative,disorder,nrc_emolex
nrc_negative,disorganized,nrc_emolex
nrc_negative,disparage,nrc_emolex
nrc_negative,disparaging,nrc_emolex
nrc_negative,displeased,nrc_emolex
nrc_negative,displeasure,nrc_emolex
nrc_negative,dispute,nrc_emolex
nrc_negative,disqualified,nrc_emolex
nrc_negative,disregard,nrc_emolex
nrc_negative,disregarded,nrc_emolex
nrc_negative,disrespect,nrc_emolex
nrc_negative,disruption,nrc_emolex
nrc_negative,dissatisfaction,nrc_emolex
nrc_negative,distasteful,nrc_emolex
nrc_negative,distorted,nrc_emolex
nrc_negative,distract,nrc_emolex
nrc_negative,distracted,nrc_emolex
nrc_negative,distracting,nrc_emolex
nrc_negative,distraction,nrc_emolex
nrc_negative,distraught,nrc_emolex
nrc_negative,distress,nrc_emolex
nrc_negative,distressed,nrc_emolex
nrc_negative,distressing,nrc_emolex
nrc_negative,distrust,nrc_emolex
nrc_negative,disturbance,nrc_emolex
nrc_negative,disturbed,nrc_emolex
nrc_negative,dizzy,nrc_emolex
nrc_negative,dominate,nrc_emolex
nrc_negative,domination,nrc_emolex
nrc_negative,doom,nrc_emolex
nrc_negative,doomed,nrc_emolex
nrc_negative,doomsday,nrc_emolex
nrc_negative,doubt,nrc_emolex
nrc_negative,doubtful,nrc_emolex
nrc_negative,doubting,nrc_emolex
nrc_negative,douche,nrc_emolex
nrc_negative,dour,nrc_emolex
nrc_negative,dread,nrc_emolex
nrc_negative,dreadful,nrc_emolex
nrc_negative,dreadfully,nrc_emolex
nrc_negative,dreary,nrc_emolex
nrc_negative,drown,nrc_emolex
nrc_negative,drudgery,nrc_emolex
nrc_negative,dubious,nrc_emolex
nrc_negative,dull,nrc_emolex
nrc_negative,dumb,nrc_emolex
nrc_negative,dumps,nrc_emolex
nrc_negative,dupe,nrc_emolex
nrc_negative,dying,nrc_emolex
nrc_negative,egotistical,nrc_emolex
nrc_negative,embarrass,nrc_emolex
nrc_negative,embarrassing,nrc_emolex
nrc_negative,embarrassment,nrc_emolex
nrc_negative,embezzlement,nrc_emolex
nrc_negative,emergency,nrc_emolex
nrc_negative,enemy,nrc_emolex
nrc_negative,enslave,nrc_emolex
nrc_negative,enslaved,nrc_emolex
nrc_negative,envious,nrc_emolex
nrc_negative,erroneous,nrc_emolex
nrc_negative,error,nrc_emolex
nrc_negative,escape,nrc_emolex
nrc_negative,estranged,nrc_emolex
nrc_negative,evacuate,nrc_emolex
nrc_negative,evacuation,nrc_emolex
nrc_negative,eviction,nrc_emolex
nrc_negative,evil,nrc_emolex
nrc_negative,exacerbate,nrc_emolex
nrc_negative,exaggerate,nrc_emolex
nrc_negative,exaggerated,nrc_emolex
nrc_negative,excluded,nrc_emolex
nrc_negative,exclusion,nrc_emolex
nrc_negative,excruciating,nrc_emolex
nrc_negative,excuse,nrc_emolex
nrc_negative,exhaust,nrc_emolex
nrc_negative,exhausted,nrc_emolex
nrc_negative,exhaustion,nrc_emolex
nrc_negative,expel,nrc_emolex
nrc_negative,exposed,nrc_emolex
nrc_negative,failing,nrc_emolex
nrc_negative,failure,nrc_emolex
nrc_negative,faithless,nrc_emolex
nrc_negative,fake,nrc_emolex
nrc_negative,falling,nrc_emolex
nrc_negative,falsely,nrc_emolex
nrc_negative,falsify,nrc_emolex
nrc_negative,famine,nrc_emolex
nrc_negative,farce,nrc_emolex
nrc_negative,fatal,nrc_emolex
nrc_negative,fatality,nrc_emolex
nrc_negative,fatigue,nrc_emolex
nrc_negative,fatigued,nrc_emolex
nrc_negative,fault,nrc_emolex
nrc_negative,faulty,nrc_emolex
nrc_negative,fear,nrc_emolex
nrc_negative,fearful,nrc_emolex
nrc_negative,fearfully,nrc_emolex
nrc_negative,fearing,nrc_emolex
nrc_negative,feeble,nrc_emolex
nrc_negative,feeling,nrc_emolex
nrc_negative,felony,nrc_emolex
nrc_negative,ferocious,nrc_emolex
nrc_negative,ferocity,nrc_emolex
nrc_negative,feud,nrc_emolex
nrc_negative,feudal,nrc_emolex
nrc_negative,feudalism,nrc_emolex
nrc_negative,fiasco,nrc_emolex
nrc_negative,fight,nrc_emolex
nrc_negative,fighting,nrc_emolex
nrc_negative,filth,nrc_emolex
nrc_negative,filthy,nrc_emolex
nrc_negative,flaw,nrc_emolex
nrc_negative,flop,nrc_emolex
nrc_negative,flu,nrc_emolex
nrc_negative,foe,nrc_emolex
nrc_negative,fool,nrc_emolex
nrc_negative,foolish,nrc_emolex
nrc_negative,foolishness,nrc_emolex
nrc_negative,forbid,nrc_emolex
nrc_negative,forbidding,nrc_emolex
nrc_negative,forced,nrc_emolex
nrc_negative,forget,nrc_emolex
nrc_negative,forgotten,nrc_emolex
nrc_negative,forsaken,nrc_emolex
nrc_negative,foul,nrc_emolex
nrc_negative,fragile,nrc_emolex
nrc_negative,frantic,nrc_emolex
nrc_negative,fraud,nrc_emolex
nrc_negative,fraudulent,nrc_emolex
nrc_negative,freakish,nrc_emolex
nrc_negative,freezing,nrc_emolex
nrc_negative,frenzy,nrc_emolex
nrc_negative,fright,nrc_emolex
nrc_negative,frighten,nrc_emolex
nrc_negative,frightened,nrc_emolex
nrc_negative,frightful,nrc_emolex
nrc_negative,frowning,nrc_emolex
nrc_negative,fruitless,nrc_emolex
nrc_negative,frustrate,nrc_emolex
nrc_negative,frustrated,nrc_emolex
nrc_negative,frustration,nrc_emolex
nrc_negative,fume,nrc_emolex
nrc_negative,fuming,nrc_emolex
nrc_negative,furious,nrc_emolex
nrc_negative,fury,nrc_emolex
nrc_negative,futile,nrc_emolex
nrc_negative,gag,nrc_emolex
nrc_negative,garbage,nrc_emolex
nrc_negative,ghastly,nrc_emolex
nrc_negative,gloom,nrc_emolex
nrc_negative,gloomy,nrc_emolex
nrc_negative,glum,nrc_emolex
nrc_negative,gossip,nrc_emolex
nrc_negative,grating,nrc_emolex
nrc_negative,grave,nrc_emolex
nrc_negative,greed,nrc_emolex
nrc_negative,greedy,nrc_emolex
nrc_negative,grief,nrc_emolex
nrc_negative,grievance,nrc_emolex
nrc_negative,grieve,nrc_emolex
nrc_negative,grievous,nrc_emolex
nrc_negative,grim,nrc_emolex
nrc_negative,grime,nrc_emolex
nrc_negative,grimy,nrc_emolex
nrc_negative,grisly,nrc_emolex
nrc_negative,groan,nrc_emolex
nrc_negative,gross,nrc_emolex
nrc_negative,gruesome,nrc_emolex
nrc_negative,guilt,nrc_emolex
nrc_negative,guilty,nrc_emolex
nrc_negative,gullible,nrc_emolex
nrc_negative,gun,nrc_emolex
nrc_negative,hail,nrc_emolex
nrc_negative,harass,nrc_emolex
nrc_negative,hardship,nrc_emolex
nrc_negative,harm,nrc_emolex
nrc_negative,harmful,nrc_emolex
nrc_negative,hate,nrc_emolex
nrc_negative,hateful,nrc_emolex
nrc_negative,hating,nrc_emolex
nrc_negative,hatred,nrc_emolex
nrc_negative,haunt,nrc_emolex
nrc_negative,haunted,nrc_emolex
nrc_negative,havoc,nrc_emolex
nrc_negative,hazardous,nrc_emolex
nrc_negative,headache,nrc_emolex
nrc_negative,heartless,nrc_emolex
nrc_negative,hell,nrc_emolex
nrc_negative,hellish,nrc_emolex
nrc_negative,helpless,nrc_emolex
nrc_negative,helplessness,nrc_emolex
nrc_negative,heroin,nrc_emolex
nrc_negative,hesitation,nrc_emolex
nrc_negative,hideous,nrc_emolex
nrc_negative,hindrance,nrc_emolex
nrc_negative,hoax,nrc_emolex
nrc_negative,hollow,nrc_emolex
nrc_negative,homeless,nrc_emolex
nrc_negative,homesick,nrc_emolex
nrc_negative,homicide,nrc_emolex
nrc_negative,hopeless,nrc_emolex
nrc_negative,hopelessness,nrc_emolex
nrc_negative,horrible,nrc_emolex
nrc_negative,horribly,nrc_emolex
nrc_negative,horrid,nrc_emolex
nrc_negative,horrific,nrc_emolex
nrc_negative,horrified,nrc_emolex
nrc_negative,horrifying,nrc_emolex
nrc_negative,horror,nrc_emolex
nrc_negative,horrors,nrc_emolex
nrc_negative,hostile,nrc_emolex
nrc_negative,hostilities,nrc_emolex
nrc_negative,hostility,nrc_emolex
nrc_negative,humble,nrc_emolex
nrc_negative,humbug,nrc_emolex
nrc_negative,humiliate,nrc_emolex
nrc_negative,humiliating,nrc_emolex
nrc_negative,humiliation,nrc_emolex
nrc_negative,hurt,nrc_emolex
nrc_negative,hurtful,nrc_emolex
nrc_negative,hurting,nrc_emolex
nrc_negative,hypocritical,nrc_emolex
nrc_negative,hysteria,nrc_emolex
nrc_negative,hysterical,nrc_emolex
nrc_negative,idiocy,nrc_emolex
nrc_negative,idiot,nrc_emolex
nrc_negative,idiotic,nrc_emolex
nrc_negative,ignorance,nrc_emolex
nrc_negative,ignorant,nrc_emolex
nrc_negative,ignore,nrc_emolex
nrc_negative,ill,nrc_emolex
nrc_negative,illegal,nrc_emolex
nrc_negative,illegitimate,nrc_emolex
nrc_negative,illness,nrc_emolex
nrc_negative,illogical,nrc_emolex
nrc_negative,immoral,nrc_emolex
nrc_negative,immorality,nrc_emolex
nrc_negative,impair,nrc_emolex
nrc_negative,impairment,nrc_emolex
nrc_negative,impatience,nrc_emolex
nrc_negative,impatient,nrc_emolex
nrc_negative,impeachment,nrc_emolex
nrc_negative,impede,nrc_emolex
nrc_negative,impolite,nrc_emolex
nrc_negative,impotent,nrc_emolex
nrc_negative,imprisoned,nrc_emolex
nrc_negative,imprisonment,nrc_emolex
nrc_negative,inability,nrc_emolex
nrc_negative,inaction,nrc_emolex
nrc_negative,inadequacy,nrc_emolex
nrc_negative,inadequate,nrc_emolex
nrc_negative,inappropriate,nrc_emolex
nrc_negative,incense,nrc_emolex
nrc_negative,incoherent,nrc_emolex
nrc_negative,incompetence,nrc_emolex
nrc_negative,incompetent,nrc_emolex
nrc_negative,incomprehensible,nrc_emolex
nrc_negative,inconsiderate,nrc_emolex
nrc_negative,inconvenient,nrc_emolex
nrc_negative,incredulous,nrc_emolex
nrc_negative,indecision,nrc_emolex
nrc_negative,indecisive,nrc_emolex
nrc_negative,indifference,nrc_emolex
nrc_negative,indignant,nrc_emolex
nrc_negative,indignation,nrc_emolex
nrc_negative,ineffective,nrc_emolex
nrc_negative,ineffectual,nrc_emolex
nrc_negative,inefficiency,nrc_emolex
nrc_negative,inefficient,nrc_emolex
nrc_negative,inept,nrc_emolex
nrc_negative,ineptitude,nrc_emolex
nrc_negative,inexcusable,nrc_emolex
nrc_negative,infantile,nrc_emolex
nrc_negative,infect,nrc_emolex
nrc_negative,infection,nrc_emolex
nrc_negative,infectious,nrc_emolex
nrc_negative,inferior,nrc_emolex
nrc_negative,inferiority,nrc_emolex
nrc_negative,inflict,nrc_emolex
nrc_negative,infringement,nrc_emolex
nrc_negative,inhibit,nrc_emolex
nrc_negative,inhuman,nrc_emolex
nrc_negative,injured,nrc_emolex
nrc_negative,injury,nrc_emolex
nrc_negative,injustice,nrc_emolex
nrc_negative,inoperative,nrc_emolex
nrc_negative,insane,nrc_emolex
nrc_negative,insanity,nrc_emolex
nrc_negative,insecure,nrc_emolex
nrc_negative,insecurity,nrc_emolex
nrc_negative,insignificant,nrc_emolex
nrc_negative,insipid,nrc_emolex
nrc_negative,insolvent,nrc_emolex
nrc_negative,insufficiency,nrc_emolex
nrc_negative,insufficient,nrc_emolex
nrc_negative,insufficiently,nrc_emolex
nrc_negative,insult,nrc_emolex
nrc_negative,insulting,nrc_emolex
nrc_negative,intense,nrc_emolex
nrc_negative,interrupt,nrc_emolex
nrc_negative,interrupted,nrc_emolex
nrc_negative,intimidate,nrc_emolex
nrc_negative,intimidation,nrc_emolex
nrc_negative,invasion,nrc_emolex
nrc_negative,irate,nrc_emolex
nrc_negative,irrational,nrc_emolex
nrc_negative,irrationality,nrc_emolex
nrc_negative,irreparable,nrc_emolex
nrc_negative,irresponsible,nrc_emolex
nrc_negative,irritability,nrc_emolex
nrc_negative,irritable,nrc_emolex
nrc_negative,irritating,nrc_emolex
nrc_negative,irritation,nrc_emolex
nrc_negative,isolated,nrc_emolex
nrc_negative,isolation,nrc_emolex
nrc_negative,jealous,nrc_emolex
nrc_negative,jealousy,nrc_emolex
nrc_negative,jeopardy,nrc_emolex
nrc_negative,joke,nrc_emolex
nrc_negative,kidnap,nrc_emolex
nrc_negative,kill,nrc_emolex
nrc_negative,killing,nrc_emolex
nrc_negative,lack,nrc_emolex
nrc_negative,lag,nrc_emolex
nrc_negative,lagging,nrc_emolex
nrc_negative,lament,nrc_emolex
nrc_negative,lapse,nrc_emolex
nrc_negative,laughable,nrc_emolex
nrc_negative,lawsuit,nrc_emolex
nrc_negative,lazy,nrc_emolex
nrc_negative,leak,nrc_emolex
nrc_negative,leave,nrc_emolex
nrc_negative,lethal,nrc_emolex
nrc_negative,lethargy,nrc_emolex
nrc_negative,liar,nrc_emolex
nrc_negative,lifeless,nrc_emolex
nrc_negative,limited,nrc_emolex
nrc_negative,listless,nrc_emolex
nrc_negative,litigation,nrc_emolex
nrc_negative,litigious,nrc_emolex
nrc_negative,livid,nrc_emolex
nrc_negative,loathe,nrc_emolex
nrc_negative,loathing,nrc_emolex
nrc_negative,loathsome,nrc_emolex
nrc_negative,lobbyist,nrc_emolex
nrc_negative,loneliness,nrc_emolex
nrc_negative,lonely,nrc_emolex
nrc_negative,lonesome,nrc_emolex
nrc_negative,loom,nrc_emolex
nrc_negative,lose,nrc_emolex
nrc_negative,losing,nrc_emolex
nrc_negative,loss,nrc_emolex
nrc_negative,lost,nrc_emolex
nrc_negative,louse,nrc_emolex
nrc_negative,lower,nrc_emolex
nrc_negative,lowering,nrc_emolex
nrc_negative,lowest,nrc_emolex
nrc_negative,lowlands,nrc_emolex
nrc_negative,lowly,nrc_emolex
nrc_negative,ludicrous,nrc_emolex
nrc_negative,lunatic,nrc_emolex
nrc_negative,lurk,nrc_emolex
nrc_negative,lurking,nrc_emolex
nrc_negative,lying,nrc_emolex
nrc_negative,mad,nrc_emolex
nrc_negative,madness,nrc_emolex
nrc_negative,maniac,nrc_emolex
nrc_negative,maniacal,nrc_emolex
nrc_negative,manipulation,nrc_emolex
nrc_negative,manslaughter,nrc_emolex
nrc_negative,masochism,nrc_emolex
nrc_negative,meaningless,nrc_emolex
nrc_negative,mediocrity,nrc_emolex
nrc_negative,melancholic,nrc_emolex
nrc_negative,melancholy,nrc_emolex
nrc_negative,menace,nrc_emolex
nrc_negative,mess,nrc_emolex
nrc_negative,messy,nrc_emolex
nrc_negative,mischief,nrc_emolex
nrc_negative,misconduct,nrc_emolex
nrc_negative,miserable,nrc_emolex
nrc_negative,miserably,nrc_emolex
nrc_negative,misery,nrc_emolex
nrc_negative,misfortune,nrc_emolex
nrc_negative,mislead,nrc_emolex
nrc_negative,misleading,nrc_emolex
nrc_negative,misplace,nrc_emolex
nrc_negative,misplaced,nrc_emolex
nrc_negative,misrepresent,nrc_emolex
nrc_negative,misrepresentation,nrc_emolex
nrc_negative,misrepresented,nrc_emolex
nrc_negative,missing,nrc_emolex
nrc_negative,mistake,nrc_emolex
nrc_negative,mistaken,nrc_emolex
nrc_negative,misunderstand,nrc_emolex
nrc_negative,misunderstanding,nrc_emolex
nrc_negative,misuse,nrc_emolex
nrc_negative,mockery,nrc_emolex
nrc_negative,mocking,nrc_emolex
nrc_negative,molestation,nrc_emolex
nrc_negative,moody,nrc_emolex
nrc_negative,moron,nrc_emolex
nrc_negative,moronic,nrc_emolex
nrc_negative,mourn,nrc_emolex
nrc_negative,mournful,nrc_emolex
nrc_negative,mourning,nrc_emolex
nrc_negative,muddy,nrc_emolex
nrc_negative,murder,nrc_emolex
nrc_negative,murderer,nrc_emolex
nrc_negative,murderous,nrc_emolex
nrc_negative,murky,nrc_emolex
nrc_negative,nag,nrc_emolex
nrc_negative,naive,nrc_emolex
nrc_negative,nasty,nrc_emolex
nrc_negative,needy,nrc_emolex
nrc_negative,negative,nrc_emolex
nrc_negative,neglect,nrc_emolex
nrc_negative,neglected,nrc_emolex
nrc_negative,neglecting,nrc_emolex
nrc_negative,nervous,nrc_emolex
nrc_negative,neurotic,nrc_emolex
nrc_negative,nigger,nrc_emolex
nrc_negative,noisy,nrc_emolex
nrc_negative,nonsense,nrc_emolex
nrc_negative,numb,nrc_emolex
nrc_negative,numbness,nrc_emolex
nrc_negative,obliterate,nrc_emolex
nrc_negative,obliterated,nrc_emolex
nrc_negative,obnoxious,nrc_emolex
nrc_negative,obscene,nrc_emolex
nrc_negative,obscenity,nrc_emolex
nrc_negative,obstacle,nrc_emolex
nrc_negative,obstinate,nrc_emolex
nrc_negative,obstruct,nrc_emolex
nrc_negative,obstruction,nrc_emolex
nrc_negative,offend,nrc_emolex
nrc_negative,offended,nrc_emolex
nrc_negative,offender,nrc_emolex
nrc_negative,offense,nrc_emolex
nrc_negative,offensive,nrc_emolex
nrc_negative,ominous,nrc_emolex
nrc_negative,oppression,nrc_emolex
nrc_negative,oppressive,nrc_emolex
nrc_negative,outcry,nrc_emolex
nrc_negative,outrage,nrc_emolex
nrc_negative,outstanding,nrc_emolex
nrc_negative,overload,nrc_emolex
nrc_negative,oversight,nrc_emolex
nrc_negative,overwhelm,nrc_emolex
nrc_negative,overwhelmed,nrc_emolex
nrc_negative,pain,nrc_emolex
nrc_negative,pained,nrc_emolex
nrc_negative,painful,nrc_emolex
nrc_negative,painfully,nrc_emolex
nrc_negative,pains,nrc_emolex
nrc_negative,panic,nrc_emolex
nrc_negative,paranoia,nrc_emolex
nrc_negative,passive,nrc_emolex
nrc_negative,pathetic,nrc_emolex
nrc_negative,peculiarities,nrc_emolex
nrc_negative,penalty,nrc_emolex
nrc_negative,peril,nrc_emolex
nrc_negative,perjury,nrc_emolex
nrc_negative,perpetrator,nrc_emolex
nrc_negative,perplexed,nrc_emolex
nrc_negative,persecute,nrc_emolex
nrc_negative,perverse,nrc_emolex
nrc_negative,perversion,nrc_emolex
nrc_negative,pervert,nrc_emolex
nrc_negative,perverted,nrc_emolex
nrc_negative,pessimism,nrc_emolex
nrc_negative,pessimist,nrc_emolex
nrc_negative,petty,nrc_emolex
nrc_negative,pillage,nrc_emolex
nrc_negative,pique,nrc_emolex
nrc_negative,plague,nrc_emolex
nrc_negative,plodding,nrc_emolex
nrc_negative,pointless,nrc_emolex
nrc_negative,poison,nrc_emolex
nrc_negative,poisoned,nrc_emolex
nrc_negative,poisoning,nrc_emolex
nrc_negative,poisonous,nrc_emolex
nrc_negative,pollute,nrc_emolex
nrc_negative,pollution,nrc_emolex
nrc_negative,poorly,nrc_emolex
nrc_negative,poverty,nrc_emolex
nrc_negative,powerless,nrc_emolex
nrc_negative,predatory,nrc_emolex
nrc_negative,prejudice,nrc_emolex
nrc_negative,prejudiced,nrc_emolex
nrc_negative,prejudicial,nrc_emolex
nrc_negative,pressure,nrc_emolex
nrc_negative,pretend,nrc_emolex
nrc_negative,pretending,nrc_emolex
nrc_negative,prick,nrc_emolex
nrc_negative,prickly,nrc_emolex
nrc_negative,prison,nrc_emolex
nrc_negative,prisoner,nrc_emolex
nrc_negative,problem,nrc_emolex
nrc_negative,promiscuous,nrc_emolex
nrc_negative,propaganda,nrc_emolex
nrc_negative,prosecute,nrc_emolex
nrc_negative,prosecution,nrc_emolex
nrc_negative,provoking,nrc_emolex
nrc_negative,punish,nrc_emolex
nrc_negative,punished,nrc_emolex
nrc_negative,punishing,nrc_emolex
nrc_negative,punishment,nrc_emolex
nrc_negative,punitive,nrc_emolex
nrc_negative,questionable,nrc_emolex
nrc_negative,rage,nrc_emolex
nrc_negative,raging,nrc_emolex
nrc_negative,rancid,nrc_emolex
nrc_negative,rape,nrc_emolex
nrc_negative,rash,nrc_emolex
nrc_negative,rebel,nrc_emolex
nrc_negative,recession,nrc_emolex
nrc_negative,reckless,nrc_emolex
nrc_negative,refuse,nrc_emolex
nrc_negative,refused,nrc_emolex
nrc_negative,regret,nrc_emolex
nrc_negative,regrettable,nrc_emolex
nrc_negative,regretted,nrc_emolex
nrc_negative,regretting,nrc_emolex
nrc_negative,reject,nrc_emolex
nrc_negative,rejected,nrc_emolex
nrc_negative,rejection,nrc_emolex
nrc_negative,rejects,nrc_emolex
nrc_negative,reluctant,nrc_emolex
nrc_negative,remorse,nrc_emolex
nrc_negative,repellent,nrc_emolex
nrc_negative,repress,nrc_emolex
nrc_negative,repression,nrc_emolex
nrc_negative,reprimand,nrc_emolex
nrc_negative,resent,nrc_emolex
nrc_negative,resentful,nrc_emolex
nrc_negative,resentment,nrc_emolex
nrc_negative,resign,nrc_emolex
nrc_negative,resignation,nrc_emolex
nrc_negative,resigned,nrc_emolex
nrc_negative,restrict,nrc_emolex
nrc_negative,restriction,nrc_emolex
nrc_negative,restrictive,nrc_emolex
nrc_negative,retard,nrc_emolex
nrc_negative,revenge,nrc_emolex
nrc_negative,revive,nrc_emolex
nrc_negative,revolting,nrc_emolex
nrc_negative,ridicule,nrc_emolex
nrc_negative,ridiculous,nrc_emolex
nrc_negative,rigid,nrc_emolex
nrc_negative,rigidity,nrc_emolex
nrc_negative,rigorous,nrc_emolex
nrc_negative,riot,nrc_emolex
nrc_negative,risk,nrc_emolex
nrc_negative,risky,nrc_emolex
nrc_negative,rob,nrc_emolex
nrc_negative,robber,nrc_emolex
nrc_negative,ruin,nrc_emolex
nrc_negative,ruined,nrc_emolex
nrc_negative,ruinous,nrc_emolex
nrc_negative,sabotage,nrc_emolex
nrc_negative,sadly,nrc_emolex
nrc_negative,sadness,nrc_emolex
nrc_negative,sarcasm,nrc_emolex
nrc_negative,savage,nrc_emolex
nrc_negative,savagery,nrc_emolex
nrc_negative,scandal,nrc_emolex
nrc_negative,scandalous,nrc_emolex
nrc_negative,scapegoat,nrc_emolex
nrc_negative,scar,nrc_emolex
nrc_negative,scare,nrc_emolex
nrc_negative,scarecrow,nrc_emolex
nrc_negative,scold,nrc_emolex
nrc_negative,scorn,nrc_emolex
nrc_negative,scream,nrc_emolex
nrc_negative,screaming,nrc_emolex
nrc_negative,screwed,nrc_emolex
nrc_negative,scum,nrc_emolex
nrc_negative,sedition,nrc_emolex
nrc_negative,selfish,nrc_emolex
nrc_negative,selfishness,nrc_emolex
nrc_negative,sentence,nrc_emolex
nrc_negative,serene,nrc_emolex
nrc_negative,shaking,nrc_emolex
nrc_negative,shaky,nrc_emolex
nrc_negative,shame,nrc_emolex
nrc_negative,shameful,nrc_emolex
nrc_negative,shameless,nrc_emolex
nrc_negative,shattered,nrc_emolex
nrc_negative,shit,nrc_emolex
nrc_negative,shock,nrc_emolex
nrc_negative,shoot,nrc_emolex
nrc_negative,shortage,nrc_emolex
nrc_negative,sick,nrc_emolex
nrc_negative,sickening,nrc_emolex
nrc_negative,sickness,nrc_emolex
nrc_negative,silly,nrc_emolex
nrc_negative,sin,nrc_emolex
nrc_negative,sinful,nrc_emolex
nrc_negative,sinister,nrc_emolex
nrc_negative,skeptical,nrc_emolex
nrc_negative,slam,nrc_emolex
nrc_negative,slap,nrc_emolex
nrc_negative,slave,nrc_emolex
nrc_negative,slavery,nrc_emolex
nrc_negative,slip,nrc_emolex
nrc_negative,sloppy,nrc_emolex
nrc_negative,sluggish,nrc_emolex
nrc_negative,slut,nrc_emolex
nrc_negative,smother,nrc_emolex
nrc_negative,smug,nrc_emolex
nrc_negative,smuggle,nrc_emolex
nrc_negative,smuggler,nrc_emolex
nrc_negative,smuggling,nrc_emolex
nrc_negative,sneeze,nrc_emolex
nrc_negative,snob,nrc_emolex
nrc_negative,sob,nrc_emolex
nrc_negative,somber,nrc_emolex
nrc_negative,sore,nrc_emolex
nrc_negative,sorrow,nrc_emolex
nrc_negative,sorrowful,nrc_emolex
nrc_negative,soulmate,nrc_emolex
nrc_negative,spite,nrc_emolex
nrc_negative,spiteful,nrc_emolex
nrc_negative,squeamish,nrc_emolex
nrc_negative,stab,nrc_emolex
nrc_negative,startle,nrc_emolex
nrc_negative,starved,nrc_emolex
nrc_negative,starving,nrc_emolex
nrc_negative,steal,nrc_emolex
nrc_negative,stealing,nrc_emolex
nrc_negative,stealthy,nrc_emolex
nrc_negative,stereotype,nrc_emolex
nrc_negative,stereotyped,nrc_emolex
nrc_negative,stifled,nrc_emolex
nrc_negative,stingy,nrc_emolex
nrc_negative,stink,nrc_emolex
nrc_negative,stinking,nrc_emolex
nrc_negative,stolen,nrc_emolex
nrc_negative,strained,nrc_emolex
nrc_negative,stress,nrc_emolex
nrc_negative,strike,nrc_emolex
nrc_negative,struggle,nrc_emolex
nrc_negative,stunned,nrc_emolex
nrc_negative,stupid,nrc_emolex
nrc_negative,stupidity,nrc_emolex
nrc_negative,subpoena,nrc_emolex
nrc_negative,subversive,nrc_emolex
nrc_negative,suck,nrc_emolex
nrc_negative,sucker,nrc_emolex
nrc_negative,sue,nrc_emolex
nrc_negative,suffer,nrc_emolex
nrc_negative,sufferer,nrc_emolex
nrc_negative,suffering,nrc_emolex
nrc_negative,suicidal,nrc_emolex
nrc_negative,suicide,nrc_emolex
nrc_negative,sullen,nrc_emolex
nrc_negative,supremacy,nrc_emolex
nrc_negative,suspect,nrc_emolex
nrc_negative,suspicion,nrc_emolex
nrc_negative,suspicious,nrc_emolex
nrc_negative,taint,nrc_emolex
nrc_negative,tarnish,nrc_emolex
nrc_negative,tease,nrc_emolex
nrc_negative,teasing,nrc_emolex
nrc_negative,tedious,nrc_emolex
nrc_negative,terrible,nrc_emolex
nrc_negative,terror,nrc_emolex
nrc_negative,terrorism,nrc_emolex
nrc_negative,terrorist,nrc_emolex
nrc_negative,terrorize,nrc_emolex
nrc_negative,thief,nrc_emolex
nrc_negative,thorny,nrc_emolex
nrc_negative,thoughtless,nrc_emolex
nrc_negative,threat,nrc_emolex
nrc_negative,threaten,nrc_emolex
nrc_negative,threatening,nrc_emolex
nrc_negative,thwart,nrc_emolex
nrc_negative,timid,nrc_emolex
nrc_negative,timidity,nrc_emolex
nrc_negative,tired,nrc_emolex
nrc_negative,torn,nrc_emolex
nrc_negative,torture,nrc_emolex
nrc_negative,touched,nrc_emolex
nrc_negative,tough,nrc_emolex
nrc_negative,toxic,nrc_emolex
nrc_negative,tragedy,nrc_emolex
nrc_negative,tragic,nrc_emolex
nrc_negative,traps,nrc_emolex
nrc_negative,traumatic,nrc_emolex
nrc_negative,travesty,nrc_emolex
nrc_negative,treason,nrc_emolex
nrc_negative,treat,nrc_emolex
nrc_negative,trembling,nrc_emolex
nrc_negative,tremor,nrc_emolex
nrc_negative,tribulation,nrc_emolex
nrc_negative,trick,nrc_emolex
nrc_negative,trickery,nrc_emolex
nrc_negative,troll,nrc_emolex
nrc_negative,troublesome,nrc_emolex
nrc_negative,tumor,nrc_emolex
nrc_negative,turmoil,nrc_emolex
nrc_negative,tyrannical,nrc_emolex
nrc_negative,ugliness,nrc_emolex
nrc_negative,ugly,nrc_emolex
nrc_negative,unable,nrc_emolex
nrc_negative,unacceptable,nrc_emolex
nrc_negative,unapproved,nrc_emolex
nrc_negative,unattractive,nrc_emolex
nrc_negative,unaware,nrc_emolex
nrc_negative,unbearable,nrc_emolex
nrc_negative,unbelievable,nrc_emolex
nrc_negative,uncertain,nrc_emolex
nrc_negative,uncomfortable,nrc_emolex
nrc_negative,uncontrollable,nrc_emolex
nrc_negative,uncontrolled,nrc_emolex
nrc_negative,undecided,nrc_emolex
nrc_negative,undermined,nrc_emolex
nrc_negative,undesirable,nrc_emolex
nrc_negative,uneasiness,nrc_emolex
nrc_negative,uneasy,nrc_emolex
nrc_negative,unemployed,nrc_emolex
nrc_negative,unequal,nrc_emolex
nrc_negative,unexpected,nrc_emolex
nrc_negative,unfair,nrc_emolex
nrc_negative,unfavorable,nrc_emolex
nrc_negative,unforgiving,nrc_emolex
nrc_negative,unfortunate,nrc_emolex
nrc_negative,unfriendly,nrc_emolex
nrc_negative,unfulfilled,nrc_emolex
nrc_negative,ungrateful,nrc_emolex
nrc_negative,unhappiness,nrc_emolex
nrc_negative,unhappy,nrc_emolex
nrc_negative,unhealthy,nrc_emolex
nrc_negative,unimportant,nrc_emolex
nrc_negative,unimpressed,nrc_emolex
nrc_negative,uninspired,nrc_emolex
nrc_negative,uninterested,nrc_emolex
nrc_negative,unjust,nrc_emolex
nrc_negative,unkind,nrc_emolex
nrc_negative,unpleasant,nrc_emolex
nrc_negative,unprotected,nrc_emolex
nrc_negative,unsafe,nrc_emolex
nrc_negative,unsatisfied,nrc_emolex
nrc_negative,unsavory,nrc_emolex
nrc_negative,unsettled,nrc_emolex
nrc_negative,unsophisticated,nrc_emolex
nrc_negative,unstable,nrc_emolex
nrc_negative,unsuccessful,nrc_emolex
nrc_negative,unsupported,nrc_emolex
nrc_negative,untrue,nrc_emolex
nrc_negative,unwelcome,nrc_emolex
nrc_negative,unworthy,nrc_emolex
nrc_negative,uproar,nrc_emolex
nrc_negative,upset,nrc_emolex
nrc_negative,urgent,nrc_emolex
nrc_negative,useless,nrc_emolex
nrc_negative,vague,nrc_emolex
nrc_negative,vanity,nrc_emolex
nrc_negative,vengeful,nrc_emolex
nrc_negative,vicious,nrc_emolex
nrc_negative,victim,nrc_emolex
nrc_negative,victimized,nrc_emolex
nrc_negative,villain,nrc_emolex
nrc_negative,villainous,nrc_emolex
nrc_negative,vindictive,nrc_emolex
nrc_negative,violation,nrc_emolex
nrc_negative,violence,nrc_emolex
nrc_negative,violent,nrc_emolex
nrc_negative,violently,nrc_emolex
nrc_negative,vomiting,nrc_emolex
nrc_negative,vulnerability,nrc_emolex
nrc_negative,vulture,nrc_emolex
nrc_negative,wanting,nrc_emolex
nrc_negative,war,nrc_emolex
nrc_negative,warfare,nrc_emolex
nrc_negative,warn,nrc_emolex
nrc_negative,waste,nrc_emolex
nrc_negative,wasted,nrc_emolex
nrc_negative,wasting,nrc_emolex
nrc_negative,weakened,nrc_emolex
nrc_negative,weakly,nrc_emolex
nrc_negative,weakness,nrc_emolex
nrc_negative,weary,nrc_emolex
nrc_negative,weep,nrc_emolex
nrc_negative,weird,nrc_emolex
nrc_negative,weirdo,nrc_emolex
nrc_negative,whine,nrc_emolex
nrc_negative,whore,nrc_emolex
nrc_negative,wicked,nrc_emolex
nrc_negative,wickedness,nrc_emolex
nrc_negative,wimp,nrc_emolex
nrc_negative,wimpy,nrc_emolex
nrc_negative,witch,nrc_emolex
nrc_negative,woe,nrc_emolex
nrc_negative,woeful,nrc_emolex
nrc_negative,woefully,nrc_emolex
nrc_negative,worn,nrc_emolex
nrc_negative,worried,nrc_emolex
nrc_negative,worry,nrc_emolex
nrc_negative,worrying,nrc_emolex
nrc_negative,worse,nrc_emolex
nrc_negative,worsening,nrc_emolex
nrc_negative,worthless,nrc_emolex
nrc_negative,wreck,nrc_emolex
nrc_negative,wretched,nrc_emolex
nrc_negative,wrong,nrc_emolex
nrc_negative,wrongdoing,nrc_emolex
nrc_negative,wrongful,nrc_emolex
nrc_negative,wrongly,nrc_emolex
nrc_negative,yearning,nrc_emolex
nrc_positive,ability,nrc_emolex
nrc_positive,absorbed,nrc_emolex
nrc_positive,acceptable,nrc_emolex
nrc_positive,acceptance,nrc_emolex
nrc_positive,accessible,nrc_emolex
nrc_positive,accolade,nrc_emolex
nrc_positive,accomplish,nrc_emolex
nrc_positive,accomplished,nrc_emolex
nrc_positive,accomplishment,nrc_emolex
nrc_positive,admirable,nrc_emolex
nrc_positive,admiral,nrc_emolex
nrc_positive,admiration,nrc_emolex
nrc_positive,admire,nrc_emolex
nrc_positive,admirer,nrc_emolex
nrc_positive,adorable,nrc_emolex
nrc_positive,adoration,nrc_emolex
nrc_positive,adore,nrc_emolex
nrc_positive,advanced,nrc_emolex
nrc_positive,advantage,nrc_emolex
nrc_positive,advantageous,nrc_emolex
nrc_positive,adventure,nrc_emolex
nrc_positive,adventurous,nrc_emolex
nrc_positive,advisable,nrc_emolex
nrc_positive,affection,nrc_emolex
nrc_positive,agree,nrc_emolex
nrc_positive,agreeable,nrc_emolex
nrc_positive,agreed,nrc_emolex
nrc_positive,agreeing,nrc_emolex
nrc_positive,agreement,nrc_emolex
nrc_positive,alive,nrc_emolex
nrc_positive,ally,nrc_emolex
nrc_positive,amicable,nrc_emolex
nrc_positive,amuse,nrc_emolex
nrc_positive,amused,nrc_emolex
nrc_positive,amusement,nrc_emolex
nrc_positive,amusing,nrc_emolex
nrc_positive,apologetic,nrc_emolex
nrc_positive,apologize,nrc_emolex
nrc_positive,apology,nrc_emolex
nrc_positive,applause,nrc_emolex
nrc_positive,appreciation,nrc_emolex
nrc_positive,approval,nrc_emolex
nrc_positive,ardent,nrc_emolex
nrc_positive,assets,nrc_emolex
nrc_positive,assurance,nrc_emolex
nrc_positive,assured,nrc_emolex
nrc_positive,attachment,nrc_emolex
nrc_positive,attraction,nrc_emolex
nrc_positive,attractiveness,nrc_emolex
nrc_positive,aura,nrc_emolex
nrc_positive,authority,nrc_emolex
nrc_positive,award,nrc_emolex
nrc_positive,balanced,nrc_emolex
nrc_positive,bargain,nrc_emolex
nrc_positive,beaming,nrc_emolex
nrc_positive,beautification,nrc_emolex
nrc_positive,beautiful,nrc_emolex
nrc_positive,beautify,nrc_emolex
nrc_positive,beauty,nrc_emolex
nrc_positive,befitting,nrc_emolex
nrc_positive,believing,nrc_emolex
nrc_positive,benefactor,nrc_emolex
nrc_positive,beneficial,nrc_emolex
nrc_positive,benefit,nrc_emolex
nrc_positive,benevolence,nrc_emolex
nrc_positive,benign,nrc_emolex
nrc_positive,blameless,nrc_emolex
nrc_positive,bless,nrc_emolex
nrc_positive,blessed,nrc_emolex
nrc_positive,blessing,nrc_emolex
nrc_positive,blessings,nrc_emolex
nrc_positive,bliss,nrc_emolex
nrc_positive,blissful,nrc_emolex
nrc_positive,bold,nrc_emolex
nrc_positive,boldness,nrc_emolex
nrc_positive,bonus,nrc_emolex
nrc_positive,bravery,nrc_emolex
nrc_positive,brighten,nrc_emolex
nrc_positive,brightness,nrc_emolex
nrc_positive,brilliant,nrc_emolex
nrc_positive,calm,nrc_emolex
nrc_positive,careful,nrc_emolex
nrc_positive,carefully,nrc_emolex
nrc_positive,cautious,nrc_emolex
nrc_positive,celebrated,nrc_emolex
nrc_positive,celebrating,nrc_emolex
nrc_positive,celebration,nrc_emolex
nrc_positive,certainty,nrc_emolex
nrc_positive,champion,nrc_emolex
nrc_positive,charitable,nrc_emolex
nrc_positive,charity,nrc_emolex
nrc_positive,charm,nrc_emolex
nrc_positive,charmed,nrc_emolex
nrc_positive,charming,nrc_emolex
nrc_positive,cheer,nrc_emolex
nrc_positive,cheerful,nrc_emolex
nrc_positive,cheerfulness,nrc_emolex
nrc_positive,cheering,nrc_emolex
nrc_positive,cheery,nrc_emolex
nrc_positive,cherish,nrc_emolex
nrc_positive,chuckle,nrc_emolex
nrc_positive,clean,nrc_emolex
nrc_positive,clever,nrc_emolex
nrc_positive,cleverness,nrc_emolex
nrc_positive,comfort,nrc_emolex
nrc_positive,commend,nrc_emolex
nrc_positive,committed,nrc_emolex
nrc_positive,compassion,nrc_emolex
nrc_positive,compassionate,nrc_emolex
nrc_positive,compelling,nrc_emolex
nrc_positive,competent,nrc_emolex
nrc_positive,compliment,nrc_emolex
nrc_positive,comprehensive,nrc_emolex
nrc_positive,confidence,nrc_emolex
nrc_positive,confident,nrc_emolex
nrc_positive,considerate,nrc_emolex
nrc_positive,content,nrc_emolex
nrc_positive,convince,nrc_emolex
nrc_positive,cool,nrc_emolex
nrc_positive,courage,nrc_emolex
nrc_positive,courageous,nrc_emolex
nrc_positive,courteous,nrc_emolex
nrc_positive,courtesy,nrc_emolex
nrc_positive,create,nrc_emolex
nrc_positive,creative,nrc_emolex
nrc_positive,credit,nrc_emolex
nrc_positive,creditable,nrc_emolex
nrc_positive,credited,nrc_emolex
nrc_positive,critique,nrc_emolex
nrc_positive,cunning,nrc_emolex
nrc_positive,cute,nrc_emolex
nrc_positive,daring,nrc_emolex
nrc_positive,darling,nrc_emolex
nrc_positive,dear,nrc_emolex
nrc_positive,dedication,nrc_emolex
nrc_positive,defender,nrc_emolex
nrc_positive,defense,nrc_emolex
nrc_positive,delectable,nrc_emolex
nrc_positive,delicious,nrc_emolex
nrc_positive,delight,nrc_emolex
nrc_positive,delighted,nrc_emolex
nrc_positive,delightful,nrc_emolex
nrc_positive,desirable,nrc_emolex
nrc_positive,desiring,nrc_emolex
nrc_positive,desirous,nrc_emolex
nrc_positive,determination,nrc_emolex
nrc_positive,determined,nrc_emolex
nrc_positive,devotional,nrc_emolex
nrc_positive,diamond,nrc_emolex
nrc_positive,dignified,nrc_emolex
nrc_positive,dignity,nrc_emolex
nrc_positive,divinity,nrc_emolex
nrc_positive,dominate,nrc_emolex
nrc_positive,donation,nrc_emolex
nrc_positive,doubtless,nrc_emolex
nrc_positive,durable,nrc_emolex
nrc_positive,eager,nrc_emolex
nrc_positive,eagerness,nrc_emolex
nrc_positive,earnest,nrc_emolex
nrc_positive,ease,nrc_emolex
nrc_positive,easement,nrc_emolex
nrc_positive,easygoing,nrc_emolex
nrc_positive,ecstasy,nrc_emolex
nrc_positive,ecstatic,nrc_emolex
nrc_positive,effective,nrc_emolex
nrc_positive,efficiency,nrc_emolex
nrc_positive,efficient,nrc_emolex
nrc_positive,elated,nrc_emolex
nrc_positive,elegance,nrc_emolex
nrc_positive,elegant,nrc_emolex
nrc_positive,embrace,nrc_emolex
nrc_positive,empower,nrc_emolex
nrc_positive,enchanted,nrc_emolex
nrc_positive,encourage,nrc_emolex
nrc_positive,encouragement,nrc_emolex
nrc_positive,energetic,nrc_emolex
nrc_positive,engaged,nrc_emolex
nrc_positive,engaging,nrc_emolex
nrc_positive,enjoy,nrc_emolex
nrc_positive,enjoying,nrc_emolex
nrc_positive,enlighten,nrc_emolex
nrc_positive,enterprising,nrc_emolex
nrc_positive,entertain,nrc_emolex
nrc_positive,entertained,nrc_emolex
nrc_positive,entertaining,nrc_emolex
nrc_positive,entertainment,nrc_emolex
nrc_positive,enthusiasm,nrc_emolex
nrc_positive,enthusiast,nrc_emolex
nrc_positive,escape,nrc_emolex
nrc_positive,esteem,nrc_emolex
nrc_positive,ethical,nrc_emolex
nrc_positive,evergreen,nrc_emolex
nrc_positive,excel,nrc_emolex
nrc_positive,excellence,nrc_emolex
nrc_positive,excellent,nrc_emolex
nrc_positive,excitable,nrc_emolex
nrc_positive,excitation,nrc_emolex
nrc_positive,excite,nrc_emolex
nrc_positive,excited,nrc_emolex
nrc_positive,excitement,nrc_emolex
nrc_positive,exciting,nrc_emolex
nrc_positive,exquisite,nrc_emolex
nrc_positive,extend,nrc_emolex
nrc_positive,fair,nrc_emolex
nrc_positive,faith,nrc_emolex
nrc_positive,faithful,nrc_emolex
nrc_positive,fame,nrc_emolex
nrc_positive,famous,nrc_emolex
nrc_positive,fascinating,nrc_emolex
nrc_positive,fascination,nrc_emolex
nrc_positive,faultless,nrc_emolex
nrc_positive,favorable,nrc_emolex
nrc_positive,favorite,nrc_emolex
nrc_positive,favoritism,nrc_emolex
nrc_positive,fearless,nrc_emolex
nrc_positive,feeling,nrc_emolex
nrc_positive,fertile,nrc_emolex
nrc_positive,festival,nrc_emolex
nrc_positive,festive,nrc_emolex
nrc_positive,fiesta,nrc_emolex
nrc_positive,flattering,nrc_emolex
nrc_positive,flexibility,nrc_emolex
nrc_positive,fondness,nrc_emolex
nrc_positive,forgive,nrc_emolex
nrc_positive,forgiven,nrc_emolex
nrc_positive,forgiving,nrc_emolex
nrc_positive,fortunate,nrc_emolex
nrc_positive,fortune,nrc_emolex
nrc_positive,freedom,nrc_emolex
nrc_positive,freely,nrc_emolex
nrc_positive,friend,nrc_emolex
nrc_positive,friendliness,nrc_emolex
nrc_positive,friendly,nrc_emolex
nrc_positive,friendship,nrc_emolex
nrc_positive,frisky,nrc_emolex
nrc_positive,fulfill,nrc_emolex
nrc_positive,fulfillment,nrc_emolex
nrc_positive,fun,nrc_emolex
nrc_positive,gain,nrc_emolex
nrc_positive,gaining,nrc_emolex
nrc_positive,gallant,nrc_emolex
nrc_positive,gallantry,nrc_emolex
nrc_positive,gem,nrc_emolex
nrc_positive,generosity,nrc_emolex
nrc_positive,generous,nrc_emolex
nrc_positive,genial,nrc_emolex
nrc_positive,genuine,nrc_emolex
nrc_positive,gift,nrc_emolex
nrc_positive,giggle,nrc_emolex
nrc_positive,giving,nrc_emolex
nrc_positive,glad,nrc_emolex
nrc_positive,glee,nrc_emolex
nrc_positive,glorification,nrc_emolex
nrc_positive,glorify,nrc_emolex
nrc_positive,glory,nrc_emolex
nrc_positive,god,nrc_emolex
nrc_positive,godsend,nrc_emolex
nrc_positive,gold,nrc_emolex
nrc_positive,good,nrc_emolex
nrc_positive,goodness,nrc_emolex
nrc_positive,goodwill,nrc_emolex
nrc_positive,gorgeous,nrc_emolex
nrc_positive,grace,nrc_emolex
nrc_positive,graceful,nrc_emolex
nrc_positive,gracious,nrc_emolex
nrc_positive,graciously,nrc_emolex
nrc_positive,grandeur,nrc_emolex
nrc_positive,grant,nrc_emolex
nrc_positive,granted,nrc_emolex
nrc_positive,grateful,nrc_emolex
nrc_positive,gratify,nrc_emolex
nrc_positive,gratitude,nrc_emolex
nrc_positive,greater,nrc_emolex
nrc_positive,greeting,nrc_emolex
nrc_positive,grin,nrc_emolex
nrc_positive,growth,nrc_emolex
nrc_positive,guarantee,nrc_emolex
nrc_positive,hail,nrc_emolex
nrc_positive,happily,nrc_emolex
nrc_positive,happiness,nrc_emolex
nrc_positive,happy,nrc_emolex
nrc_positive,hardy,nrc_emolex
nrc_positive,harmoniously,nrc_emolex
nrc_positive,harmony,nrc_emolex
nrc_positive,healthy,nrc_emolex
nrc_positive,heartfelt,nrc_emolex
nrc_positive,heavenly,nrc_emolex
nrc_positive,heavens,nrc_emolex
nrc_positive,helper,nrc_emolex
nrc_positive,helpful,nrc_emolex
nrc_positive,hero,nrc_emolex
nrc_positive,heroic,nrc_emolex
nrc_positive,heroics,nrc_emolex
nrc_positive,heroine,nrc_emolex
nrc_positive,heroism,nrc_emolex
nrc_positive,hilarious,nrc_emolex
nrc_positive,holiday,nrc_emolex
nrc_positive,honest,nrc_emolex
nrc_positive,honesty,nrc_emolex
nrc_positive,honor,nrc_emolex
nrc_positive,honorable,nrc_emolex
nrc_positive,hope,nrc_emolex
nrc_positive,hopeful,nrc_emolex
nrc_positive,hug,nrc_emolex
nrc_positive,humane,nrc_emolex
nrc_positive,humble,nrc_emolex
nrc_positive,humbled,nrc_emolex
nrc_positive,humorist,nrc_emolex
nrc_positive,humorous,nrc_emolex
nrc_positive,hurrah,nrc_emolex
nrc_positive,idealism,nrc_emolex
nrc_positive,imaginative,nrc_emolex
nrc_positive,immortal,nrc_emolex
nrc_positive,importance,nrc_emolex
nrc_positive,important,nrc_emolex
nrc_positive,impress,nrc_emolex
nrc_positive,impression,nrc_emolex
nrc_positive,improve,nrc_emolex
nrc_positive,improved,nrc_emolex
nrc_positive,improvement,nrc_emolex
nrc_positive,improving,nrc_emolex
nrc_positive,increase,nrc_emolex
nrc_positive,indestructible,nrc_emolex
nrc_positive,influential,nrc_emolex
nrc_positive,innocence,nrc_emolex
nrc_positive,innocent,nrc_emolex
nrc_positive,innocently,nrc_emolex
nrc_positive,innovate,nrc_emolex
nrc_positive,innovation,nrc_emolex
nrc_positive,inquisitive,nrc_emolex
nrc_positive,inspiration,nrc_emolex
nrc_positive,inspire,nrc_emolex
nrc_positive,inspired,nrc_emolex
nrc_positive,intact,nrc_emolex
nrc_positive,integrity,nrc_emolex
nrc_positive,intellect,nrc_emolex
nrc_positive,intellectual,nrc_emolex
nrc_positive,intelligence,nrc_emolex
nrc_positive,intelligent,nrc_emolex
nrc_positive,intense,nrc_emolex
nrc_positive,interest,nrc_emolex
nrc_positive,interested,nrc_emolex
nrc_positive,interesting,nrc_emolex
nrc_positive,invigorate,nrc_emolex
nrc_positive,invite,nrc_emolex
nrc_positive,inviting,nrc_emolex
nrc_positive,join,nrc_emolex
nrc_positive,joker,nrc_emolex
nrc_positive,joking,nrc_emolex
nrc_positive,jovial,nrc_emolex
nrc_positive,joy,nrc_emolex
nrc_positive,joyful,nrc_emolex
nrc_positive,joyous,nrc_emolex
nrc_positive,jubilant,nrc_emolex
nrc_positive,justice,nrc_emolex
nrc_positive,kind,nrc_emolex
nrc_positive,kindness,nrc_emolex
nrc_positive,kiss,nrc_emolex
nrc_positive,kudos,nrc_emolex
nrc_positive,laugh,nrc_emolex
nrc_positive,laughing,nrc_emolex
nrc_positive,laughter,nrc_emolex
nrc_positive,legal,nrc_emolex
nrc_positive,lenient,nrc_emolex
nrc_positive,liberty,nrc_emolex
nrc_positive,liking,nrc_emolex
nrc_positive,lovable,nrc_emolex
nrc_positive,love,nrc_emolex
nrc_positive,lovely,nrc_emolex
nrc_positive,lover,nrc_emolex
nrc_positive,loving,nrc_emolex
nrc_positive,loyal,nrc_emolex
nrc_positive,loyalty,nrc_emolex
nrc_positive,luck,nrc_emolex
nrc_positive,lucky,nrc_emolex
nrc_positive,luxury,nrc_emolex
nrc_positive,magnificence,nrc_emolex
nrc_positive,magnificent,nrc_emolex
nrc_positive,marvel,nrc_emolex
nrc_positive,marvelous,nrc_emolex
nrc_positive,masterpiece,nrc_emolex
nrc_positive,medal,nrc_emolex
nrc_positive,memorable,nrc_emolex
nrc_positive,mercy,nrc_emolex
nrc_positive,merit,nrc_emolex
nrc_positive,meritorious,nrc_emolex
nrc_positive,merriment,nrc_emolex
nrc_positive,merry,nrc_emolex
nrc_positive,miracle,nrc_emolex
nrc_positive,mirth,nrc_emolex
nrc_positive,neatly,nrc_emolex
nrc_positive,noble,nrc_emolex
nrc_positive,notable,nrc_emolex
nrc_positive,nurture,nrc_emolex
nrc_positive,openness,nrc_emolex
nrc_positive,opportune,nrc_emolex
nrc_positive,opportunity,nrc_emolex
nrc_positive,optimism,nrc_emolex
nrc_positive,optimist,nrc_emolex
nrc_positive,outstanding,nrc_emolex
nrc_positive,overjoyed,nrc_emolex
nrc_positive,palatable,nrc_emolex
nrc_positive,pardon,nrc_emolex
nrc_positive,passion,nrc_emolex
nrc_positive,passionate,nrc_emolex
nrc_positive,pay,nrc_emolex
nrc_positive,peace,nrc_emolex
nrc_positive,peaceable,nrc_emolex
nrc_positive,peaceful,nrc_emolex
nrc_positive,peculiarity,nrc_emolex
nrc_positive,perfect,nrc_emolex
nrc_positive,perfection,nrc_emolex
nrc_positive,philanthropy,nrc_emolex
nrc_positive,picturesque,nrc_emolex
nrc_positive,playful,nrc_emolex
nrc_positive,pleasant,nrc_emolex
nrc_positive,pleased,nrc_emolex
nrc_positive,pleasurable,nrc_emolex
nrc_positive,polished,nrc_emolex
nrc_positive,polite,nrc_emolex
nrc_positive,politeness,nrc_emolex
nrc_positive,popularity,nrc_emolex
nrc_positive,popularized,nrc_emolex
nrc_positive,powerful,nrc_emolex
nrc_positive,praise,nrc_emolex
nrc_positive,praised,nrc_emolex
nrc_positive,praiseworthy,nrc_emolex
nrc_positive,pray,nrc_emolex
nrc_positive,precious,nrc_emolex
nrc_positive,prepared,nrc_emolex
nrc_positive,pretty,nrc_emolex
nrc_positive,pride,nrc_emolex
nrc_positive,privileged,nrc_emolex
nrc_positive,progress,nrc_emolex
nrc_positive,promise,nrc_emolex
nrc_positive,promising,nrc_emolex
nrc_positive,prospect,nrc_emolex
nrc_positive,prosperity,nrc_emolex
nrc_positive,prosperous,nrc_emolex
nrc_positive,protect,nrc_emolex
nrc_positive,proud,nrc_emolex
nrc_positive,prudence,nrc_emolex
nrc_positive,radiance,nrc_emolex
nrc_positive,radiant,nrc_emolex
nrc_positive,rapture,nrc_emolex
nrc_positive,readiness,nrc_emolex
nrc_positive,reassurance,nrc_emolex
nrc_positive,reassure,nrc_emolex
nrc_positive,recommend,nrc_emolex
nrc_positive,refine,nrc_emolex
nrc_positive,rejoice,nrc_emolex
nrc_positive,rejoicing,nrc_emolex
nrc_positive,relaxation,nrc_emolex
nrc_positive,reliability,nrc_emolex
nrc_positive,reliable,nrc_emolex
nrc_positive,relief,nrc_emolex
nrc_positive,relieving,nrc_emolex
nrc_positive,remarkable,nrc_emolex
nrc_positive,rescue,nrc_emolex
nrc_positive,respect,nrc_emolex
nrc_positive,respectability,nrc_emolex
nrc_positive,respectable,nrc_emolex
nrc_positive,respectful,nrc_emolex
nrc_positive,respecting,nrc_emolex
nrc_positive,respects,nrc_emolex
nrc_positive,responsible,nrc_emolex
nrc_positive,responsive,nrc_emolex
nrc_positive,restful,nrc_emolex
nrc_positive,restoring,nrc_emolex
nrc_positive,revive,nrc_emolex
nrc_positive,reward,nrc_emolex
nrc_positive,richness,nrc_emolex
nrc_positive,rightful,nrc_emolex
nrc_positive,riveting,nrc_emolex
nrc_positive,robust,nrc_emolex
nrc_positive,romance,nrc_emolex
nrc_positive,romantic,nrc_emolex
nrc_positive,romanticism,nrc_emolex
nrc_positive,safe,nrc_emolex
nrc_positive,safeguard,nrc_emolex
nrc_positive,salient,nrc_emolex
nrc_positive,salute,nrc_emolex
nrc_positive,salvation,nrc_emolex
nrc_positive,satisfactorily,nrc_emolex
nrc_positive,satisfied,nrc_emolex
nrc_positive,save,nrc_emolex
nrc_positive,savings,nrc_emolex
nrc_positive,scarecrow,nrc_emolex
nrc_positive,scrumptious,nrc_emolex
nrc_positive,sentimental,nrc_emolex
nrc_positive,sentimentality,nrc_emolex
nrc_positive,share,nrc_emolex
nrc_positive,sincere,nrc_emolex
nrc_positive,sincerity,nrc_emolex
nrc_positive,smile,nrc_emolex
nrc_positive,smiling,nrc_emolex
nrc_positive,smitten,nrc_emolex
nrc_positive,sociable,nrc_emolex
nrc_positive,solid,nrc_emolex
nrc_positive,solution,nrc_emolex
nrc_positive,soothe,nrc_emolex
nrc_positive,soothing,nrc_emolex
nrc_positive,spacious,nrc_emolex
nrc_positive,sparkle,nrc_emolex
nrc_positive,special,nrc_emolex
nrc_positive,spirit,nrc_emolex
nrc_positive,splendid,nrc_emolex
nrc_positive,splendor,nrc_emolex
nrc_positive,spotless,nrc_emolex
nrc_positive,stable,nrc_emolex
nrc_positive,stamina,nrc_emolex
nrc_positive,steadfast,nrc_emolex
nrc_positive,strength,nrc_emolex
nrc_positive,strengthen,nrc_emolex
nrc_positive,strengthening,nrc_emolex
nrc_positive,strongly,nrc_emolex
nrc_positive,succeed,nrc_emolex
nrc_positive,succeeding,nrc_emolex
nrc_positive,success,nrc_emolex
nrc_positive,successful,nrc_emolex
nrc_positive,suitable,nrc_emolex
nrc_positive,sunny,nrc_emolex
nrc_positive,sunshine,nrc_emolex
nrc_positive,superb,nrc_emolex
nrc_positive,superior,nrc_emolex
nrc_positive,superiority,nrc_emolex
nrc_positive,supported,nrc_emolex
nrc_positive,supporter,nrc_emolex
nrc_positive,supporting,nrc_emolex
nrc_positive,supremacy,nrc_emolex
nrc_positive,supreme,nrc_emolex
nrc_positive,supremely,nrc_emolex
nrc_positive,surety,nrc_emolex
nrc_positive,surprise,nrc_emolex
nrc_positive,swear,nrc_emolex
nrc_positive,sweet,nrc_emolex
nrc_positive,sweetheart,nrc_emolex
nrc_positive,sweetie,nrc_emolex
nrc_positive,sweetness,nrc_emolex
nrc_positive,sweets,nrc_emolex
nrc_positive,swift,nrc_emolex
nrc_positive,sympathetic,nrc_emolex
nrc_positive,sympathy,nrc_emolex
nrc_positive,talent,nrc_emolex
nrc_positive,tender,nrc_emolex
nrc_positive,tenderness,nrc_emolex
nrc_positive,thankful,nrc_emolex
nrc_positive,thoughtful,nrc_emolex
nrc_positive,thoughtfulness,nrc_emolex
nrc_positive,thrill,nrc_emolex
nrc_positive,thrilling,nrc_emolex
nrc_positive,tolerant,nrc_emolex
nrc_positive,top,nrc_emolex
nrc_positive,toughness,nrc_emolex
nrc_positive,tranquil,nrc_emolex
nrc_positive,tranquility,nrc_emolex
nrc_positive,treasure,nrc_emolex
nrc_positive,treat,nrc_emolex
nrc_positive,tribute,nrc_emolex
nrc_positive,triumph,nrc_emolex
nrc_positive,triumphant,nrc_emolex
nrc_positive,true,nrc_emolex
nrc_positive,trusty,nrc_emolex
nrc_positive,truth,nrc_emolex
nrc_positive,truthfulness,nrc_emolex
nrc_positive,unbiased,nrc_emolex
nrc_positive,unexpected,nrc_emolex
nrc_positive,united,nrc_emolex
nrc_positive,unselfish,nrc_emolex
nrc_positive,usefulness,nrc_emolex
nrc_positive,valuable,nrc_emolex
nrc_positive,victor,nrc_emolex
nrc_positive,victorious,nrc_emolex
nrc_positive,victory,nrc_emolex
nrc_positive,vigilant,nrc_emolex
nrc_positive,vigor,nrc_emolex
nrc_positive,vindicated,nrc_emolex
nrc_positive,virtue,nrc_emolex
nrc_positive,virtuous,nrc_emolex
nrc_positive,vision,nrc_emolex
nrc_positive,visionary,nrc_emolex
nrc_positive,vital,nrc_emolex
nrc_positive,vitality,nrc_emolex
nrc_positive,vivacious,nrc_emolex
nrc_positive,wealth,nrc_emolex
nrc_positive,welcomed,nrc_emolex
nrc_positive,willingness,nrc_emolex
nrc_positive,winner,nrc_emolex
nrc_positive,winning,nrc_emolex
nrc_positive,winnings,nrc_emolex
nrc_positive,wisdom,nrc_emolex
nrc_positive,wise,nrc_emolex
nrc_positive,wits,nrc_emolex
nrc_positive,wonderful,nrc_emolex
nrc_positive,wonderfully,nrc_emolex
nrc_positive,worship,nrc_emolex
nrc_positive,worth,nrc_emolex
nrc_positive,worthy,nrc_emolex
nrc_positive,yearning,nrc_emolex
nrc_positive,zealous,nrc_emolex
nrc_sadness,abandon,nrc_emolex
nrc_sadness,abandoned,nrc_emolex
nrc_sadness,abandonment,nrc_emolex
nrc_sadness,abduction,nrc_emolex
nrc_sadness,absentee,nrc_emolex
nrc_sadness,abuse,nrc_emolex
nrc_sadness,accident,nrc_emolex
nrc_sadness,ache,nrc_emolex
nrc_sadness,aching,nrc_emolex
nrc_sadness,adverse,nrc_emolex
nrc_sadness,adversity,nrc_emolex
nrc_sadness,aggravating,nrc_emolex
nrc_sadness,agony,nrc_emolex
nrc_sadness,alienated,nrc_emolex
nrc_sadness,alienation,nrc_emolex
nrc_sadness,anguish,nrc_emolex
nrc_sadness,animosity,nrc_emolex
nrc_sadness,anxiety,nrc_emolex
nrc_sadness,apathetic,nrc_emolex
nrc_sadness,apathy,nrc_emolex
nrc_sadness,apologize,nrc_emolex
nrc_sadness,ashamed,nrc_emolex
nrc_sadness,assassination,nrc_emolex
nrc_sadness,atrocity,nrc_emolex
nrc_sadness,attacking,nrc_emolex
nrc_sadness,awful,nrc_emolex
nrc_sadness,bad,nrc_emolex
nrc_sadness,badly,nrc_emolex
nrc_sadness,banish,nrc_emolex
nrc_sadness,bankrupt,nrc_emolex
nrc_sadness,bankruptcy,nrc_emolex
nrc_sadness,bastard,nrc_emolex
nrc_sadness,battled,nrc_emolex
nrc_sadness,beating,nrc_emolex
nrc_sadness,belittle,nrc_emolex
nrc_sadness,bereaved,nrc_emolex
nrc_sadness,betray,nrc_emolex
nrc_sadness,betrayal,nrc_emolex
nrc_sadness,bitch,nrc_emolex
nrc_sadness,bitterly,nrc_emolex
nrc_sadness,bitterness,nrc_emolex
nrc_sadness,bleak,nrc_emolex
nrc_sadness,blockade,nrc_emolex
nrc_sadness,bloody,nrc_emolex
nrc_sadness,bomb,nrc_emolex
nrc_sadness,boredom,nrc_emolex
nrc_sadness,bothering,nrc_emolex
nrc_sadness,broke,nrc_emolex
nrc_sadness,broken,nrc_emolex
nrc_sadness,burdensome,nrc_emolex
nrc_sadness,cancel,nrc_emolex
nrc_sadness,cancer,nrc_emolex
nrc_sadness,casualty,nrc_emolex
nrc_sadness,catastrophe,nrc_emolex
nrc_sadness,chagrin,nrc_emolex
nrc_sadness,chaos,nrc_emolex
nrc_sadness,choke,nrc_emolex
nrc_sadness,clouded,nrc_emolex
nrc_sadness,coercion,nrc_emolex
nrc_sadness,collapse,nrc_emolex
nrc_sadness,complain,nrc_emolex
nrc_sadness,concerned,nrc_emolex
nrc_sadness,condemnation,nrc_emolex
nrc_sadness,conflict,nrc_emolex
nrc_sadness,contaminated,nrc_emolex
nrc_sadness,corpse,nrc_emolex
nrc_sadness,corrupting,nrc_emolex
nrc_sadness,coward,nrc_emolex
nrc_sadness,crash,nrc_emolex
nrc_sadness,crazy,nrc_emolex
nrc_sadness,criticism,nrc_emolex
nrc_sadness,criticize,nrc_emolex
nrc_sadness,cruel,nrc_emolex
nrc_sadness,cruelty,nrc_emolex
nrc_sadness,crushed,nrc_emolex
nrc_sadness,cry,nrc_emolex
nrc_sadness,crying,nrc_emolex
nrc_sadness,curse,nrc_emolex
nrc_sadness,cutting,nrc_emolex
nrc_sadness,damage,nrc_emolex
nrc_sadness,damages,nrc_emolex
nrc_sadness,damnation,nrc_emolex
nrc_sadness,danger,nrc_emolex
nrc_sadness,darkness,nrc_emolex
nrc_sadness,deadly,nrc_emolex
nrc_sadness,death,nrc_emolex
nrc_sadness,debt,nrc_emolex
nrc_sadness,decay,nrc_emolex
nrc_sadness,decayed,nrc_emolex
nrc_sadness,deceit,nrc_emolex
nrc_sadness,deceitful,nrc_emolex
nrc_sadness,deceive,nrc_emolex
nrc_sadness,defeated,nrc_emolex
nrc_sadness,defenseless,nrc_emolex
nrc_sadness,deformed,nrc_emolex
nrc_sadness,deformity,nrc_emolex
nrc_sadness,defunct,nrc_emolex
nrc_sadness,degrading,nrc_emolex
nrc_sadness,delay,nrc_emolex
nrc_sadness,demoralized,nrc_emolex
nrc_sadness,denied,nrc_emolex
nrc_sadness,deplore,nrc_emolex
nrc_sadness,deport,nrc_emolex
nrc_sadness,deportation,nrc_emolex
nrc_sadness,depress,nrc_emolex
nrc_sadness,depressed,nrc_emolex
nrc_sadness,depressing,nrc_emolex
nrc_sadness,depression,nrc_emolex
nrc_sadness,depressive,nrc_emolex
nrc_sadness,deprivation,nrc_emolex
nrc_sadness,despair,nrc_emolex
nrc_sadness,despairing,nrc_emolex
nrc_sadness,destroyed,nrc_emolex
nrc_sadness,destroying,nrc_emolex
nrc_sadness,detention,nrc_emolex
nrc_sadness,deteriorate,nrc_emolex
nrc_sadness,deteriorated,nrc_emolex
nrc_sadness,devastate,nrc_emolex
nrc_sadness,devastating,nrc_emolex
nrc_sadness,devastation,nrc_emolex
nrc_sadness,devil,nrc_emolex
nrc_sadness,die,nrc_emolex
nrc_sadness,difficulties,nrc_emolex
nrc_sadness,difficulty,nrc_emolex
nrc_sadness,dire,nrc_emolex
nrc_sadness,disability,nrc_emolex
nrc_sadness,disagreeing,nrc_emolex
nrc_sadness,disagreement,nrc_emolex
nrc_sadness,disappoint,nrc_emolex
nrc_sadness,disappointed,nrc_emolex
nrc_sadness,disappointing,nrc_emolex
nrc_sadness,disappointment,nrc_emolex
nrc_sadness,disapproval,nrc_emolex
nrc_sadness,disapprove,nrc_emolex
nrc_sadness,disapproved,nrc_emolex
nrc_sadness,disapproving,nrc_emolex
nrc_sadness,disaster,nrc_emolex
nrc_sadness,disastrous,nrc_emolex
nrc_sadness,discomfort,nrc_emolex
nrc_sadness,disconnected,nrc_emolex
nrc_sadness,discourage,nrc_emolex
nrc_sadness,discriminate,nrc_emolex
nrc_sadness,disease,nrc_emolex
nrc_sadness,disgrace,nrc_emolex
nrc_sadness,disgraced,nrc_emolex
nrc_sadness,disgust,nrc_emolex
nrc_sadness,disheartened,nrc_emolex
nrc_sadness,disheartening,nrc_emolex
nrc_sadness,dishonest,nrc_emolex
nrc_sadness,disillusionment,nrc_emolex
nrc_sadness,disliked,nrc_emolex
nrc_sadness,dismal,nrc_emolex
nrc_sadness,dismay,nrc_emolex
nrc_sadness,disparage,nrc_emolex
nrc_sadness,disparaging,nrc_emolex
nrc_sadness,displeased,nrc_emolex
nrc_sadness,disqualified,nrc_emolex
nrc_sadness,distraught,nrc_emolex
nrc_sadness,distress,nrc_emolex
nrc_sadness,disturbance,nrc_emolex
nrc_sadness,disturbed,nrc_emolex
nrc_sadness,domination,nrc_emolex
nrc_sadness,doomed,nrc_emolex
nrc_sadness,doomsday,nrc_emolex
nrc_sadness,doubt,nrc_emolex
nrc_sadness,dreadful,nrc_emolex
nrc_sadness,dreadfully,nrc_emolex
nrc_sadness,dreary,nrc_emolex
nrc_sadness,drown,nrc_emolex
nrc_sadness,dull,nrc_emolex
nrc_sadness,dumps,nrc_emolex
nrc_sadness,dying,nrc_emolex
nrc_sadness,embarrass,nrc_emolex
nrc_sadness,embarrassment,nrc_emolex
nrc_sadness,emergency,nrc_emolex
nrc_sadness,emptiness,nrc_emolex
nrc_sadness,enslaved,nrc_emolex
nrc_sadness,error,nrc_emolex
nrc_sadness,esteem,nrc_emolex
nrc_sadness,eviction,nrc_emolex
nrc_sadness,evil,nrc_emolex
nrc_sadness,excluded,nrc_emolex
nrc_sadness,exclusion,nrc_emolex
nrc_sadness,exhausted,nrc_emolex
nrc_sadness,exhaustion,nrc_emolex
nrc_sadness,expel,nrc_emolex
nrc_sadness,failing,nrc_emolex
nrc_sadness,failure,nrc_emolex
nrc_sadness,faithless,nrc_emolex
nrc_sadness,falling,nrc_emolex
nrc_sadness,famine,nrc_emolex
nrc_sadness,fatal,nrc_emolex
nrc_sadness,fatality,nrc_emolex
nrc_sadness,fatigued,nrc_emolex
nrc_sadness,fault,nrc_emolex
nrc_sadness,fearful,nrc_emolex
nrc_sadness,fearfully,nrc_emolex
nrc_sadness,feeble,nrc_emolex
nrc_sadness,feeling,nrc_emolex
nrc_sadness,feudalism,nrc_emolex
nrc_sadness,flaw,nrc_emolex
nrc_sadness,flop,nrc_emolex
nrc_sadness,forbid,nrc_emolex
nrc_sadness,forgotten,nrc_emolex
nrc_sadness,forsaken,nrc_emolex
nrc_sadness,fragile,nrc_emolex
nrc_sadness,frighten,nrc_emolex
nrc_sadness,frightful,nrc_emolex
nrc_sadness,frowning,nrc_emolex
nrc_sadness,fruitless,nrc_emolex
nrc_sadness,frustrate,nrc_emolex
nrc_sadness,funeral,nrc_emolex
nrc_sadness,fury,nrc_emolex
nrc_sadness,futile,nrc_emolex
nrc_sadness,gloom,nrc_emolex
nrc_sadness,gloomy,nrc_emolex
nrc_sadness,glum,nrc_emolex
nrc_sadness,grave,nrc_emolex
nrc_sadness,gray,nrc_emolex
nrc_sadness,grief,nrc_emolex
nrc_sadness,grievance,nrc_emolex
nrc_sadness,grieve,nrc_emolex
nrc_sadness,grievous,nrc_emolex
nrc_sadness,grim,nrc_emolex
nrc_sadness,groan,nrc_emolex
nrc_sadness,guilt,nrc_emolex
nrc_sadness,guilty,nrc_emolex
nrc_sadness,gullible,nrc_emolex
nrc_sadness,hardship,nrc_emolex
nrc_sadness,harmful,nrc_emolex
nrc_sadness,hate,nrc_emolex
nrc_sadness,hateful,nrc_emolex
nrc_sadness,hatred,nrc_emolex
nrc_sadness,haunted,nrc_emolex
nrc_sadness,heartfelt,nrc_emolex
nrc_sadness,heartless,nrc_emolex
nrc_sadness,hell,nrc_emolex
nrc_sadness,hellish,nrc_emolex
nrc_sadness,helpless,nrc_emolex
nrc_sadness,helplessness,nrc_emolex
nrc_sadness,hideous,nrc_emolex
nrc_sadness,hoax,nrc_emolex
nrc_sadness,hollow,nrc_emolex
nrc_sadness,homeless,nrc_emolex
nrc_sadness,homesick,nrc_emolex
nrc_sadness,homicide,nrc_emolex
nrc_sadness,honest,nrc_emolex
nrc_sadness,hopeless,nrc_emolex
nrc_sadness,hopelessness,nrc_emolex
nrc_sadness,horrid,nrc_emolex
nrc_sadness,horrific,nrc_emolex
nrc_sadness,horrifying,nrc_emolex
nrc_sadness,horror,nrc_emolex
nrc_sadness,horrors,nrc_emolex
nrc_sadness,humble,nrc_emolex
nrc_sadness,humbled,nrc_emolex
nrc_sadness,humbug,nrc_emolex
nrc_sadness,humiliate,nrc_emolex
nrc_sadness,humiliation,nrc_emolex
nrc_sadness,hurt,nrc_emolex
nrc_sadness,hurtful,nrc_emolex
nrc_sadness,hurting,nrc_emolex
nrc_sadness,idiocy,nrc_emolex
nrc_sadness,ill,nrc_emolex
nrc_sadness,illegal,nrc_emolex
nrc_sadness,illegitimate,nrc_emolex
nrc_sadness,illness,nrc_emolex
nrc_sadness,immoral,nrc_emolex
nrc_sadness,imprisoned,nrc_emolex
nrc_sadness,imprisonment,nrc_emolex
nrc_sadness,inability,nrc_emolex
nrc_sadness,inadequate,nrc_emolex
nrc_sadness,inappropriate,nrc_emolex
nrc_sadness,incompetent,nrc_emolex
nrc_sadness,inconsiderate,nrc_emolex
nrc_sadness,inconvenient,nrc_emolex
nrc_sadness,indifference,nrc_emolex
nrc_sadness,inefficiency,nrc_emolex
nrc_sadness,inefficient,nrc_emolex
nrc_sadness,ineptitude,nrc_emolex
nrc_sadness,inexcusable,nrc_emolex
nrc_sadness,infectious,nrc_emolex
nrc_sadness,inferior,nrc_emolex
nrc_sadness,inflict,nrc_emolex
nrc_sadness,inhibit,nrc_emolex
nrc_sadness,inhuman,nrc_emolex
nrc_sadness,injured,nrc_emolex
nrc_sadness,injury,nrc_emolex
nrc_sadness,insanity,nrc_emolex
nrc_sadness,insecure,nrc_emolex
nrc_sadness,insignificant,nrc_emolex
nrc_sadness,insolvent,nrc_emolex
nrc_sadness,insult,nrc_emolex
nrc_sadness,insulting,nrc_emolex
nrc_sadness,interested,nrc_emolex
nrc_sadness,interrupted,nrc_emolex
nrc_sadness,irreparable,nrc_emolex
nrc_sadness,irritation,nrc_emolex
nrc_sadness,isolate,nrc_emolex
nrc_sadness,isolated,nrc_emolex
nrc_sadness,isolation,nrc_emolex
nrc_sadness,jealousy,nrc_emolex
nrc_sadness,kidnap,nrc_emolex
nrc_sadness,kill,nrc_emolex
nrc_sadness,killing,nrc_emolex
nrc_sadness,lagging,nrc_emolex
nrc_sadness,lament,nrc_emolex
nrc_sadness,lamenting,nrc_emolex
nrc_sadness,lawsuit,nrc_emolex
nrc_sadness,leave,nrc_emolex
nrc_sadness,lethal,nrc_emolex
nrc_sadness,lethargy,nrc_emolex
nrc_sadness,lifeless,nrc_emolex
nrc_sadness,limited,nrc_emolex
nrc_sadness,listless,nrc_emolex
nrc_sadness,lone,nrc_emolex
nrc_sadness,loneliness,nrc_emolex
nrc_sadness,lonely,nrc_emolex
nrc_sadness,lonesome,nrc_emolex
nrc_sadness,longing,nrc_emolex
nrc_sadness,lose,nrc_emolex
nrc_sadness,losing,nrc_emolex
nrc_sadness,loss,nrc_emolex
nrc_sadness,lost,nrc_emolex
nrc_sadness,lovely,nrc_emolex
nrc_sadness,lower,nrc_emolex
nrc_sadness,lowest,nrc_emolex
nrc_sadness,lowly,nrc_emolex
nrc_sadness,mad,nrc_emolex
nrc_sadness,manslaughter,nrc_emolex
nrc_sadness,meaningless,nrc_emolex
nrc_sadness,melancholic,nrc_emolex
nrc_sadness,melancholy,nrc_emolex
nrc_sadness,miserable,nrc_emolex
nrc_sadness,miserably,nrc_emolex
nrc_sadness,misery,nrc_emolex
nrc_sadness,misfortune,nrc_emolex
nrc_sadness,misrepresentation,nrc_emolex
nrc_sadness,missing,nrc_emolex
nrc_sadness,mistake,nrc_emolex
nrc_sadness,misunderstanding,nrc_emolex
nrc_sadness,moan,nrc_emolex
nrc_sadness,mocking,nrc_emolex
nrc_sadness,molestation,nrc_emolex
nrc_sadness,moody,nrc_emolex
nrc_sadness,mourn,nrc_emolex
nrc_sadness,mournful,nrc_emolex
nrc_sadness,mourning,nrc_emolex
nrc_sadness,murder,nrc_emolex
nrc_sadness,murderer,nrc_emolex
nrc_sadness,murderous,nrc_emolex
nrc_sadness,murky,nrc_emolex
nrc_sadness,nasty,nrc_emolex
nrc_sadness,negative,nrc_emolex
nrc_sadness,neglected,nrc_emolex
nrc_sadness,numbness,nrc_emolex
nrc_sadness,obliterate,nrc_emolex
nrc_sadness,obnoxious,nrc_emolex
nrc_sadness,obstacle,nrc_emolex
nrc_sadness,offended,nrc_emolex
nrc_sadness,offender,nrc_emolex
nrc_sadness,offense,nrc_emolex
nrc_sadness,oppression,nrc_emolex
nrc_sadness,oppressive,nrc_emolex
nrc_sadness,overload,nrc_emolex
nrc_sadness,overwhelmed,nrc_emolex
nrc_sadness,pain,nrc_emolex
nrc_sadness,pained,nrc_emolex
nrc_sadness,painful,nrc_emolex
nrc_sadness,painfully,nrc_emolex
nrc_sadness,pathetic,nrc_emolex
nrc_sadness,penalty,nrc_emolex
nrc_sadness,pensive,nrc_emolex
nrc_sadness,peril,nrc_emolex
nrc_sadness,perpetrator,nrc_emolex
nrc_sadness,perversion,nrc_emolex
nrc_sadness,pessimism,nrc_emolex
nrc_sadness,pessimist,nrc_emolex
nrc_sadness,pity,nrc_emolex
nrc_sadness,plague,nrc_emolex
nrc_sadness,pointless,nrc_emolex
nrc_sadness,poison,nrc_emolex
nrc_sadness,poisoned,nrc_emolex
nrc_sadness,poisonous,nrc_emolex
nrc_sadness,poverty,nrc_emolex
nrc_sadness,powerless,nrc_emolex
nrc_sadness,prison,nrc_emolex
nrc_sadness,prisoner,nrc_emolex
nrc_sadness,problem,nrc_emolex
nrc_sadness,prosecute,nrc_emolex
nrc_sadness,punished,nrc_emolex
nrc_sadness,punishing,nrc_emolex
nrc_sadness,punitive,nrc_emolex
nrc_sadness,rainy,nrc_emolex
nrc_sadness,rape,nrc_emolex
nrc_sadness,recession,nrc_emolex
nrc_sadness,refused,nrc_emolex
nrc_sadness,regret,nrc_emolex
nrc_sadness,regrettable,nrc_emolex
nrc_sadness,regretted,nrc_emolex
nrc_sadness,regretting,nrc_emolex
nrc_sadness,reject,nrc_emolex
nrc_sadness,rejection,nrc_emolex
nrc_sadness,rejects,nrc_emolex
nrc_sadness,remorse,nrc_emolex
nrc_sadness,repress,nrc_emolex
nrc_sadness,resentment,nrc_emolex
nrc_sadness,resign,nrc_emolex
nrc_sadness,resignation,nrc_emolex
nrc_sadness,resigned,nrc_emolex
nrc_sadness,restrict,nrc_emolex
nrc_sadness,restriction,nrc_emolex
nrc_sadness,retard,nrc_emolex
nrc_sadness,ridicule,nrc_emolex
nrc_sadness,rob,nrc_emolex
nrc_sadness,romance,nrc_emolex
nrc_sadness,ruin,nrc_emolex
nrc_sadness,ruined,nrc_emolex
nrc_sadness,ruinous,nrc_emolex
nrc_sadness,sabotage,nrc_emolex
nrc_sadness,sadly,nrc_emolex
nrc_sadness,sadness,nrc_emolex
nrc_sadness,sarcasm,nrc_emolex
nrc_sadness,scar,nrc_emolex
nrc_sadness,scold,nrc_emolex
nrc_sadness,sedition,nrc_emolex
nrc_sadness,sentence,nrc_emolex
nrc_sadness,seriousness,nrc_emolex
nrc_sadness,shame,nrc_emolex
nrc_sadness,shameful,nrc_emolex
nrc_sadness,shattered,nrc_emolex
nrc_sadness,shortage,nrc_emolex
nrc_sadness,sick,nrc_emolex
nrc_sadness,sickening,nrc_emolex
nrc_sadness,sickness,nrc_emolex
nrc_sadness,sin,nrc_emolex
nrc_sadness,sinful,nrc_emolex
nrc_sadness,slave,nrc_emolex
nrc_sadness,slavery,nrc_emolex
nrc_sadness,sluggish,nrc_emolex
nrc_sadness,sob,nrc_emolex
nrc_sadness,somber,nrc_emolex
nrc_sadness,sore,nrc_emolex
nrc_sadness,sorrow,nrc_emolex
nrc_sadness,sorrowful,nrc_emolex
nrc_sadness,stab,nrc_emolex
nrc_sadness,steal,nrc_emolex
nrc_sadness,stifled,nrc_emolex
nrc_sadness,stingy,nrc_emolex
nrc_sadness,stricken,nrc_emolex
nrc_sadness,struggle,nrc_emolex
nrc_sadness,sue,nrc_emolex
nrc_sadness,sufferer,nrc_emolex
nrc_sadness,suffering,nrc_emolex
nrc_sadness,suicidal,nrc_emolex
nrc_sadness,suicide,nrc_emolex
nrc_sadness,sullen,nrc_emolex
nrc_sadness,sweetheart,nrc_emolex
nrc_sadness,sympathetic,nrc_emolex
nrc_sadness,sympathy,nrc_emolex
nrc_sadness,taint,nrc_emolex
nrc_sadness,tarnish,nrc_emolex
nrc_sadness,tearful,nrc_emolex
nrc_sadness,tease,nrc_emolex
nrc_sadness,terrible,nrc_emolex
nrc_sadness,terribly,nrc_emolex
nrc_sadness,terrific,nrc_emolex
nrc_sadness,terrorism,nrc_emolex
nrc_sadness,terrorist,nrc_emolex
nrc_sadness,terrorize,nrc_emolex
nrc_sadness,thief,nrc_emolex
nrc_sadness,timid,nrc_emolex
nrc_sadness,torture,nrc_emolex
nrc_sadness,tough,nrc_emolex
nrc_sadness,tragedy,nrc_emolex
nrc_sadness,traumatic,nrc_emolex
nrc_sadness,travesty,nrc_emolex
nrc_sadness,treat,nrc_emolex
nrc_sadness,tremor,nrc_emolex
nrc_sadness,tribulation,nrc_emolex
nrc_sadness,trickery,nrc_emolex
nrc_sadness,turmoil,nrc_emolex
nrc_sadness,ugliness,nrc_emolex
nrc_sadness,unable,nrc_emolex
nrc_sadness,unacceptable,nrc_emolex
nrc_sadness,unattractive,nrc_emolex
nrc_sadness,unbearable,nrc_emolex
nrc_sadness,undesirable,nrc_emolex
nrc_sadness,uneasiness,nrc_emolex
nrc_sadness,unemployed,nrc_emolex
nrc_sadness,unequal,nrc_emolex
nrc_sadness,unfair,nrc_emolex
nrc_sadness,unfavorable,nrc_emolex
nrc_sadness,unforgiving,nrc_emolex
nrc_sadness,unfortunate,nrc_emolex
nrc_sadness,unfriendly,nrc_emolex
nrc_sadness,unfulfilled,nrc_emolex
nrc_sadness,unhappiness,nrc_emolex
nrc_sadness,unhappy,nrc_emolex
nrc_sadness,unhealthy,nrc_emolex
nrc_sadness,unimportant,nrc_emolex
nrc_sadness,uninspired,nrc_emolex
nrc_sadness,uninterested,nrc_emolex
nrc_sadness,unkind,nrc_emolex
nrc_sadness,unpleasant,nrc_emolex
nrc_sadness,unsatisfied,nrc_emolex
nrc_sadness,unsuccessful,nrc_emolex
nrc_sadness,unwelcome,nrc_emolex
nrc_sadness,upset,nrc_emolex
nrc_sadness,victim,nrc_emolex
nrc_sadness,victimized,nrc_emolex
nrc_sadness,violation,nrc_emolex
nrc_sadness,violence,nrc_emolex
nrc_sadness,violently,nrc_emolex
nrc_sadness,vulnerability,nrc_emolex
nrc_sadness,wanting,nrc_emolex
nrc_sadness,warfare,nrc_emolex
nrc_sadness,wasting,nrc_emolex
nrc_sadness,weakly,nrc_emolex
nrc_sadness,weary,nrc_emolex
nrc_sadness,weep,nrc_emolex
nrc_sadness,weeping,nrc_emolex
nrc_sadness,whine,nrc_emolex
nrc_sadness,wimpy,nrc_emolex
nrc_sadness,winning,nrc_emolex
nrc_sadness,woe,nrc_emolex
nrc_sadness,woeful,nrc_emolex
nrc_sadness,woefully,nrc_emolex
nrc_sadness,worn,nrc_emolex
nrc_sadness,worried,nrc_emolex
nrc_sadness,worry,nrc_emolex
nrc_sadness,worrying,nrc_emolex
nrc_sadness,worse,nrc_emolex
nrc_sadness,worsening,nrc_emolex
nrc_sadness,worthless,nrc_emolex
nrc_sadness,wreck,nrc_emolex
nrc_sadness,wretched,nrc_emolex
nrc_sadness,wrongdoing,nrc_emolex
nrc_sadness,wrongful,nrc_emolex
nrc_sadness,wrongly,nrc_emolex
nrc_surprise,abandonment,nrc_emolex
nrc_surprise,abduction,nrc_emolex
nrc_surprise,accident,nrc_emolex
nrc_surprise,accidental,nrc_emolex
nrc_surprise,accidentally,nrc_emolex
nrc_surprise,accolade,nrc_emolex
nrc_surprise,aghast,nrc_emolex
nrc_surprise,alarm,nrc_emolex
nrc_surprise,alarming,nrc_emolex
nrc_surprise,amaze,nrc_emolex
nrc_surprise,applause,nrc_emolex
nrc_surprise,attacking,nrc_emolex
nrc_surprise,award,nrc_emolex
nrc_surprise,betray,nrc_emolex
nrc_surprise,bewildered,nrc_emolex
nrc_surprise,bizarre,nrc_emolex
nrc_surprise,blessings,nrc_emolex
nrc_surprise,bomb,nrc_emolex
nrc_surprise,bonus,nrc_emolex
nrc_surprise,brighten,nrc_emolex
nrc_surprise,catastrophe,nrc_emolex
nrc_surprise,celebration,nrc_emolex
nrc_surprise,chance,nrc_emolex
nrc_surprise,cheer,nrc_emolex
nrc_surprise,cheerful,nrc_emolex
nrc_surprise,cherish,nrc_emolex
nrc_surprise,chuckle,nrc_emolex
nrc_surprise,compliment,nrc_emolex
nrc_surprise,crash,nrc_emolex
nrc_surprise,death,nrc_emolex
nrc_surprise,deceit,nrc_emolex
nrc_surprise,delighted,nrc_emolex
nrc_surprise,devastation,nrc_emolex
nrc_surprise,dire,nrc_emolex
nrc_surprise,disaster,nrc_emolex
nrc_surprise,dismay,nrc_emolex
nrc_surprise,disruption,nrc_emolex
nrc_surprise,distress,nrc_emolex
nrc_surprise,disturbance,nrc_emolex
nrc_surprise,dreadfully,nrc_emolex
nrc_surprise,dynamic,nrc_emolex
nrc_surprise,eager,nrc_emolex
nrc_surprise,ecstatic,nrc_emolex
nrc_surprise,embarrassment,nrc_emolex
nrc_surprise,embrace,nrc_emolex
nrc_surprise,emergency,nrc_emolex
nrc_surprise,entertainment,nrc_emolex
nrc_surprise,enthusiasm,nrc_emolex
nrc_surprise,enthusiast,nrc_emolex
nrc_surprise,excel,nrc_emolex
nrc_surprise,excitation,nrc_emolex
nrc_surprise,excite,nrc_emolex
nrc_surprise,excited,nrc_emolex
nrc_surprise,excitement,nrc_emolex
nrc_surprise,exciting,nrc_emolex
nrc_surprise,favorable,nrc_emolex
nrc_surprise,fearfully,nrc_emolex
nrc_surprise,feeling,nrc_emolex
nrc_surprise,festival,nrc_emolex
nrc_surprise,fiesta,nrc_emolex
nrc_surprise,fortune,nrc_emolex
nrc_surprise,frantic,nrc_emolex
nrc_surprise,freakish,nrc_emolex
nrc_surprise,fright,nrc_emolex
nrc_surprise,frighten,nrc_emolex
nrc_surprise,frightened,nrc_emolex
nrc_surprise,frisky,nrc_emolex
nrc_surprise,generosity,nrc_emolex
nrc_surprise,gift,nrc_emolex
nrc_surprise,glorify,nrc_emolex
nrc_surprise,godsend,nrc_emolex
nrc_surprise,good,nrc_emolex
nrc_surprise,goodness,nrc_emolex
nrc_surprise,gratify,nrc_emolex
nrc_surprise,greeting,nrc_emolex
nrc_surprise,grin,nrc_emolex
nrc_surprise,hero,nrc_emolex
nrc_surprise,heroic,nrc_emolex
nrc_surprise,heroism,nrc_emolex
nrc_surprise,hilarious,nrc_emolex
nrc_surprise,hoax,nrc_emolex
nrc_surprise,hope,nrc_emolex
nrc_surprise,hopeful,nrc_emolex
nrc_surprise,horror,nrc_emolex
nrc_surprise,illegitimate,nrc_emolex
nrc_surprise,inspired,nrc_emolex
nrc_surprise,insult,nrc_emolex
nrc_surprise,intense,nrc_emolex
nrc_surprise,interrupt,nrc_emolex
nrc_surprise,invite,nrc_emolex
nrc_surprise,inviting,nrc_emolex
nrc_surprise,jerk,nrc_emolex
nrc_surprise,joker,nrc_emolex
nrc_surprise,jubilant,nrc_emolex
nrc_surprise,kidnap,nrc_emolex
nrc_surprise,kiss,nrc_emolex
nrc_surprise,laugh,nrc_emolex
nrc_surprise,laughter,nrc_emolex
nrc_surprise,lawsuit,nrc_emolex
nrc_surprise,leave,nrc_emolex
nrc_surprise,liberty,nrc_emolex
nrc_surprise,lose,nrc_emolex
nrc_surprise,lovely,nrc_emolex
nrc_surprise,loyal,nrc_emolex
nrc_surprise,luck,nrc_emolex
nrc_surprise,lucky,nrc_emolex
nrc_surprise,magnificent,nrc_emolex
nrc_surprise,manslaughter,nrc_emolex
nrc_surprise,marvel,nrc_emolex
nrc_surprise,medal,nrc_emolex
nrc_surprise,memorable,nrc_emolex
nrc_surprise,merriment,nrc_emolex
nrc_surprise,miracle,nrc_emolex
nrc_surprise,murder,nrc_emolex
nrc_surprise,murderous,nrc_emolex
nrc_surprise,optimism,nrc_emolex
nrc_surprise,outcry,nrc_emolex
nrc_surprise,outrageous,nrc_emolex
nrc_surprise,peaceful,nrc_emolex
nrc_surprise,perfection,nrc_emolex
nrc_surprise,perjury,nrc_emolex
nrc_surprise,playful,nrc_emolex
nrc_surprise,pleasant,nrc_emolex
nrc_surprise,praiseworthy,nrc_emolex
nrc_surprise,pray,nrc_emolex
nrc_surprise,precious,nrc_emolex
nrc_surprise,prick,nrc_emolex
nrc_surprise,rejoice,nrc_emolex
nrc_surprise,rejoicing,nrc_emolex
nrc_surprise,remarkable,nrc_emolex
nrc_surprise,rescue,nrc_emolex
nrc_surprise,resignation,nrc_emolex
nrc_surprise,revenge,nrc_emolex
nrc_surprise,reward,nrc_emolex
nrc_surprise,romance,nrc_emolex
nrc_surprise,sabotage,nrc_emolex
nrc_surprise,scare,nrc_emolex
nrc_surprise,scream,nrc_emolex
nrc_surprise,shock,nrc_emolex
nrc_surprise,shockingly,nrc_emolex
nrc_surprise,slam,nrc_emolex
nrc_surprise,slap,nrc_emolex
nrc_surprise,slip,nrc_emolex
nrc_surprise,smile,nrc_emolex
nrc_surprise,sneeze,nrc_emolex
nrc_surprise,sparkle,nrc_emolex
nrc_surprise,splendid,nrc_emolex
nrc_surprise,splendor,nrc_emolex
nrc_surprise,stab,nrc_emolex
nrc_surprise,startle,nrc_emolex
nrc_surprise,startling,nrc_emolex
nrc_surprise,stealth,nrc_emolex
nrc_surprise,stealthily,nrc_emolex
nrc_surprise,stealthy,nrc_emolex
nrc_surprise,stunned,nrc_emolex
nrc_surprise,subversive,nrc_emolex
nrc_surprise,succeed,nrc_emolex
nrc_surprise,sunny,nrc_emolex
nrc_surprise,supremacy,nrc_emolex
nrc_surprise,surprise,nrc_emolex
nrc_surprise,surprised,nrc_emolex
nrc_surprise,surprising,nrc_emolex
nrc_surprise,surprisingly,nrc_emolex
nrc_surprise,sweet,nrc_emolex
nrc_surprise,terrorist,nrc_emolex
nrc_surprise,thief,nrc_emolex
nrc_surprise,thrill,nrc_emolex
nrc_surprise,thrilling,nrc_emolex
nrc_surprise,thwart,nrc_emolex
nrc_surprise,treason,nrc_emolex
nrc_surprise,treat,nrc_emolex
nrc_surprise,trick,nrc_emolex
nrc_surprise,trickery,nrc_emolex
nrc_surprise,uncertain,nrc_emolex
nrc_surprise,uncontrollable,nrc_emolex
nrc_surprise,underestimate,nrc_emolex
nrc_surprise,unexpected,nrc_emolex
nrc_surprise,unfulfilled,nrc_emolex
nrc_surprise,unintentional,nrc_emolex
nrc_surprise,unstable,nrc_emolex
nrc_surprise,urgent,nrc_emolex
nrc_surprise,victimized,nrc_emolex
nrc_surprise,violation,nrc_emolex
nrc_surprise,violent,nrc_emolex
nrc_surprise,warn,nrc_emolex
nrc_surprise,warned,nrc_emolex
nrc_surprise,winner,nrc_emolex
nrc_surprise,winning,nrc_emolex
nrc_surprise,wonderful,nrc_emolex
nrc_surprise,wonderfully,nrc_emolex
nrc_surprise,wreck,nrc_emolex
nrc_trust,accolade,nrc_emolex
nrc_trust,admirable,nrc_emolex
nrc_trust,admiral,nrc_emolex
nrc_trust,admiration,nrc_emolex
nrc_trust,admire,nrc_emolex
nrc_trust,adoration,nrc_emolex
nrc_trust,adore,nrc_emolex
nrc_trust,advisable,nrc_emolex
nrc_trust,affection,nrc_emolex
nrc_trust,agreeable,nrc_emolex
nrc_trust,agreed,nrc_emolex
nrc_trust,agreeing,nrc_emolex
nrc_trust,agreement,nrc_emolex
nrc_trust,alive,nrc_emolex
nrc_trust,ally,nrc_emolex
nrc_trust,amortization,nrc_emolex
nrc_trust,apologetic,nrc_emolex
nrc_trust,apologize,nrc_emolex
nrc_trust,applause,nrc_emolex
nrc_trust,appreciation,nrc_emolex
nrc_trust,assurance,nrc_emolex
nrc_trust,assure,nrc_emolex
nrc_trust,assured,nrc_emolex
nrc_trust,assuredly,nrc_emolex
nrc_trust,authority,nrc_emolex
nrc_trust,award,nrc_emolex
nrc_trust,bargain,nrc_emolex
nrc_trust,beautification,nrc_emolex
nrc_trust,believing,nrc_emolex
nrc_trust,benefactor,nrc_emolex
nrc_trust,benevolence,nrc_emolex
nrc_trust,bless,nrc_emolex
nrc_trust,blessing,nrc_emolex
nrc_trust,blessings,nrc_emolex
nrc_trust,brighten,nrc_emolex
nrc_trust,brilliant,nrc_emolex
nrc_trust,cautious,nrc_emolex
nrc_trust,celebration,nrc_emolex
nrc_trust,censor,nrc_emolex
nrc_trust,champion,nrc_emolex
nrc_trust,charitable,nrc_emolex
nrc_trust,cheer,nrc_emolex
nrc_trust,cheerfulness,nrc_emolex
nrc_trust,cherish,nrc_emolex
nrc_trust,chuckle,nrc_emolex
nrc_trust,clean,nrc_emolex
nrc_trust,comfort,nrc_emolex
nrc_trust,committed,nrc_emolex
nrc_trust,competent,nrc_emolex
nrc_trust,compliment,nrc_emolex
nrc_trust,confidence,nrc_emolex
nrc_trust,confident,nrc_emolex
nrc_trust,considerate,nrc_emolex
nrc_trust,content,nrc_emolex
nrc_trust,convince,nrc_emolex
nrc_trust,convinced,nrc_emolex
nrc_trust,convincing,nrc_emolex
nrc_trust,credit,nrc_emolex
nrc_trust,creditable,nrc_emolex
nrc_trust,darling,nrc_emolex
nrc_trust,deceiving,nrc_emolex
nrc_trust,defender,nrc_emolex
nrc_trust,delightful,nrc_emolex
nrc_trust,determinate,nrc_emolex
nrc_trust,determination,nrc_emolex
nrc_trust,devastating,nrc_emolex
nrc_trust,devotional,nrc_emolex
nrc_trust,dignity,nrc_emolex
nrc_trust,doubt,nrc_emolex
nrc_trust,doubtless,nrc_emolex
nrc_trust,dubious,nrc_emolex
nrc_trust,durable,nrc_emolex
nrc_trust,eager,nrc_emolex
nrc_trust,eagerness,nrc_emolex
nrc_trust,effective,nrc_emolex
nrc_trust,efficient,nrc_emolex
nrc_trust,elegance,nrc_emolex
nrc_trust,embrace,nrc_emolex
nrc_trust,enchanted,nrc_emolex
nrc_trust,encourage,nrc_emolex
nrc_trust,engaged,nrc_emolex
nrc_trust,engaging,nrc_emolex
nrc_trust,enjoy,nrc_emolex
nrc_trust,enjoying,nrc_emolex
nrc_trust,enlighten,nrc_emolex
nrc_trust,entertainment,nrc_emolex
nrc_trust,esteem,nrc_emolex
nrc_trust,evergreen,nrc_emolex
nrc_trust,excel,nrc_emolex
nrc_trust,excellence,nrc_emolex
nrc_trust,excellent,nrc_emolex
nrc_trust,excited,nrc_emolex
nrc_trust,exhaustive,nrc_emolex
nrc_trust,faith,nrc_emolex
nrc_trust,faithful,nrc_emolex
nrc_trust,faultless,nrc_emolex
nrc_trust,favorable,nrc_emolex
nrc_trust,favorite,nrc_emolex
nrc_trust,feeling,nrc_emolex
nrc_trust,fiesta,nrc_emolex
nrc_trust,flagship,nrc_emolex
nrc_trust,forgiving,nrc_emolex
nrc_trust,fortune,nrc_emolex
nrc_trust,freedom,nrc_emolex
nrc_trust,freely,nrc_emolex
nrc_trust,friend,nrc_emolex
nrc_trust,friendliness,nrc_emolex
nrc_trust,friendly,nrc_emolex
nrc_trust,friendship,nrc_emolex
nrc_trust,fulfillment,nrc_emolex
nrc_trust,generosity,nrc_emolex
nrc_trust,generous,nrc_emolex
nrc_trust,genuine,nrc_emolex
nrc_trust,glorify,nrc_emolex
nrc_trust,glory,nrc_emolex
nrc_trust,god,nrc_emolex
nrc_trust,good,nrc_emolex
nrc_trust,goodness,nrc_emolex
nrc_trust,grant,nrc_emolex
nrc_trust,grin,nrc_emolex
nrc_trust,guarantee,nrc_emolex
nrc_trust,gullible,nrc_emolex
nrc_trust,hail,nrc_emolex
nrc_trust,happy,nrc_emolex
nrc_trust,hardy,nrc_emolex
nrc_trust,harmoniously,nrc_emolex
nrc_trust,harmony,nrc_emolex
nrc_trust,heartfelt,nrc_emolex
nrc_trust,heavenly,nrc_emolex
nrc_trust,heavens,nrc_emolex
nrc_trust,helper,nrc_emolex
nrc_trust,helpful,nrc_emolex
nrc_trust,hero,nrc_emolex
nrc_trust,heroic,nrc_emolex
nrc_trust,heroine,nrc_emolex
nrc_trust,heroism,nrc_emolex
nrc_trust,honest,nrc_emolex
nrc_trust,honesty,nrc_emolex
nrc_trust,honor,nrc_emolex
nrc_trust,honorable,nrc_emolex
nrc_trust,hope,nrc_emolex
nrc_trust,hopeful,nrc_emolex
nrc_trust,hug,nrc_emolex
nrc_trust,important,nrc_emolex
nrc_trust,impressionable,nrc_emolex
nrc_trust,improve,nrc_emolex
nrc_trust,improvement,nrc_emolex
nrc_trust,indestructible,nrc_emolex
nrc_trust,influential,nrc_emolex
nrc_trust,innocent,nrc_emolex
nrc_trust,insolvent,nrc_emolex
nrc_trust,inspire,nrc_emolex
nrc_trust,inspired,nrc_emolex
nrc_trust,intact,nrc_emolex
nrc_trust,integrity,nrc_emolex
nrc_trust,intelligence,nrc_emolex
nrc_trust,intelligent,nrc_emolex
nrc_trust,intense,nrc_emolex
nrc_trust,invite,nrc_emolex
nrc_trust,inviting,nrc_emolex
nrc_trust,joyful,nrc_emolex
nrc_trust,jubilant,nrc_emolex
nrc_trust,justice,nrc_emolex
nrc_trust,kind,nrc_emolex
nrc_trust,landmark,nrc_emolex
nrc_trust,leading,nrc_emolex
nrc_trust,legal,nrc_emolex
nrc_trust,liberty,nrc_emolex
nrc_trust,liking,nrc_emolex
nrc_trust,lovable,nrc_emolex
nrc_trust,lovely,nrc_emolex
nrc_trust,lover,nrc_emolex
nrc_trust,loving,nrc_emolex
nrc_trust,loyal,nrc_emolex
nrc_trust,loyalty,nrc_emolex
nrc_trust,magnificence,nrc_emolex
nrc_trust,magnificent,nrc_emolex
nrc_trust,medal,nrc_emolex
nrc_trust,memorable,nrc_emolex
nrc_trust,merit,nrc_emolex
nrc_trust,meritorious,nrc_emolex
nrc_trust,miracle,nrc_emolex
nrc_trust,mislead,nrc_emolex
nrc_trust,noble,nrc_emolex
nrc_trust,notable,nrc_emolex
nrc_trust,nurture,nrc_emolex
nrc_trust,optimism,nrc_emolex
nrc_trust,optimist,nrc_emolex
nrc_trust,passion,nrc_emolex
nrc_trust,passionate,nrc_emolex
nrc_trust,pay,nrc_emolex
nrc_trust,peace,nrc_emolex
nrc_trust,peaceful,nrc_emolex
nrc_trust,perfect,nrc_emolex
nrc_trust,perfection,nrc_emolex
nrc_trust,playful,nrc_emolex
nrc_trust,pleasant,nrc_emolex
nrc_trust,powerful,nrc_emolex
nrc_trust,praise,nrc_emolex
nrc_trust,praiseworthy,nrc_emolex
nrc_trust,pray,nrc_emolex
nrc_trust,prepared,nrc_emolex
nrc_trust,pretty,nrc_emolex
nrc_trust,privileged,nrc_emolex
nrc_trust,promise,nrc_emolex
nrc_trust,protected,nrc_emolex
nrc_trust,proud,nrc_emolex
nrc_trust,radiance,nrc_emolex
nrc_trust,readiness,nrc_emolex
nrc_trust,reassurance,nrc_emolex
nrc_trust,reassure,nrc_emolex
nrc_trust,recommend,nrc_emolex
nrc_trust,rejoice,nrc_emolex
nrc_trust,reliability,nrc_emolex
nrc_trust,reliable,nrc_emolex
nrc_trust,remarkable,nrc_emolex
nrc_trust,rescue,nrc_emolex
nrc_trust,respect,nrc_emolex
nrc_trust,respectable,nrc_emolex
nrc_trust,respectful,nrc_emolex
nrc_trust,respects,nrc_emolex
nrc_trust,responsible,nrc_emolex
nrc_trust,responsive,nrc_emolex
nrc_trust,reward,nrc_emolex
nrc_trust,romance,nrc_emolex
nrc_trust,romantic,nrc_emolex
nrc_trust,sadness,nrc_emolex
nrc_trust,safe,nrc_emolex
nrc_trust,safeguard,nrc_emolex
nrc_trust,safekeeping,nrc_emolex
nrc_trust,salvation,nrc_emolex
nrc_trust,sappy,nrc_emolex
nrc_trust,save,nrc_emolex
nrc_trust,sceptical,nrc_emolex
nrc_trust,securities,nrc_emolex
nrc_trust,serene,nrc_emolex
nrc_trust,share,nrc_emolex
nrc_trust,sincere,nrc_emolex
nrc_trust,smile,nrc_emolex
nrc_trust,solidarity,nrc_emolex
nrc_trust,soothing,nrc_emolex
nrc_trust,spotless,nrc_emolex
nrc_trust,stable,nrc_emolex
nrc_trust,stamina,nrc_emolex
nrc_trust,steadfast,nrc_emolex
nrc_trust,strength,nrc_emolex
nrc_trust,strengthening,nrc_emolex
nrc_trust,succeed,nrc_emolex
nrc_trust,succeeding,nrc_emolex
nrc_trust,successful,nrc_emolex
nrc_trust,supporter,nrc_emolex
nrc_trust,supporting,nrc_emolex
nrc_trust,supremacy,nrc_emolex
nrc_trust,surety,nrc_emolex
nrc_trust,swear,nrc_emolex
nrc_trust,sweet,nrc_emolex
nrc_trust,sweetheart,nrc_emolex
nrc_trust,sympathetic,nrc_emolex
nrc_trust,tender,nrc_emolex
nrc_trust,thoughtful,nrc_emolex
nrc_trust,top,nrc_emolex
nrc_trust,toughness,nrc_emolex
nrc_trust,tranquility,nrc_emolex
nrc_trust,treasure,nrc_emolex
nrc_trust,treasurer,nrc_emolex
nrc_trust,treat,nrc_emolex
nrc_trust,triumphant,nrc_emolex
nrc_trust,true,nrc_emolex
nrc_trust,trust,nrc_emolex
nrc_trust,trustee,nrc_emolex
nrc_trust,truth,nrc_emolex
nrc_trust,truthful,nrc_emolex
nrc_trust,truthfulness,nrc_emolex
nrc_trust,united,nrc_emolex
nrc_trust,victory,nrc_emolex
nrc_trust,vigilant,nrc_emolex
nrc_trust,virtue,nrc_emolex
nrc_trust,virtuous,nrc_emolex
nrc_trust,visionary,nrc_emolex
nrc_trust,vitality,nrc_emolex
nrc_trust,warn,nrc_emolex
nrc_trust,wealth,nrc_emolex
nrc_trust,winning,nrc_emolex
nrc_trust,wisdom,nrc_emolex
nrc_trust,wonderful,nrc_emolex
nrc_trust,worship,nrc_emolex
nrc_trust,worthy,nrc_emolex
nrc_trust,yearning,nrc_emolex
nrc_trust,zealous,nrc_emolex
